sija;hinta_sis_alv;hinta_alv0;urakkasumma_alv0;materiaalit_osto_alv0;materiaalit_alv0;laudoitus;raystas;homeenesto;maalinpoisto;pohjamaalaus;varinvaihto;maasto;korkeus;seinapinta_m2;maalit_l;tyo_h;kesto_pv
1;4547,13;3623,21;1473,48;501,24;375,93;Panelointi;Umpiräystäs;ei;Ei maalinpoistoa;Ei pohjamaalausta;ei;Tasainen;Keskitaso;174,50;36,54;46,68;2,92
2;4729,26;3768,33;1526,89;542,47;406,86;Panelointi;Avoräystäs;ei;Ei maalinpoistoa;Ei pohjamaalausta;ei;Tasainen;Keskitaso;174,50;37,69;48,38;3,02
3;4755,26;3789,05;1532,55;551,06;413,29;Rimalaudoitus;Umpiräystäs;ei;Ei maalinpoistoa;Ei pohjamaalausta;ei;Tasainen;Keskitaso;187,59;38,59;48,56;3,03
4;4829,77;3848,42;1563,49;556,17;417,13;Panelointi;Umpiräystäs;ei;Helppo, 2 seinää;Ei pohjamaalausta;ei;Tasainen;Keskitaso;174,50;36,54;49,54;3,10
5;4875,23;3884,64;1603,47;531,24;398,43;Panelointi;Umpiräystäs;ei;Ei maalinpoistoa;Ei pohjamaalausta;ei;Tasainen;Korkea;174,50;36,54;50,80;3,18
6;4875,23;3884,64;1603,47;531,24;398,43;Panelointi;Umpiräystäs;ei;Ei maalinpoistoa;Ei pohjamaalausta;ei;Lievä rinne;Keskitaso;174,50;36,54;50,80;3,18
7;4875,67;3885,00;1603,68;531,24;398,43;Panelointi;Umpiräystäs;kyllä;Ei maalinpoistoa;Ei pohjamaalausta;ei;Tasainen;Keskitaso;174,50;36,54;50,81;3,18
8;4887,55;3894,46;1585,96;562,29;421,72;Rimalaudoitus;Avoräystäs;ei;Ei maalinpoistoa;Ei pohjamaalausta;ei;Tasainen;Keskitaso;187,59;39,75;50,25;3,14
9;4925,78;3924,93;1608,50;556,17;417,13;Panelointi;Umpiräystäs;ei;Vaikea, 2 seinää;Ei pohjamaalausta;ei;Tasainen;Keskitaso;174,50;36,54;50,96;3,19
10;4961,56;3953,44;1616,90;567,40;425,55;Panelointi;Avoräystäs;ei;Helppo, 2 seinää;Ei pohjamaalausta;ei;Tasainen;Keskitaso;174,50;37,69;51,23;3,20
11;5004,54;3987,68;1629,31;577,86;433,39;Rimalaudoitus;Umpiräystäs;ei;Helppo, 2 seinää;Ei pohjamaalausta;ei;Tasainen;Keskitaso;187,59;38,59;51,62;3,23
12;5007,16;3989,77;1657,08;542,47;406,86;Panelointi;Avoräystäs;kyllä;Ei maalinpoistoa;Ei pohjamaalausta;ei;Tasainen;Keskitaso;174,50;37,69;52,50;3,28
13;5018,04;3998,44;1662,22;542,47;406,86;Panelointi;Avoräystäs;ei;Ei maalinpoistoa;Ei pohjamaalausta;ei;Tasainen;Korkea;174,50;37,69;52,66;3,29
14;5018,04;3998,44;1662,22;542,47;406,86;Panelointi;Avoräystäs;ei;Ei maalinpoistoa;Ei pohjamaalausta;ei;Lievä rinne;Keskitaso;174,50;37,69;52,66;3,29
15;5032,79;4010,19;1662,75;551,06;413,29;Rimalaudoitus;Umpiräystäs;kyllä;Ei maalinpoistoa;Ei pohjamaalausta;ei;Tasainen;Keskitaso;187,59;38,59;52,68;3,29
16;5044,85;4019,80;1668,45;551,06;413,29;Rimalaudoitus;Umpiräystäs;ei;Ei maalinpoistoa;Ei pohjamaalausta;ei;Tasainen;Korkea;187,59;38,59;52,86;3,30
17;5044,85;4019,80;1668,45;551,06;413,29;Rimalaudoitus;Umpiräystäs;ei;Ei maalinpoistoa;Ei pohjamaalausta;ei;Lievä rinne;Keskitaso;187,59;38,59;52,86;3,30
18;5056,94;4029,44;1661,91;567,40;425,55;Panelointi;Avoräystäs;ei;Vaikea, 2 seinää;Ei pohjamaalausta;ei;Tasainen;Keskitaso;174,50;37,69;52,65;3,29
19;5060,89;4032,59;1653,50;581,10;435,82;Panelointi;Umpiräystäs;ei;Helppo, 4 seinää;Ei pohjamaalausta;ei;Tasainen;Keskitaso;174,50;36,54;52,39;3,27
20;5106,26;4068,74;1693,69;556,17;417,13;Panelointi;Umpiräystäs;kyllä;Helppo, 2 seinää;Ei pohjamaalausta;ei;Tasainen;Keskitaso;174,50;36,54;53,66;3,35
21;5106,84;4069,19;1677,70;577,86;433,39;Rimalaudoitus;Umpiräystäs;ei;Vaikea, 2 seinää;Ei pohjamaalausta;ei;Tasainen;Keskitaso;187,59;38,59;53,15;3,32
22;5122,16;4081,40;1670,38;597,30;447,97;Lomalaudoitus;Umpiräystäs;ei;Ei maalinpoistoa;Ei pohjamaalausta;ei;Tasainen;Keskitaso;218,13;43,39;52,92;3,31
23;5122,82;4081,92;1667,35;601,75;451,31;Panelointi;Umpiräystäs;ei;Ei maalinpoistoa;Pohjamaalaus, 2 seinää;ei;Tasainen;Keskitaso;174,50;44,37;52,83;3,30
24;5124,80;4083,51;1702,48;556,17;417,13;Panelointi;Umpiräystäs;ei;Helppo, 2 seinää;Ei pohjamaalausta;ei;Tasainen;Korkea;174,50;36,54;53,94;3,37
25;5124,80;4083,51;1702,48;556,17;417,13;Panelointi;Umpiräystäs;ei;Helppo, 2 seinää;Ei pohjamaalausta;ei;Lievä rinne;Keskitaso;174,50;36,54;53,94;3,37
26;5135,19;4091,78;1682,72;589,09;441,82;Rimalaudoitus;Avoräystäs;ei;Helppo, 2 seinää;Ei pohjamaalausta;ei;Tasainen;Keskitaso;187,59;39,75;53,31;3,33
27;5163,25;4114,14;1716,15;562,29;421,72;Rimalaudoitus;Avoräystäs;kyllä;Ei maalinpoistoa;Ei pohjamaalausta;ei;Tasainen;Keskitaso;187,59;39,75;54,37;3,40
28;5178,00;4125,89;1746,46;531,24;398,43;Panelointi;Umpiräystäs;ei;Ei maalinpoistoa;Ei pohjamaalausta;ei;Lievä rinne;Korkea;174,50;36,54;55,33;3,46
29;5178,47;4126,27;1746,69;531,24;398,43;Panelointi;Umpiräystäs;kyllä;Ei maalinpoistoa;Ei pohjamaalausta;ei;Tasainen;Korkea;174,50;36,54;55,34;3,46
30;5178,47;4126,27;1746,69;531,24;398,43;Panelointi;Umpiräystäs;kyllä;Ei maalinpoistoa;Ei pohjamaalausta;ei;Lievä rinne;Keskitaso;174,50;36,54;55,34;3,46
31;5186,45;4132,63;1727,20;562,29;421,72;Rimalaudoitus;Avoräystäs;ei;Ei maalinpoistoa;Ei pohjamaalausta;ei;Tasainen;Korkea;187,59;39,75;54,72;3,42
32;5186,45;4132,63;1727,20;562,29;421,72;Rimalaudoitus;Avoräystäs;ei;Ei maalinpoistoa;Ei pohjamaalausta;ei;Lievä rinne;Keskitaso;187,59;39,75;54,72;3,42
33;5191,17;4136,39;1706,91;592,33;444,25;Panelointi;Avoräystäs;ei;Helppo, 4 seinää;Ei pohjamaalausta;ei;Tasainen;Keskitaso;174,50;37,69;54,08;3,38
34;5200,95;4144,19;1738,69;556,17;417,13;Panelointi;Umpiräystäs;kyllä;Vaikea, 2 seinää;Ei pohjamaalausta;ei;Tasainen;Keskitaso;174,50;36,54;55,09;3,44
35;5228,84;4166,41;1751,99;556,17;417,13;Panelointi;Umpiräystäs;ei;Vaikea, 2 seinää;Ei pohjamaalausta;ei;Tasainen;Korkea;174,50;36,54;55,51;3,47
36;5228,84;4166,41;1751,99;556,17;417,13;Panelointi;Umpiräystäs;ei;Vaikea, 2 seinää;Ei pohjamaalausta;ei;Lievä rinne;Keskitaso;174,50;36,54;55,51;3,47
37;5236,24;4172,30;1747,10;567,40;425,55;Panelointi;Avoräystäs;kyllä;Helppo, 2 seinää;Ei pohjamaalausta;ei;Tasainen;Keskitaso;174,50;37,69;55,35;3,46
38;5236,81;4172,76;1731,10;589,09;441,82;Rimalaudoitus;Avoräystäs;ei;Vaikea, 2 seinää;Ei pohjamaalausta;ei;Tasainen;Keskitaso;187,59;39,75;54,85;3,43
39;5250,26;4183,47;1743,52;581,10;435,82;Panelointi;Umpiräystäs;ei;Vaikea, 4 seinää;Ei pohjamaalausta;ei;Tasainen;Keskitaso;174,50;36,54;55,24;3,45
40;5250,73;4183,85;1726,08;604,65;453,49;Rimalaudoitus;Umpiräystäs;ei;Helppo, 4 seinää;Ei pohjamaalausta;ei;Tasainen;Keskitaso;187,59;38,59;54,69;3,42
41;5252,04;4184,89;1723,79;608,53;456,40;Lomalaudoitus;Avoräystäs;ei;Ei maalinpoistoa;Ei pohjamaalausta;ei;Tasainen;Keskitaso;218,13;44,55;54,62;3,41
42;5252,69;4185,41;1720,76;612,99;459,74;Panelointi;Avoräystäs;ei;Ei maalinpoistoa;Pohjamaalaus, 2 seinää;ei;Tasainen;Keskitaso;174,50;45,53;54,52;3,41
43;5265,84;4195,89;1761,23;567,40;425,55;Panelointi;Avoräystäs;ei;Helppo, 2 seinää;Ei pohjamaalausta;ei;Tasainen;Korkea;174,50;37,69;55,80;3,49
44;5265,84;4195,89;1761,23;567,40;425,55;Panelointi;Avoräystäs;ei;Helppo, 2 seinää;Ei pohjamaalausta;ei;Lievä rinne;Keskitaso;174,50;37,69;55,80;3,49
45;5278,64;4206,08;1759,51;577,86;433,39;Rimalaudoitus;Umpiräystäs;kyllä;Helppo, 2 seinää;Ei pohjamaalausta;ei;Tasainen;Keskitaso;187,59;38,59;55,75;3,48
46;5286,96;4212,72;1798,46;531,24;398,43;Panelointi;Umpiräystäs;ei;Ei maalinpoistoa;Ei pohjamaalausta;ei;Haastava;Keskitaso;174,50;36,54;56,98;3,56
47;5310,76;4231,68;1774,89;577,86;433,39;Rimalaudoitus;Umpiräystäs;ei;Helppo, 2 seinää;Ei pohjamaalausta;ei;Tasainen;Korkea;187,59;38,59;56,23;3,51
48;5310,76;4231,68;1774,89;577,86;433,39;Rimalaudoitus;Umpiräystäs;ei;Helppo, 2 seinää;Ei pohjamaalausta;ei;Lievä rinne;Keskitaso;187,59;38,59;56,23;3,51
49;5316,66;4236,38;1740,96;626,86;470,14;Rimalaudoitus;Umpiräystäs;ei;Ei maalinpoistoa;Pohjamaalaus, 2 seinää;ei;Tasainen;Keskitaso;187,59;47,02;55,16;3,45
50;5319,13;4238,35;1805,43;542,47;406,86;Panelointi;Avoräystäs;kyllä;Ei maalinpoistoa;Ei pohjamaalausta;ei;Tasainen;Korkea;174,50;37,69;57,20;3,58
51;5319,13;4238,35;1805,43;542,47;406,86;Panelointi;Avoräystäs;kyllä;Ei maalinpoistoa;Ei pohjamaalausta;ei;Lievä rinne;Keskitaso;174,50;37,69;57,20;3,58
52;5330,32;4247,27;1792,10;567,40;425,55;Panelointi;Avoräystäs;kyllä;Vaikea, 2 seinää;Ei pohjamaalausta;ei;Tasainen;Keskitaso;174,50;37,69;56,78;3,55
53;5330,91;4247,74;1811,08;542,47;406,86;Panelointi;Avoräystäs;ei;Ei maalinpoistoa;Ei pohjamaalausta;ei;Lievä rinne;Korkea;174,50;37,69;57,38;3,59
54;5334,22;4250,37;1783,70;581,10;435,82;Panelointi;Umpiräystäs;kyllä;Helppo, 4 seinää;Ei pohjamaalausta;ei;Tasainen;Keskitaso;174,50;36,54;56,51;3,53
55;5345,55;4259,40;1811,66;551,06;413,29;Rimalaudoitus;Umpiräystäs;kyllä;Ei maalinpoistoa;Ei pohjamaalausta;ei;Tasainen;Korkea;187,59;38,59;57,40;3,59
56;5345,55;4259,40;1811,66;551,06;413,29;Rimalaudoitus;Umpiräystäs;kyllä;Ei maalinpoistoa;Ei pohjamaalausta;ei;Lievä rinne;Keskitaso;187,59;38,59;57,40;3,59
57;5350,58;4263,41;1757,36;626,68;470,01;Panelointi;Umpiräystäs;ei;Helppo, 2 seinää;Pohjamaalaus, 2 seinää;ei;Tasainen;Keskitaso;174,50;44,37;55,68;3,48
58;5358,61;4269,81;1817,93;551,06;413,29;Rimalaudoitus;Umpiräystäs;ei;Ei maalinpoistoa;Ei pohjamaalausta;ei;Lievä rinne;Korkea;187,59;38,59;57,60;3,60
59;5369,15;4278,21;1810,74;567,40;425,55;Panelointi;Avoräystäs;ei;Vaikea, 2 seinää;Ei pohjamaalausta;ei;Tasainen;Korkea;174,50;37,69;57,37;3,59
60;5369,15;4278,21;1810,74;567,40;425,55;Panelointi;Avoräystäs;ei;Vaikea, 2 seinää;Ei pohjamaalausta;ei;Lievä rinne;Keskitaso;174,50;37,69;57,37;3,59
61;5371,29;4279,91;1801,50;581,10;435,82;Panelointi;Umpiräystäs;ei;Helppo, 4 seinää;Ei pohjamaalausta;ei;Tasainen;Korkea;174,50;36,54;57,08;3,57
62;5371,29;4279,91;1801,50;581,10;435,82;Panelointi;Umpiräystäs;ei;Helppo, 4 seinää;Ei pohjamaalausta;ei;Lievä rinne;Keskitaso;174,50;36,54;57,08;3,57
63;5379,31;4286,30;1796,92;592,33;444,25;Panelointi;Avoräystäs;ei;Vaikea, 4 seinää;Ei pohjamaalausta;ei;Tasainen;Keskitaso;174,50;37,69;56,93;3,56
64;5379,54;4286,49;1807,89;577,86;433,39;Rimalaudoitus;Umpiräystäs;kyllä;Vaikea, 2 seinää;Ei pohjamaalausta;ei;Tasainen;Keskitaso;187,59;38,59;57,28;3,58
65;5379,78;4286,68;1779,48;615,89;461,92;Rimalaudoitus;Avoräystäs;ei;Helppo, 4 seinää;Ei pohjamaalausta;ei;Tasainen;Keskitaso;187,59;39,75;56,38;3,52
66;5394,66;4298,53;1800,58;597,30;447,97;Lomalaudoitus;Umpiräystäs;kyllä;Ei maalinpoistoa;Ei pohjamaalausta;ei;Tasainen;Keskitaso;218,13;43,39;57,05;3,57
67;5395,30;4299,05;1797,55;601,75;451,31;Panelointi;Umpiräystäs;kyllä;Ei maalinpoistoa;Pohjamaalaus, 2 seinää;ei;Tasainen;Keskitaso;174,50;44,37;56,95;3,56
68;5406,48;4307,95;1782,90;628,46;471,35;Lomalaudoitus;Umpiräystäs;ei;Helppo, 2 seinää;Ei pohjamaalausta;ei;Tasainen;Keskitaso;218,13;43,39;56,49;3,53
69;5407,51;4308,77;1812,92;589,09;441,82;Rimalaudoitus;Avoräystäs;kyllä;Helppo, 2 seinää;Ei pohjamaalausta;ei;Tasainen;Keskitaso;187,59;39,75;57,44;3,59
70;5421,55;4319,96;1828,11;577,86;433,39;Rimalaudoitus;Umpiräystäs;ei;Vaikea, 2 seinää;Ei pohjamaalausta;ei;Tasainen;Korkea;187,59;38,59;57,92;3,62
71;5421,55;4319,96;1828,11;577,86;433,39;Rimalaudoitus;Umpiräystäs;ei;Vaikea, 2 seinää;Ei pohjamaalausta;ei;Lievä rinne;Keskitaso;187,59;38,59;57,92;3,62
72;5424,31;4322,16;1845,70;556,17;417,13;Panelointi;Umpiräystäs;kyllä;Helppo, 2 seinää;Ei pohjamaalausta;ei;Tasainen;Korkea;174,50;36,54;58,48;3,65
73;5424,31;4322,16;1845,70;556,17;417,13;Panelointi;Umpiräystäs;kyllä;Helppo, 2 seinää;Ei pohjamaalausta;ei;Lievä rinne;Keskitaso;174,50;36,54;58,48;3,65
74;5435,12;4330,77;1820,06;597,30;447,97;Lomalaudoitus;Umpiräystäs;ei;Ei maalinpoistoa;Ei pohjamaalausta;ei;Tasainen;Korkea;218,13;43,39;57,67;3,60
75;5435,12;4330,77;1820,06;597,30;447,97;Lomalaudoitus;Umpiräystäs;ei;Ei maalinpoistoa;Ei pohjamaalausta;ei;Lievä rinne;Keskitaso;218,13;43,39;57,67;3,60
76;5435,14;4330,79;1816,73;601,75;451,31;Panelointi;Umpiräystäs;ei;Ei maalinpoistoa;Pohjamaalaus, 2 seinää;ei;Tasainen;Korkea;174,50;44,37;57,56;3,60
77;5435,14;4330,79;1816,73;601,75;451,31;Panelointi;Umpiräystäs;ei;Ei maalinpoistoa;Pohjamaalaus, 2 seinää;ei;Lievä rinne;Keskitaso;174,50;44,37;57,56;3,60
78;5443,49;4337,44;1865,21;542,47;406,86;Panelointi;Avoräystäs;ei;Ei maalinpoistoa;Ei pohjamaalausta;ei;Haastava;Keskitaso;174,50;37,69;59,10;3,69
79;5444,13;4337,95;1802,37;626,68;470,01;Panelointi;Umpiräystäs;ei;Vaikea, 2 seinää;Pohjamaalaus, 2 seinää;ei;Tasainen;Keskitaso;174,50;44,37;57,10;3,57
80;5444,38;4338,15;1855,37;556,17;417,13;Panelointi;Umpiräystäs;ei;Helppo, 2 seinää;Ei pohjamaalausta;ei;Lievä rinne;Korkea;174,50;36,54;58,78;3,67
81;5445,29;4338,88;1794,37;638,09;478,57;Rimalaudoitus;Avoräystäs;ei;Ei maalinpoistoa;Pohjamaalaus, 2 seinää;ei;Tasainen;Keskitaso;187,59;48,17;56,85;3,55
82;5450,50;4343,03;1833,63;589,09;441,82;Rimalaudoitus;Avoräystäs;ei;Helppo, 2 seinää;Ei pohjamaalausta;ei;Tasainen;Korkea;187,59;39,75;58,10;3,63
83;5450,50;4343,03;1833,63;589,09;441,82;Rimalaudoitus;Avoräystäs;ei;Helppo, 2 seinää;Ei pohjamaalausta;ei;Lievä rinne;Keskitaso;187,59;39,75;58,10;3,63
84;5452,32;4344,48;1822,84;604,65;453,49;Rimalaudoitus;Umpiräystäs;ei;Vaikea, 4 seinää;Ei pohjamaalausta;ei;Tasainen;Keskitaso;187,59;38,59;57,75;3,61
85;5462,74;4352,78;1837,11;592,33;444,25;Panelointi;Avoräystäs;kyllä;Helppo, 4 seinää;Ei pohjamaalausta;ei;Tasainen;Keskitaso;174,50;37,69;58,21;3,64
86;5471,50;4359,76;1872,29;551,06;413,29;Rimalaudoitus;Umpiräystäs;ei;Ei maalinpoistoa;Ei pohjamaalausta;ei;Haastava;Keskitaso;187,59;38,59;59,32;3,71
87;5479,00;4365,73;1810,77;637,91;478,44;Panelointi;Avoräystäs;ei;Helppo, 2 seinää;Pohjamaalaus, 2 seinää;ei;Tasainen;Keskitaso;174,50;45,53;57,37;3,59
88;5485,05;4370,56;1870,41;562,29;421,72;Rimalaudoitus;Avoräystäs;kyllä;Ei maalinpoistoa;Ei pohjamaalausta;ei;Tasainen;Korkea;187,59;39,75;59,26;3,70
89;5485,05;4370,56;1870,41;562,29;421,72;Rimalaudoitus;Avoräystäs;kyllä;Ei maalinpoistoa;Ei pohjamaalausta;ei;Lievä rinne;Keskitaso;187,59;39,75;59,26;3,70
90;5506,35;4387,53;1904,00;531,24;398,43;Panelointi;Umpiräystäs;kyllä;Ei maalinpoistoa;Ei pohjamaalausta;ei;Lievä rinne;Korkea;174,50;36,54;60,32;3,77
91;5507,77;4388,66;1861,30;589,09;441,82;Rimalaudoitus;Avoräystäs;kyllä;Vaikea, 2 seinää;Ei pohjamaalausta;ei;Tasainen;Keskitaso;187,59;39,75;58,97;3,69
92;5510,17;4390,57;1882,56;562,29;421,72;Rimalaudoitus;Avoräystäs;ei;Ei maalinpoistoa;Ei pohjamaalausta;ei;Lievä rinne;Korkea;187,59;39,75;59,65;3,73
93;5510,62;4390,93;1860,24;592,33;444,25;Panelointi;Avoräystäs;ei;Helppo, 4 seinää;Ei pohjamaalausta;ei;Tasainen;Korkea;174,50;37,69;58,94;3,68
94;5510,62;4390,93;1860,24;592,33;444,25;Panelointi;Avoräystäs;ei;Helppo, 4 seinää;Ei pohjamaalausta;ei;Lievä rinne;Keskitaso;174,50;37,69;58,94;3,68
95;5521,04;4399,23;1873,71;581,10;435,82;Panelointi;Umpiräystäs;kyllä;Vaikea, 4 seinää;Ei pohjamaalausta;ei;Tasainen;Keskitaso;174,50;36,54;59,37;3,71
96;5521,51;4399,61;1856,27;604,65;453,49;Rimalaudoitus;Umpiräystäs;kyllä;Helppo, 4 seinää;Ei pohjamaalausta;ei;Tasainen;Keskitaso;187,59;38,59;58,81;3,68
97;5522,79;4400,63;1853,98;608,53;456,40;Lomalaudoitus;Avoräystäs;kyllä;Ei maalinpoistoa;Ei pohjamaalausta;ei;Tasainen;Keskitaso;218,13;44,55;58,74;3,67
98;5523,03;4400,82;1839,15;628,46;471,35;Lomalaudoitus;Umpiräystäs;ei;Vaikea, 2 seinää;Ei pohjamaalausta;ei;Tasainen;Keskitaso;218,13;43,39;58,27;3,64
99;5523,43;4401,14;1850,95;612,99;459,74;Panelointi;Avoräystäs;kyllä;Ei maalinpoistoa;Pohjamaalaus, 2 seinää;ei;Tasainen;Keskitaso;174,50;45,53;58,64;3,67
100;5526,81;4403,84;1895,20;556,17;417,13;Panelointi;Umpiräystäs;kyllä;Vaikea, 2 seinää;Ei pohjamaalausta;ei;Tasainen;Korkea;174,50;36,54;60,05;3,75
101;5526,81;4403,84;1895,20;556,17;417,13;Panelointi;Umpiräystäs;kyllä;Vaikea, 2 seinää;Ei pohjamaalausta;ei;Lievä rinne;Keskitaso;174,50;36,54;60,05;3,75
102;5534,54;4409,99;1836,30;639,70;479,77;Lomalaudoitus;Avoräystäs;ei;Helppo, 2 seinää;Ei pohjamaalausta;ei;Tasainen;Keskitaso;218,13;44,55;58,18;3,64
103;5557,00;4427,89;1909,83;556,17;417,13;Panelointi;Umpiräystäs;ei;Vaikea, 2 seinää;Ei pohjamaalausta;ei;Lievä rinne;Korkea;174,50;36,54;60,51;3,78
104;5559,08;4429,55;1837,72;653,66;490,24;Rimalaudoitus;Umpiräystäs;ei;Helppo, 2 seinää;Pohjamaalaus, 2 seinää;ei;Tasainen;Keskitaso;187,59;47,02;58,22;3,64
105;5559,35;4429,76;1910,97;556,17;417,13;Panelointi;Umpiräystäs;ei;Helppo, 2 seinää;Ei pohjamaalausta;ei;Haastava;Keskitaso;174,50;36,54;60,55;3,78
106;5560,53;4430,70;1886,85;589,09;441,82;Rimalaudoitus;Avoräystäs;ei;Vaikea, 2 seinää;Ei pohjamaalausta;ei;Tasainen;Korkea;187,59;39,75;59,78;3,74
107;5560,53;4430,70;1886,85;589,09;441,82;Rimalaudoitus;Avoräystäs;ei;Vaikea, 2 seinää;Ei pohjamaalausta;ei;Lievä rinne;Keskitaso;187,59;39,75;59,78;3,74
108;5563,27;4432,88;1904,45;567,40;425,55;Panelointi;Avoräystäs;kyllä;Helppo, 2 seinää;Ei pohjamaalausta;ei;Tasainen;Korkea;174,50;37,69;60,34;3,77
109;5563,27;4432,88;1904,45;567,40;425,55;Panelointi;Avoräystäs;kyllä;Helppo, 2 seinää;Ei pohjamaalausta;ei;Lievä rinne;Keskitaso;174,50;37,69;60,34;3,77
110;5571,95;4439,80;1855,77;637,91;478,44;Panelointi;Avoräystäs;ei;Vaikea, 2 seinää;Pohjamaalaus, 2 seinää;ei;Tasainen;Keskitaso;174,50;45,53;58,80;3,67
111;5573,20;4440,80;1881,32;604,65;453,49;Rimalaudoitus;Umpiräystäs;ei;Helppo, 4 seinää;Ei pohjamaalausta;ei;Tasainen;Korkea;187,59;38,59;59,61;3,73
112;5573,20;4440,80;1881,32;604,65;453,49;Rimalaudoitus;Umpiräystäs;ei;Helppo, 4 seinää;Ei pohjamaalausta;ei;Lievä rinne;Keskitaso;187,59;38,59;59,61;3,73
113;5574,01;4441,44;1878,81;608,53;456,40;Lomalaudoitus;Avoräystäs;ei;Ei maalinpoistoa;Ei pohjamaalausta;ei;Tasainen;Korkea;218,13;44,55;59,53;3,72
114;5574,01;4441,44;1878,81;608,53;456,40;Lomalaudoitus;Avoräystäs;ei;Ei maalinpoistoa;Ei pohjamaalausta;ei;Lievä rinne;Keskitaso;218,13;44,55;59,53;3,72
115;5574,02;4441,45;1875,48;612,99;459,74;Panelointi;Avoräystäs;ei;Ei maalinpoistoa;Pohjamaalaus, 2 seinää;ei;Tasainen;Korkea;174,50;45,53;59,42;3,71
116;5574,02;4441,45;1875,48;612,99;459,74;Panelointi;Avoräystäs;ei;Ei maalinpoistoa;Pohjamaalaus, 2 seinää;ei;Lievä rinne;Keskitaso;174,50;45,53;59,42;3,71
117;5575,81;4442,87;1847,37;651,61;488,71;Panelointi;Umpiräystäs;ei;Helppo, 4 seinää;Pohjamaalaus, 2 seinää;ei;Tasainen;Keskitaso;174,50;44,37;58,53;3,66
118;5576,32;4443,28;1900,51;581,10;435,82;Panelointi;Umpiräystäs;ei;Vaikea, 4 seinää;Ei pohjamaalausta;ei;Tasainen;Korkea;174,50;36,54;60,21;3,76
119;5576,32;4443,28;1900,51;581,10;435,82;Panelointi;Umpiräystäs;ei;Vaikea, 4 seinää;Ei pohjamaalausta;ei;Lievä rinne;Keskitaso;174,50;36,54;60,21;3,76
120;5580,09;4446,29;1876,24;615,89;461,92;Rimalaudoitus;Avoräystäs;ei;Vaikea, 4 seinää;Ei pohjamaalausta;ei;Tasainen;Keskitaso;187,59;39,75;59,45;3,72
121;5586,56;4451,44;1871,16;626,86;470,14;Rimalaudoitus;Umpiräystäs;kyllä;Ei maalinpoistoa;Pohjamaalaus, 2 seinää;ei;Tasainen;Keskitaso;187,59;47,02;59,28;3,71
122;5595,30;4458,41;1919,99;567,40;425,55;Panelointi;Avoräystäs;ei;Helppo, 2 seinää;Ei pohjamaalausta;ei;Lievä rinne;Korkea;174,50;37,69;60,83;3,80
123;5607,54;4468,16;1918,10;577,86;433,39;Rimalaudoitus;Umpiräystäs;kyllä;Helppo, 2 seinää;Ei pohjamaalausta;ei;Tasainen;Korkea;187,59;38,59;60,77;3,80
124;5607,54;4468,16;1918,10;577,86;433,39;Rimalaudoitus;Umpiräystäs;kyllä;Helppo, 2 seinää;Ei pohjamaalausta;ei;Lievä rinne;Keskitaso;187,59;38,59;60,77;3,80
125;5620,03;4478,11;1887,56;626,68;470,01;Panelointi;Umpiräystäs;kyllä;Helppo, 2 seinää;Pohjamaalaus, 2 seinää;ei;Tasainen;Keskitaso;174,50;44,37;59,80;3,74
126;5623,74;4481,07;1960,94;531,24;398,43;Panelointi;Umpiräystäs;ei;Ei maalinpoistoa;Ei pohjamaalausta;ei;Haastava;Korkea;174,50;36,54;62,13;3,88
127;5624,27;4481,49;1961,20;531,24;398,43;Panelointi;Umpiräystäs;kyllä;Ei maalinpoistoa;Ei pohjamaalausta;ei;Haastava;Keskitaso;174,50;36,54;62,14;3,88
128;5626,61;4483,36;1939,05;562,29;421,72;Rimalaudoitus;Avoräystäs;ei;Ei maalinpoistoa;Ei pohjamaalausta;ei;Haastava;Keskitaso;187,59;39,75;61,44;3,84
129;5636,17;4490,97;1861,22;672,26;504,20;Panelointi;Umpiräystäs;ei;Ei maalinpoistoa;Pohjamaalaus, 4 seinää;ei;Tasainen;Keskitaso;174,50;52,21;58,97;3,69
130;5641,14;4494,94;1897,70;626,86;470,14;Rimalaudoitus;Umpiräystäs;ei;Ei maalinpoistoa;Pohjamaalaus, 2 seinää;ei;Tasainen;Korkea;187,59;47,02;60,13;3,76
131;5641,14;4494,94;1897,70;626,86;470,14;Rimalaudoitus;Umpiräystäs;ei;Ei maalinpoistoa;Pohjamaalaus, 2 seinää;ei;Lievä rinne;Keskitaso;187,59;47,02;60,13;3,76
132;5642,30;4495,86;1935,02;577,86;433,39;Rimalaudoitus;Umpiräystäs;ei;Helppo, 2 seinää;Ei pohjamaalausta;ei;Lievä rinne;Korkea;187,59;38,59;61,31;3,83
133;5648,38;4500,70;1927,12;592,33;444,25;Panelointi;Avoräystäs;kyllä;Vaikea, 4 seinää;Ei pohjamaalausta;ei;Tasainen;Keskitaso;174,50;37,69;61,06;3,82
134;5648,85;4501,07;1909,68;615,89;461,92;Rimalaudoitus;Avoräystäs;kyllä;Helppo, 4 seinää;Ei pohjamaalausta;ei;Tasainen;Keskitaso;187,59;39,75;60,50;3,78
135;5650,36;4502,28;1892,56;639,70;479,77;Lomalaudoitus;Avoräystäs;ei;Vaikea, 2 seinää;Ei pohjamaalausta;ei;Tasainen;Keskitaso;218,13;44,55;59,96;3,75
136;5656,81;4507,42;1968,62;542,47;406,86;Panelointi;Avoräystäs;kyllä;Ei maalinpoistoa;Ei pohjamaalausta;ei;Lievä rinne;Korkea;174,50;37,69;62,37;3,90
137;5658,60;4508,85;1886,10;653,66;490,24;Rimalaudoitus;Umpiräystäs;ei;Vaikea, 2 seinää;Pohjamaalaus, 2 seinää;ei;Tasainen;Keskitaso;187,59;47,02;59,76;3,73
138;5665,08;4514,01;1953,95;567,40;425,55;Panelointi;Avoräystäs;kyllä;Vaikea, 2 seinää;Ei pohjamaalausta;ei;Tasainen;Korkea;174,50;37,69;61,91;3,87
139;5665,08;4514,01;1953,95;567,40;425,55;Panelointi;Avoräystäs;kyllä;Vaikea, 2 seinää;Ei pohjamaalausta;ei;Lievä rinne;Keskitaso;174,50;37,69;61,91;3,87
140;5667,19;4515,69;1944,71;581,10;435,82;Panelointi;Umpiräystäs;kyllä;Helppo, 4 seinää;Ei pohjamaalausta;ei;Tasainen;Korkea;174,50;36,54;61,61;3,85
141;5667,19;4515,69;1944,71;581,10;435,82;Panelointi;Umpiräystäs;kyllä;Helppo, 4 seinää;Ei pohjamaalausta;ei;Lievä rinne;Keskitaso;174,50;36,54;61,61;3,85
142;5675,02;4521,93;1967,23;556,17;417,13;Panelointi;Umpiräystäs;ei;Vaikea, 2 seinää;Ei pohjamaalausta;ei;Haastava;Keskitaso;174,50;36,54;62,33;3,90
143;5675,20;4522,07;1913,09;628,46;471,35;Lomalaudoitus;Umpiräystäs;kyllä;Helppo, 2 seinää;Ei pohjamaalausta;ei;Tasainen;Keskitaso;218,13;43,39;60,61;3,79
144;5677,89;4524,22;1915,74;626,68;470,01;Panelointi;Umpiräystäs;ei;Helppo, 2 seinää;Pohjamaalaus, 2 seinää;ei;Tasainen;Korkea;174,50;44,37;60,70;3,79
145;5677,89;4524,22;1915,74;626,68;470,01;Panelointi;Umpiräystäs;ei;Helppo, 2 seinää;Pohjamaalaus, 2 seinää;ei;Lievä rinne;Keskitaso;174,50;44,37;60,70;3,79
146;5684,07;4529,14;1975,47;551,06;413,29;Rimalaudoitus;Umpiräystäs;kyllä;Ei maalinpoistoa;Ei pohjamaalausta;ei;Lievä rinne;Korkea;187,59;38,59;62,59;3,91
147;5686,19;4530,83;1891,13;664,89;498,67;Rimalaudoitus;Avoräystäs;ei;Helppo, 2 seinää;Pohjamaalaus, 2 seinää;ei;Tasainen;Keskitaso;187,59;48,17;59,92;3,74
148;5686,86;4531,36;1895,41;659,62;494,72;Lomalaudoitus;Umpiräystäs;ei;Helppo, 4 seinää;Ei pohjamaalausta;ei;Tasainen;Keskitaso;218,13;43,39;60,05;3,75
149;5702,81;4544,07;1900,78;662,84;497,13;Panelointi;Avoräystäs;ei;Helppo, 4 seinää;Pohjamaalaus, 2 seinää;ei;Tasainen;Keskitaso;174,50;45,53;60,22;3,76
150;5707,09;4547,48;1974,45;567,40;425,55;Panelointi;Avoräystäs;ei;Vaikea, 2 seinää;Ei pohjamaalausta;ei;Lievä rinne;Korkea;174,50;37,69;62,56;3,91
151;5707,30;4547,65;1964,29;581,10;435,82;Panelointi;Umpiräystäs;ei;Helppo, 4 seinää;Ei pohjamaalausta;ei;Lievä rinne;Korkea;174,50;36,54;62,23;3,89
152;5711,15;4550,72;1940,07;615,89;461,92;Rimalaudoitus;Avoräystäs;ei;Helppo, 4 seinää;Ei pohjamaalausta;ei;Tasainen;Korkea;187,59;39,75;61,47;3,84
153;5711,15;4550,72;1940,07;615,89;461,92;Rimalaudoitus;Avoräystäs;ei;Helppo, 4 seinää;Ei pohjamaalausta;ei;Lievä rinne;Keskitaso;187,59;39,75;61,47;3,84
154;5712,35;4551,68;1932,56;626,68;470,01;Panelointi;Umpiräystäs;kyllä;Vaikea, 2 seinää;Pohjamaalaus, 2 seinää;ei;Tasainen;Keskitaso;174,50;44,37;61,23;3,83
155;5713,50;4552,59;1924,56;638,09;478,57;Rimalaudoitus;Avoräystäs;kyllä;Ei maalinpoistoa;Pohjamaalaus, 2 seinää;ei;Tasainen;Keskitaso;187,59;48,17;60,98;3,81
156;5713,79;4552,82;1977,73;567,40;425,55;Panelointi;Avoräystäs;ei;Helppo, 2 seinää;Ei pohjamaalausta;ei;Haastava;Keskitaso;174,50;37,69;62,66;3,92
157;5714,25;4553,19;1959,25;592,33;444,25;Panelointi;Avoräystäs;ei;Vaikea, 4 seinää;Ei pohjamaalausta;ei;Tasainen;Korkea;174,50;37,69;62,08;3,88
158;5714,25;4553,19;1959,25;592,33;444,25;Panelointi;Avoräystäs;ei;Vaikea, 4 seinää;Ei pohjamaalausta;ei;Lievä rinne;Keskitaso;174,50;37,69;62,08;3,88
159;5716,73;4555,16;1971,32;577,86;433,39;Rimalaudoitus;Umpiräystäs;kyllä;Vaikea, 2 seinää;Ei pohjamaalausta;ei;Tasainen;Korkea;187,59;38,59;62,46;3,90
160;5716,73;4555,16;1971,32;577,86;433,39;Rimalaudoitus;Umpiräystäs;kyllä;Vaikea, 2 seinää;Ei pohjamaalausta;ei;Lievä rinne;Keskitaso;187,59;38,59;62,46;3,90
161;5720,43;4558,11;1953,03;604,65;453,49;Rimalaudoitus;Umpiräystäs;kyllä;Vaikea, 4 seinää;Ei pohjamaalausta;ei;Tasainen;Keskitaso;187,59;38,59;61,88;3,87
162;5730,10;4565,82;1963,28;597,30;447,97;Lomalaudoitus;Umpiräystäs;kyllä;Ei maalinpoistoa;Ei pohjamaalausta;ei;Tasainen;Korkea;218,13;43,39;62,20;3,89
163;5730,10;4565,82;1963,28;597,30;447,97;Lomalaudoitus;Umpiräystäs;kyllä;Ei maalinpoistoa;Ei pohjamaalausta;ei;Lievä rinne;Keskitaso;218,13;43,39;62,20;3,89
164;5730,12;4565,83;1959,94;601,75;451,31;Panelointi;Umpiräystäs;kyllä;Ei maalinpoistoa;Pohjamaalaus, 2 seinää;ei;Tasainen;Korkea;174,50;44,37;62,10;3,88
165;5730,12;4565,83;1959,94;601,75;451,31;Panelointi;Umpiräystäs;kyllä;Ei maalinpoistoa;Pohjamaalaus, 2 seinää;ei;Lievä rinne;Keskitaso;174,50;44,37;62,10;3,88
166;5738,12;4572,21;1943,83;628,46;471,35;Lomalaudoitus;Umpiräystäs;ei;Helppo, 2 seinää;Ei pohjamaalausta;ei;Tasainen;Korkea;218,13;43,39;61,59;3,85
167;5738,12;4572,21;1943,83;628,46;471,35;Lomalaudoitus;Umpiräystäs;ei;Helppo, 2 seinää;Ei pohjamaalausta;ei;Lievä rinne;Keskitaso;218,13;43,39;61,59;3,85
168;5745,26;4577,90;1976,85;589,09;441,82;Rimalaudoitus;Avoräystäs;kyllä;Helppo, 2 seinää;Ei pohjamaalausta;ei;Tasainen;Korkea;187,59;39,75;62,63;3,91
169;5745,26;4577,90;1976,85;589,09;441,82;Rimalaudoitus;Avoräystäs;kyllä;Helppo, 2 seinää;Ei pohjamaalausta;ei;Lievä rinne;Keskitaso;187,59;39,75;62,63;3,91
170;5746,76;4579,09;1940,96;637,91;478,44;Panelointi;Avoräystäs;kyllä;Helppo, 2 seinää;Pohjamaalaus, 2 seinää;ei;Tasainen;Keskitaso;174,50;45,53;61,50;3,84
171;5760,43;4589,98;1937,39;651,61;488,71;Panelointi;Umpiräystäs;ei;Vaikea, 4 seinää;Pohjamaalaus, 2 seinää;ei;Tasainen;Keskitaso;174,50;44,37;61,38;3,84
172;5761,54;4590,87;1993,24;577,86;433,39;Rimalaudoitus;Umpiräystäs;ei;Helppo, 2 seinää;Ei pohjamaalausta;ei;Haastava;Keskitaso;187,59;38,59;63,15;3,95
173;5761,87;4591,13;1912,72;685,44;514,08;Lomalaudoitus;Umpiräystäs;ei;Ei maalinpoistoa;Pohjamaalaus, 2 seinää;ei;Tasainen;Keskitaso;218,13;53,19;60,60;3,79
174;5762,18;4591,38;1993,56;577,86;433,39;Rimalaudoitus;Umpiräystäs;ei;Vaikea, 2 seinää;Ei pohjamaalausta;ei;Lievä rinne;Korkea;187,59;38,59;63,16;3,95
175;5762,80;4591,87;1914,63;683,50;512,62;Panelointi;Avoräystäs;ei;Ei maalinpoistoa;Pohjamaalaus, 4 seinää;ei;Tasainen;Keskitaso;174,50;53,36;60,66;3,79
176;5768,48;4596,40;2012,91;556,17;417,13;Panelointi;Umpiräystäs;kyllä;Helppo, 2 seinää;Ei pohjamaalausta;ei;Lievä rinne;Korkea;174,50;36,54;63,78;3,99
177;5773,21;4600,17;1981,04;601,75;451,31;Panelointi;Umpiräystäs;ei;Ei maalinpoistoa;Pohjamaalaus, 2 seinää;ei;Lievä rinne;Korkea;174,50;44,37;62,77;3,92
178;5773,88;4600,70;1984,71;597,30;447,97;Lomalaudoitus;Umpiräystäs;ei;Ei maalinpoistoa;Ei pohjamaalausta;ei;Lievä rinne;Korkea;218,13;43,39;62,88;3,93
179;5778,64;4604,50;1956,45;638,09;478,57;Rimalaudoitus;Avoräystäs;ei;Ei maalinpoistoa;Pohjamaalaus, 2 seinää;ei;Tasainen;Korkea;187,59;48,17;61,99;3,87
180;5778,64;4604,50;1956,45;638,09;478,57;Rimalaudoitus;Avoräystäs;ei;Ei maalinpoistoa;Pohjamaalaus, 2 seinää;ei;Lievä rinne;Keskitaso;187,59;48,17;61,99;3,87
181;5779,13;4604,89;1965,25;626,68;470,01;Panelointi;Umpiräystäs;ei;Vaikea, 2 seinää;Pohjamaalaus, 2 seinää;ei;Tasainen;Korkea;174,50;44,37;62,27;3,89
182;5779,13;4604,89;1965,25;626,68;470,01;Panelointi;Umpiräystäs;ei;Vaikea, 2 seinää;Pohjamaalaus, 2 seinää;ei;Lievä rinne;Keskitaso;174,50;44,37;62,27;3,89
183;5785,10;4609,64;1939,51;664,89;498,67;Rimalaudoitus;Avoräystäs;ei;Vaikea, 2 seinää;Pohjamaalaus, 2 seinää;ei;Tasainen;Keskitaso;187,59;48,17;61,45;3,84
184;5790,22;4613,72;1969,35;628,46;471,35;Lomalaudoitus;Umpiräystäs;kyllä;Vaikea, 2 seinää;Ei pohjamaalausta;ei;Tasainen;Keskitaso;218,13;43,39;62,40;3,90
185;5791,36;4614,63;1987,76;604,65;453,49;Rimalaudoitus;Umpiräystäs;ei;Vaikea, 4 seinää;Ei pohjamaalausta;ei;Tasainen;Korkea;187,59;38,59;62,98;3,94
186;5791,36;4614,63;1987,76;604,65;453,49;Rimalaudoitus;Umpiräystäs;ei;Vaikea, 4 seinää;Ei pohjamaalausta;ei;Lievä rinne;Keskitaso;187,59;38,59;62,98;3,94
187;5791,78;4614,96;1999,64;589,09;441,82;Rimalaudoitus;Avoräystäs;ei;Helppo, 2 seinää;Ei pohjamaalausta;ei;Lievä rinne;Korkea;187,59;39,75;63,35;3,96
188;5798,65;4620,44;1934,49;680,45;510,34;Rimalaudoitus;Umpiräystäs;ei;Helppo, 4 seinää;Pohjamaalaus, 2 seinää;ei;Tasainen;Keskitaso;187,59;47,02;61,29;3,83
189;5801,59;4622,78;1966,50;639,70;479,77;Lomalaudoitus;Avoräystäs;kyllä;Helppo, 2 seinää;Ei pohjamaalausta;ei;Tasainen;Keskitaso;218,13;44,55;62,30;3,89
190;5804,52;4625,11;2003,46;592,33;444,25;Panelointi;Avoräystäs;kyllä;Helppo, 4 seinää;Ei pohjamaalausta;ei;Tasainen;Korkea;174,50;37,69;63,48;3,97
191;5804,52;4625,11;2003,46;592,33;444,25;Panelointi;Avoräystäs;kyllä;Helppo, 4 seinää;Ei pohjamaalausta;ei;Lievä rinne;Keskitaso;174,50;37,69;63,48;3,97
192;5813,18;4632,01;1948,81;670,86;503,14;Lomalaudoitus;Avoräystäs;ei;Helppo, 4 seinää;Ei pohjamaalausta;ei;Tasainen;Keskitaso;218,13;44,55;61,74;3,86
193;5815,14;4633,58;1974,49;637,91;478,44;Panelointi;Avoräystäs;ei;Helppo, 2 seinää;Pohjamaalaus, 2 seinää;ei;Tasainen;Korkea;174,50;45,53;62,56;3,91
194;5815,14;4633,58;1974,49;637,91;478,44;Panelointi;Avoräystäs;ei;Helppo, 2 seinää;Pohjamaalaus, 2 seinää;ei;Lievä rinne;Keskitaso;174,50;45,53;62,56;3,91
195;5824,08;4640,70;2027,96;572,47;429,36;Panelointi;Avoräystäs;kyllä;Ei maalinpoistoa;Ei pohjamaalausta;ei;Haastava;Keskitaso;174,50;37,69;64,25;4,02
196;5825,81;4642,08;1967,92;653,66;490,24;Rimalaudoitus;Umpiräystäs;kyllä;Helppo, 2 seinää;Pohjamaalaus, 2 seinää;ei;Tasainen;Keskitaso;187,59;47,02;62,35;3,90
197;5837,14;4651,11;2034,37;572,47;429,36;Panelointi;Avoräystäs;ei;Ei maalinpoistoa;Ei pohjamaalausta;ei;Haastava;Korkea;174,50;37,69;64,46;4,03
198;5838,52;4652,20;1985,97;637,91;478,44;Panelointi;Avoräystäs;kyllä;Vaikea, 2 seinää;Pohjamaalaus, 2 seinää;ei;Tasainen;Keskitaso;174,50;45,53;62,92;3,93
199;5842,32;4655,23;1977,57;651,61;488,71;Panelointi;Umpiräystäs;kyllä;Helppo, 4 seinää;Pohjamaalaus, 2 seinää;ei;Tasainen;Keskitaso;174,50;44,37;62,66;3,92
200;5846,55;4658,60;2006,44;615,89;461,92;Rimalaudoitus;Avoräystäs;kyllä;Vaikea, 4 seinää;Ei pohjamaalausta;ei;Tasainen;Keskitaso;187,59;39,75;63,57;3,97
201;5851,58;4662,61;2035,04;581,06;435,79;Rimalaudoitus;Umpiräystäs;kyllä;Ei maalinpoistoa;Ei pohjamaalausta;ei;Haastava;Keskitaso;187,59;38,59;64,48;4,03
202;5858,28;4667,95;1951,23;697,19;522,89;Panelointi;Umpiräystäs;ei;Helppo, 2 seinää;Pohjamaalaus, 4 seinää;ei;Tasainen;Keskitaso;174,50;52,21;61,82;3,86
203;5862,83;4671,58;1949,37;702,66;526,99;Rimalaudoitus;Umpiräystäs;ei;Ei maalinpoistoa;Pohjamaalaus, 4 seinää;ei;Tasainen;Keskitaso;187,59;55,44;61,76;3,86
204;5864,23;4672,69;2005,71;628,46;471,35;Lomalaudoitus;Umpiräystäs;ei;Vaikea, 2 seinää;Ei pohjamaalausta;ei;Tasainen;Korkea;218,13;43,39;63,55;3,97
205;5864,23;4672,69;2005,71;628,46;471,35;Lomalaudoitus;Umpiräystäs;ei;Vaikea, 2 seinää;Ei pohjamaalausta;ei;Lievä rinne;Keskitaso;218,13;43,39;63,55;3,97
206;5866,06;4674,15;2042,16;581,06;435,79;Rimalaudoitus;Umpiräystäs;ei;Ei maalinpoistoa;Ei pohjamaalausta;ei;Haastava;Korkea;187,59;38,59;64,70;4,04
207;5867,02;4674,92;2018,69;612,99;459,74;Panelointi;Avoräystäs;kyllä;Ei maalinpoistoa;Pohjamaalaus, 2 seinää;ei;Tasainen;Korkea;174,50;45,53;63,96;4,00
208;5867,02;4674,92;2018,69;612,99;459,74;Panelointi;Avoräystäs;kyllä;Ei maalinpoistoa;Pohjamaalaus, 2 seinää;ei;Lievä rinne;Keskitaso;174,50;45,53;63,96;4,00
209;5873,88;4680,38;2023,48;611,10;458,32;Panelointi;Umpiräystäs;ei;Helppo, 4 seinää;Ei pohjamaalausta;ei;Haastava;Keskitaso;174,50;36,54;64,11;4,01
210;5874,34;4680,75;2033,98;597,40;448,05;Panelointi;Avoräystäs;ei;Vaikea, 2 seinää;Ei pohjamaalausta;ei;Haastava;Keskitaso;174,50;37,69;64,44;4,03
211;5874,97;4681,25;2002,57;639,70;479,77;Lomalaudoitus;Avoräystäs;ei;Helppo, 2 seinää;Ei pohjamaalausta;ei;Tasainen;Korkea;218,13;44,55;63,45;3,97
212;5874,97;4681,25;2002,57;639,70;479,77;Lomalaudoitus;Avoräystäs;ei;Helppo, 2 seinää;Ei pohjamaalausta;ei;Lievä rinne;Keskitaso;218,13;44,55;63,45;3,97
213;5878,97;4684,43;2040,09;592,29;444,22;Rimalaudoitus;Avoräystäs;kyllä;Ei maalinpoistoa;Ei pohjamaalausta;ei;Lievä rinne;Korkea;187,59;39,75;64,64;4,04
214;5886,30;4690,28;1990,79;662,84;497,13;Panelointi;Avoräystäs;ei;Vaikea, 4 seinää;Pohjamaalaus, 2 seinää;ei;Tasainen;Keskitaso;174,50;45,53;63,07;3,94
215;5887,73;4691,42;1966,12;696,68;522,51;Lomalaudoitus;Avoräystäs;ei;Ei maalinpoistoa;Pohjamaalaus, 2 seinää;ei;Tasainen;Keskitaso;218,13;54,34;62,29;3,89
216;5899,40;4700,71;2004,14;653,66;490,24;Rimalaudoitus;Umpiräystäs;ei;Helppo, 2 seinää;Pohjamaalaus, 2 seinää;ei;Tasainen;Korkea;187,59;47,02;63,50;3,97
217;5899,40;4700,71;2004,14;653,66;490,24;Rimalaudoitus;Umpiräystäs;ei;Helppo, 2 seinää;Pohjamaalaus, 2 seinää;ei;Lievä rinne;Keskitaso;187,59;47,02;63,50;3,97
218;5899,41;4700,72;2030,07;619,09;464,32;Rimalaudoitus;Avoräystäs;kyllä;Vaikea, 2 seinää;Ei pohjamaalausta;ei;Tasainen;Korkea;187,59;39,75;64,32;4,02
219;5899,41;4700,72;2030,07;619,09;464,32;Rimalaudoitus;Avoräystäs;kyllä;Vaikea, 2 seinää;Ei pohjamaalausta;ei;Lievä rinne;Keskitaso;187,59;39,75;64,32;4,02
220;5901,90;4702,71;1991,42;672,26;504,20;Panelointi;Umpiräystäs;kyllä;Ei maalinpoistoa;Pohjamaalaus, 4 seinää;ei;Tasainen;Keskitaso;174,50;52,21;63,09;3,94
221;5901,98;4702,78;2028,91;622,33;466,75;Panelointi;Avoräystäs;ei;Helppo, 4 seinää;Ei pohjamaalausta;ei;Lievä rinne;Korkea;174,50;37,69;64,28;4,02
222;5911,87;4710,65;2024,54;634,65;475,99;Rimalaudoitus;Umpiräystäs;kyllä;Helppo, 4 seinää;Ei pohjamaalausta;ei;Tasainen;Korkea;187,59;38,59;64,14;4,01
223;5911,87;4710,65;2024,54;634,65;475,99;Rimalaudoitus;Umpiräystäs;kyllä;Helppo, 4 seinää;Ei pohjamaalausta;ei;Lievä rinne;Keskitaso;187,59;38,59;64,14;4,01
224;5912,66;4711,29;2022,02;638,53;478,90;Lomalaudoitus;Avoräystäs;kyllä;Ei maalinpoistoa;Ei pohjamaalausta;ei;Tasainen;Korkea;218,13;44,55;64,06;4,00
225;5912,66;4711,29;2022,02;638,53;478,90;Lomalaudoitus;Avoräystäs;kyllä;Ei maalinpoistoa;Ei pohjamaalausta;ei;Lievä rinne;Keskitaso;218,13;44,55;64,06;4,00
226;5914,94;4713,10;2043,72;611,10;458,32;Panelointi;Umpiräystäs;kyllä;Vaikea, 4 seinää;Ei pohjamaalausta;ei;Tasainen;Korkea;174,50;36,54;64,75;4,05
227;5914,94;4713,10;2043,72;611,10;458,32;Panelointi;Umpiräystäs;kyllä;Vaikea, 4 seinää;Ei pohjamaalausta;ei;Lievä rinne;Keskitaso;174,50;36,54;64,75;4,05
228;5916,14;4714,06;2007,92;659,62;494,72;Lomalaudoitus;Umpiräystäs;ei;Vaikea, 4 seinää;Ei pohjamaalausta;ei;Tasainen;Keskitaso;218,13;43,39;63,62;3,98
229;5917,80;4715,38;2014,75;651,61;488,71;Panelointi;Umpiräystäs;ei;Helppo, 4 seinää;Pohjamaalaus, 2 seinää;ei;Tasainen;Korkea;174,50;44,37;63,83;3,99
230;5917,80;4715,38;2014,75;651,61;488,71;Panelointi;Umpiräystäs;ei;Helppo, 4 seinää;Pohjamaalaus, 2 seinää;ei;Lievä rinne;Keskitaso;174,50;44,37;63,83;3,99
231;5924,05;4720,36;2016,30;653,66;490,24;Rimalaudoitus;Umpiräystäs;kyllä;Vaikea, 2 seinää;Pohjamaalaus, 2 seinää;ei;Tasainen;Keskitaso;187,59;47,02;63,88;3,99
232;5924,29;4720,55;1987,89;691,69;518,77;Rimalaudoitus;Avoräystäs;ei;Helppo, 4 seinää;Pohjamaalaus, 2 seinää;ei;Tasainen;Keskitaso;187,59;48,17;62,98;3,94
233;5924,96;4721,08;2067,37;586,17;439,63;Panelointi;Umpiräystäs;kyllä;Vaikea, 2 seinää;Ei pohjamaalausta;ei;Lievä rinne;Korkea;174,50;36,54;65,50;4,09
234;5930,27;4725,31;2053,72;607,86;455,89;Rimalaudoitus;Umpiräystäs;ei;Vaikea, 2 seinää;Ei pohjamaalausta;ei;Haastava;Keskitaso;187,59;38,59;65,07;4,07
235;5937,81;4731,33;2073,71;586,17;439,63;Panelointi;Umpiräystäs;kyllä;Helppo, 2 seinää;Ei pohjamaalausta;ei;Haastava;Keskitaso;174,50;36,54;65,70;4,11
236;5940,38;4733,37;2040,79;631,75;473,81;Panelointi;Umpiräystäs;ei;Ei maalinpoistoa;Pohjamaalaus, 2 seinää;ei;Haastava;Keskitaso;174,50;44,37;64,66;4,04
237;5941,29;4734,09;2044,58;627,30;470,47;Lomalaudoitus;Umpiräystäs;ei;Ei maalinpoistoa;Ei pohjamaalausta;ei;Haastava;Keskitaso;218,13;43,39;64,78;4,05
238;5949,54;4740,67;1996,24;697,19;522,89;Panelointi;Umpiräystäs;ei;Vaikea, 2 seinää;Pohjamaalaus, 4 seinää;ei;Tasainen;Keskitaso;174,50;52,21;63,25;3,95
239;5956,34;4746,09;2058,18;619,09;464,32;Rimalaudoitus;Avoräystäs;ei;Vaikea, 2 seinää;Ei pohjamaalausta;ei;Lievä rinne;Korkea;187,59;39,75;65,21;4,08
240;5960,03;4749,03;2060,00;619,09;464,32;Rimalaudoitus;Avoräystäs;ei;Helppo, 2 seinää;Ei pohjamaalausta;ei;Haastava;Keskitaso;187,59;39,75;65,27;4,08
241;5960,06;4749,05;2084,71;586,17;439,63;Panelointi;Umpiräystäs;ei;Helppo, 2 seinää;Ei pohjamaalausta;ei;Haastava;Korkea;174,50;36,54;66,05;4,13
242;5961,26;4750,01;2023,99;667,91;500,94;Panelointi;Avoräystäs;ei;Vaikea, 2 seinää;Pohjamaalaus, 2 seinää;ei;Tasainen;Korkea;174,50;45,53;64,13;4,01
243;5961,26;4750,01;2023,99;667,91;500,94;Panelointi;Avoräystäs;ei;Vaikea, 2 seinää;Pohjamaalaus, 2 seinää;ei;Lievä rinne;Keskitaso;174,50;45,53;64,13;4,01
244;5961,46;4750,17;2022,75;669,70;502,27;Lomalaudoitus;Avoräystäs;kyllä;Vaikea, 2 seinää;Ei pohjamaalausta;ei;Tasainen;Keskitaso;218,13;44,55;64,09;4,01
245;5962,59;4751,06;2077,53;597,40;448,05;Panelointi;Avoräystäs;kyllä;Helppo, 2 seinää;Ei pohjamaalausta;ei;Lievä rinne;Korkea;174,50;37,69;65,82;4,11
246;5967,28;4754,80;2045,66;642,99;482,24;Panelointi;Avoräystäs;ei;Ei maalinpoistoa;Pohjamaalaus, 2 seinää;ei;Lievä rinne;Korkea;174,50;45,53;64,81;4,05
247;5967,65;4755,10;2052,10;634,65;475,99;Rimalaudoitus;Umpiräystäs;ei;Helppo, 4 seinää;Ei pohjamaalausta;ei;Lievä rinne;Korkea;187,59;38,59;65,02;4,06
248;5967,94;4755,33;2049,33;638,53;478,90;Lomalaudoitus;Avoräystäs;ei;Ei maalinpoistoa;Ei pohjamaalausta;ei;Lievä rinne;Korkea;218,13;44,55;64,93;4,06
249;5973,39;4759,67;2046,51;645,89;484,42;Rimalaudoitus;Avoräystäs;ei;Vaikea, 4 seinää;Ei pohjamaalausta;ei;Tasainen;Korkea;187,59;39,75;64,84;4,05
250;5973,39;4759,67;2046,51;645,89;484,42;Rimalaudoitus;Avoräystäs;ei;Vaikea, 4 seinää;Ei pohjamaalausta;ei;Lievä rinne;Keskitaso;187,59;39,75;64,84;4,05
251;5974,59;4760,63;2073,20;611,10;458,32;Panelointi;Umpiräystäs;ei;Vaikea, 4 seinää;Ei pohjamaalausta;ei;Lievä rinne;Korkea;174,50;36,54;65,69;4,11
252;5978,71;4763,91;2040,91;656,86;492,64;Rimalaudoitus;Umpiräystäs;kyllä;Ei maalinpoistoa;Pohjamaalaus, 2 seinää;ei;Tasainen;Korkea;187,59;47,02;64,66;4,04
253;5978,71;4763,91;2040,91;656,86;492,64;Rimalaudoitus;Umpiräystäs;kyllä;Ei maalinpoistoa;Pohjamaalaus, 2 seinää;ei;Lievä rinne;Keskitaso;187,59;47,02;64,66;4,04
254;5983,56;4767,77;2004,64;708,43;531,32;Panelointi;Avoräystäs;ei;Helppo, 2 seinää;Pohjamaalaus, 4 seinää;ei;Tasainen;Keskitaso;174,50;53,36;63,51;3,97
255;5988,08;4771,38;2002,78;713,89;535,42;Rimalaudoitus;Avoräystäs;ei;Ei maalinpoistoa;Pohjamaalaus, 4 seinää;ei;Tasainen;Keskitaso;187,59;56,59;63,45;3,97
256;5996,75;4778,29;2021,33;694,89;521,17;Rimalaudoitus;Avoräystäs;kyllä;Helppo, 2 seinää;Pohjamaalaus, 2 seinää;ei;Tasainen;Keskitaso;187,59;48,17;64,04;4,00
257;5997,41;4778,81;2025,60;689,62;517,22;Lomalaudoitus;Umpiräystäs;kyllä;Helppo, 4 seinää;Ei pohjamaalausta;ei;Tasainen;Keskitaso;218,13;43,39;64,18;4,01
258;6003,86;4783,95;2101,79;592,29;444,22;Rimalaudoitus;Avoräystäs;kyllä;Ei maalinpoistoa;Ei pohjamaalausta;ei;Haastava;Keskitaso;187,59;39,75;66,59;4,16
259;6008,76;4787,86;2092,55;607,86;455,89;Rimalaudoitus;Umpiräystäs;kyllä;Helppo, 2 seinää;Ei pohjamaalausta;ei;Lievä rinne;Korkea;187,59;38,59;66,30;4,14
260;6013,13;4791,34;2030,98;692,84;519,63;Panelointi;Avoräystäs;kyllä;Helppo, 4 seinää;Pohjamaalaus, 2 seinää;ei;Tasainen;Keskitaso;174,50;45,53;64,35;4,02
261;6014,86;4792,71;2058,96;656,68;492,51;Panelointi;Umpiräystäs;kyllä;Helppo, 2 seinää;Pohjamaalaus, 2 seinää;ei;Tasainen;Korkea;174,50;44,37;65,23;4,08
262;6014,86;4792,71;2058,96;656,68;492,51;Panelointi;Umpiräystäs;kyllä;Helppo, 2 seinää;Pohjamaalaus, 2 seinää;ei;Lievä rinne;Keskitaso;174,50;44,37;65,23;4,08
263;6025,38;4801,10;2029,98;702,26;526,70;Panelointi;Umpiräystäs;ei;Ei maalinpoistoa;Pohjamaalaus, 4 seinää;ei;Tasainen;Korkea;174,50;52,21;64,32;4,02
264;6025,38;4801,10;2029,98;702,26;526,70;Panelointi;Umpiräystäs;ei;Ei maalinpoistoa;Pohjamaalaus, 4 seinää;ei;Lievä rinne;Keskitaso;174,50;52,21;64,32;4,02
265;6025,99;4801,59;2090,24;622,33;466,75;Panelointi;Avoräystäs;ei;Helppo, 4 seinää;Ei pohjamaalausta;ei;Haastava;Keskitaso;174,50;37,69;66,23;4,14
266;6031,69;4806,13;2115,60;592,29;444,22;Rimalaudoitus;Avoräystäs;ei;Ei maalinpoistoa;Ei pohjamaalausta;ei;Haastava;Korkea;187,59;39,75;67,03;4,19
267;6033,85;4807,85;2139,96;561,24;420,93;Panelointi;Umpiräystäs;kyllä;Ei maalinpoistoa;Ei pohjamaalausta;ei;Haastava;Korkea;174,50;36,54;67,80;4,24
268;6037,61;4810,85;2070,11;656,86;492,64;Rimalaudoitus;Umpiräystäs;ei;Ei maalinpoistoa;Pohjamaalaus, 2 seinää;ei;Lievä rinne;Korkea;187,59;47,02;65,59;4,10
269;6040,30;4812,99;2031,25;710,45;532,84;Rimalaudoitus;Umpiräystäs;ei;Vaikea, 4 seinää;Pohjamaalaus, 2 seinää;ei;Tasainen;Keskitaso;187,59;47,02;64,36;4,02
270;6045,61;4817,22;2064,45;669,70;502,27;Lomalaudoitus;Avoräystäs;ei;Vaikea, 2 seinää;Ei pohjamaalausta;ei;Tasainen;Korkea;218,13;44,55;65,41;4,09
271;6045,61;4817,22;2064,45;669,70;502,27;Lomalaudoitus;Avoräystäs;ei;Vaikea, 2 seinää;Ei pohjamaalausta;ei;Lievä rinne;Keskitaso;218,13;44,55;65,41;4,09
272;6047,58;4818,79;2083,29;645,89;484,42;Rimalaudoitus;Avoräystäs;kyllä;Helppo, 4 seinää;Ei pohjamaalausta;ei;Tasainen;Korkea;187,59;39,75;66,01;4,13
273;6047,58;4818,79;2083,29;645,89;484,42;Rimalaudoitus;Avoräystäs;kyllä;Helppo, 4 seinää;Ei pohjamaalausta;ei;Lievä rinne;Keskitaso;187,59;39,75;66,01;4,13
274;6050,63;4821,22;2102,47;622,33;466,75;Panelointi;Avoräystäs;kyllä;Vaikea, 4 seinää;Ei pohjamaalausta;ei;Tasainen;Korkea;174,50;37,69;66,61;4,16
275;6050,63;4821,22;2102,47;622,33;466,75;Panelointi;Avoräystäs;kyllä;Vaikea, 4 seinää;Ei pohjamaalausta;ei;Lievä rinne;Keskitaso;174,50;37,69;66,61;4,16
276;6051,39;4821,83;2129,97;586,17;439,63;Panelointi;Umpiräystäs;kyllä;Vaikea, 2 seinää;Ei pohjamaalausta;ei;Haastava;Keskitaso;174,50;36,54;67,48;4,22
277;6052,40;4822,63;2057,36;683,66;512,74;Rimalaudoitus;Umpiräystäs;ei;Vaikea, 2 seinää;Pohjamaalaus, 2 seinää;ei;Tasainen;Korkea;187,59;47,02;65,18;4,07
278;6052,40;4822,63;2057,36;683,66;512,74;Rimalaudoitus;Umpiräystäs;ei;Vaikea, 2 seinää;Pohjamaalaus, 2 seinää;ei;Lievä rinne;Keskitaso;187,59;47,02;65,18;4,07
279;6069,89;4836,56;2067,58;681,61;511,21;Panelointi;Umpiräystäs;kyllä;Vaikea, 4 seinää;Pohjamaalaus, 2 seinää;ei;Tasainen;Keskitaso;174,50;44,37;65,51;4,09
280;6071,31;4837,70;2042,91;715,44;536,58;Lomalaudoitus;Umpiräystäs;kyllä;Ei maalinpoistoa;Pohjamaalaus, 2 seinää;ei;Tasainen;Keskitaso;218,13;53,19;64,73;4,05
281;6072,22;4838,43;2044,82;713,50;535,12;Panelointi;Avoräystäs;kyllä;Ei maalinpoistoa;Pohjamaalaus, 4 seinää;ei;Tasainen;Keskitaso;174,50;53,36;64,79;4,05
282;6072,41;4838,57;2131,99;597,40;448,05;Panelointi;Avoräystäs;kyllä;Vaikea, 2 seinää;Ei pohjamaalausta;ei;Lievä rinne;Korkea;174,50;37,69;67,55;4,22
283;6072,62;4838,74;2121,82;611,10;458,32;Panelointi;Umpiräystäs;kyllä;Helppo, 4 seinää;Ei pohjamaalausta;ei;Lievä rinne;Korkea;174,50;36,54;67,23;4,20
284;6074,11;4839,93;2087,04;658,46;493,85;Lomalaudoitus;Umpiräystäs;kyllä;Helppo, 2 seinää;Ei pohjamaalausta;ei;Tasainen;Korkea;218,13;43,39;66,12;4,13
285;6074,11;4839,93;2087,04;658,46;493,85;Lomalaudoitus;Umpiräystäs;kyllä;Helppo, 2 seinää;Ei pohjamaalausta;ei;Lievä rinne;Keskitaso;218,13;43,39;66,12;4,13
286;6077,29;4842,46;2089,95;656,68;492,51;Panelointi;Umpiräystäs;ei;Helppo, 2 seinää;Pohjamaalaus, 2 seinää;ei;Lievä rinne;Korkea;174,50;44,37;66,22;4,14
287;6080,48;4845,00;2062,88;694,89;521,17;Rimalaudoitus;Avoräystäs;ei;Helppo, 2 seinää;Pohjamaalaus, 2 seinää;ei;Tasainen;Korkea;187,59;48,17;65,36;4,08
288;6080,48;4845,00;2062,88;694,89;521,17;Rimalaudoitus;Avoräystäs;ei;Helppo, 2 seinää;Pohjamaalaus, 2 seinää;ei;Lievä rinne;Keskitaso;187,59;48,17;65,36;4,08
289;6081,97;4846,19;2120,48;619,09;464,32;Rimalaudoitus;Avoräystäs;ei;Vaikea, 2 seinää;Ei pohjamaalausta;ei;Haastava;Keskitaso;187,59;39,75;67,18;4,20
290;6081,99;4846,21;2067,59;689,62;517,22;Lomalaudoitus;Umpiräystäs;ei;Helppo, 4 seinää;Ei pohjamaalausta;ei;Tasainen;Korkea;218,13;43,39;65,51;4,09
291;6081,99;4846,21;2067,59;689,62;517,22;Lomalaudoitus;Umpiräystäs;ei;Helppo, 4 seinää;Ei pohjamaalausta;ei;Lievä rinne;Keskitaso;218,13;43,39;65,51;4,09
292;6082,75;4846,81;2025,23;746,60;559,95;Lomalaudoitus;Umpiräystäs;ei;Helppo, 2 seinää;Pohjamaalaus, 2 seinää;ei;Tasainen;Keskitaso;218,13;53,19;64,17;4,01
293;6084,83;4848,47;2146,59;586,17;439,63;Panelointi;Umpiräystäs;ei;Vaikea, 2 seinää;Ei pohjamaalausta;ei;Haastava;Korkea;174,50;36,54;68,01;4,25
294;6086,35;4849,68;2061,33;700,86;525,64;Lomalaudoitus;Avoräystäs;ei;Vaikea, 4 seinää;Ei pohjamaalausta;ei;Tasainen;Keskitaso;218,13;44,55;65,31;4,08
295;6089,46;4852,16;2140,47;597,40;448,05;Panelointi;Avoräystäs;kyllä;Helppo, 2 seinää;Ei pohjamaalausta;ei;Haastava;Keskitaso;174,50;37,69;67,82;4,24
296;6092,01;4854,19;2107,55;642,99;482,24;Panelointi;Avoräystäs;ei;Ei maalinpoistoa;Pohjamaalaus, 2 seinää;ei;Haastava;Keskitaso;174,50;45,53;66,77;4,17
297;6092,81;4854,83;2114,20;634,65;475,99;Rimalaudoitus;Umpiräystäs;ei;Helppo, 4 seinää;Ei pohjamaalausta;ei;Haastava;Keskitaso;187,59;38,59;66,98;4,19
298;6092,91;4854,91;2111,34;638,53;478,90;Lomalaudoitus;Avoräystäs;ei;Ei maalinpoistoa;Ei pohjamaalausta;ei;Haastava;Keskitaso;218,13;44,55;66,89;4,18
299;6094,19;4855,93;2069,71;694,89;521,17;Rimalaudoitus;Avoräystäs;kyllä;Vaikea, 2 seinää;Pohjamaalaus, 2 seinää;ei;Tasainen;Keskitaso;187,59;48,17;65,57;4,10
300;6098,73;4859,54;2073,50;692,84;519,63;Panelointi;Avoräystäs;ei;Helppo, 4 seinää;Pohjamaalaus, 2 seinää;ei;Tasainen;Korkea;174,50;45,53;65,70;4,11
301;6098,73;4859,54;2073,50;692,84;519,63;Panelointi;Avoräystäs;ei;Helppo, 4 seinää;Pohjamaalaus, 2 seinää;ei;Lievä rinne;Keskitaso;174,50;45,53;65,70;4,11
302;6101,11;4861,44;2136,00;611,10;458,32;Panelointi;Umpiräystäs;ei;Vaikea, 4 seinää;Ei pohjamaalausta;ei;Haastava;Keskitaso;174,50;36,54;67,68;4,23
303;6107,54;4866,57;2064,68;710,45;532,84;Rimalaudoitus;Umpiräystäs;kyllä;Helppo, 4 seinää;Pohjamaalaus, 2 seinää;ei;Tasainen;Keskitaso;187,59;47,02;65,42;4,09
304;6113,99;4871,70;2099,66;668,09;501,07;Rimalaudoitus;Avoräystäs;kyllä;Ei maalinpoistoa;Pohjamaalaus, 2 seinää;ei;Tasainen;Korkea;187,59;48,17;66,52;4,16
305;6113,99;4871,70;2099,66;668,09;501,07;Rimalaudoitus;Avoräystäs;kyllä;Ei maalinpoistoa;Pohjamaalaus, 2 seinää;ei;Lievä rinne;Keskitaso;187,59;48,17;66,52;4,16
306;6114,47;4872,09;2108,46;656,68;492,51;Panelointi;Umpiräystäs;kyllä;Vaikea, 2 seinää;Pohjamaalaus, 2 seinää;ei;Tasainen;Korkea;174,50;44,37;66,80;4,18
307;6114,47;4872,09;2108,46;656,68;492,51;Panelointi;Umpiräystäs;kyllä;Vaikea, 2 seinää;Pohjamaalaus, 2 seinää;ei;Lievä rinne;Keskitaso;174,50;44,37;66,80;4,18
308;6114,80;4872,35;2116,72;645,89;484,42;Rimalaudoitus;Avoräystäs;ei;Helppo, 4 seinää;Ei pohjamaalausta;ei;Lievä rinne;Korkea;187,59;39,75;67,06;4,19
309;6119,47;4876,07;2049,64;738,43;553,82;Panelointi;Avoräystäs;ei;Vaikea, 2 seinää;Pohjamaalaus, 4 seinää;ei;Tasainen;Keskitaso;174,50;53,36;64,94;4,06
310;6121,69;4877,84;2137,82;622,33;466,75;Panelointi;Avoräystäs;ei;Vaikea, 4 seinää;Ei pohjamaalausta;ei;Lievä rinne;Korkea;174,50;37,69;67,73;4,23
311;6121,86;4877,97;2079,01;700,86;525,64;Lomalaudoitus;Avoräystäs;kyllä;Helppo, 4 seinää;Ei pohjamaalausta;ei;Tasainen;Keskitaso;218,13;44,55;65,87;4,12
312;6123,22;4879,06;2041,24;752,12;564,09;Panelointi;Umpiräystäs;ei;Helppo, 4 seinää;Pohjamaalaus, 4 seinää;ei;Tasainen;Keskitaso;174,50;52,21;64,67;4,04
313;6124,95;4880,43;2158,14;597,40;448,05;Panelointi;Avoräystäs;ei;Helppo, 2 seinää;Ei pohjamaalausta;ei;Haastava;Korkea;174,50;37,69;68,38;4,27
314;6126,50;4881,67;2130,98;634,65;475,99;Rimalaudoitus;Umpiräystäs;kyllä;Vaikea, 4 seinää;Ei pohjamaalausta;ei;Tasainen;Korkea;187,59;38,59;67,52;4,22
315;6126,50;4881,67;2130,98;634,65;475,99;Rimalaudoitus;Umpiräystäs;kyllä;Vaikea, 4 seinää;Ei pohjamaalausta;ei;Lievä rinne;Keskitaso;187,59;38,59;67,52;4,22
316;6126,54;4881,70;2151,09;607,86;455,89;Rimalaudoitus;Umpiräystäs;kyllä;Vaikea, 2 seinää;Ei pohjamaalausta;ei;Lievä rinne;Korkea;187,59;38,59;68,15;4,26
317;6136,36;4889,53;2155,99;607,86;455,89;Rimalaudoitus;Umpiräystäs;kyllä;Helppo, 2 seinää;Ei pohjamaalausta;ei;Haastava;Keskitaso;187,59;38,59;68,31;4,27
318;6137,38;4890,34;2138,58;631,75;473,81;Panelointi;Umpiräystäs;kyllä;Ei maalinpoistoa;Pohjamaalaus, 2 seinää;ei;Lievä rinne;Korkea;174,50;44,37;67,76;4,23
319;6138,04;4890,87;2142,24;627,30;470,47;Lomalaudoitus;Umpiräystäs;kyllä;Ei maalinpoistoa;Ei pohjamaalausta;ei;Lievä rinne;Korkea;218,13;43,39;67,87;4,24
320;6142,00;4894,02;2120,85;658,46;493,85;Lomalaudoitus;Umpiräystäs;ei;Helppo, 2 seinää;Ei pohjamaalausta;ei;Lievä rinne;Korkea;218,13;43,39;67,20;4,20
321;6144,07;4895,67;2046,13;759,46;569,59;Rimalaudoitus;Umpiräystäs;ei;Helppo, 2 seinää;Pohjamaalaus, 4 seinää;ei;Tasainen;Keskitaso;187,59;55,44;64,83;4,05
322;6149,90;4900,32;2117,70;667,91;500,94;Panelointi;Avoräystäs;kyllä;Helppo, 2 seinää;Pohjamaalaus, 2 seinää;ei;Tasainen;Korkea;174,50;45,53;67,10;4,19
323;6149,90;4900,32;2117,70;667,91;500,94;Panelointi;Avoräystäs;kyllä;Helppo, 2 seinää;Pohjamaalaus, 2 seinää;ei;Lievä rinne;Keskitaso;174,50;45,53;67,10;4,19
324;6155,62;4904,88;2157,17;619,09;464,32;Rimalaudoitus;Avoräystäs;kyllä;Helppo, 2 seinää;Ei pohjamaalausta;ei;Lievä rinne;Korkea;187,59;39,75;68,35;4,27
325;6159,06;4907,62;2086,63;715,44;536,58;Lomalaudoitus;Umpiräystäs;ei;Ei maalinpoistoa;Pohjamaalaus, 2 seinää;ei;Tasainen;Korkea;218,13;53,19;66,11;4,13
326;6159,06;4907,62;2086,63;715,44;536,58;Lomalaudoitus;Umpiräystäs;ei;Ei maalinpoistoa;Pohjamaalaus, 2 seinää;ei;Lievä rinne;Keskitaso;218,13;53,19;66,11;4,13
327;6160,35;4908,65;2088,73;713,50;535,12;Panelointi;Avoräystäs;ei;Ei maalinpoistoa;Pohjamaalaus, 4 seinää;ei;Tasainen;Korkea;174,50;53,36;66,18;4,14
328;6160,35;4908,65;2088,73;713,50;535,12;Panelointi;Avoräystäs;ei;Ei maalinpoistoa;Pohjamaalaus, 4 seinää;ei;Lievä rinne;Keskitaso;174,50;53,36;66,18;4,14
329;6162,59;4910,43;2113,76;681,61;511,21;Panelointi;Umpiräystäs;ei;Vaikea, 4 seinää;Pohjamaalaus, 2 seinää;ei;Tasainen;Korkea;174,50;44,37;66,97;4,19
330;6162,59;4910,43;2113,76;681,61;511,21;Panelointi;Umpiräystäs;ei;Vaikea, 4 seinää;Pohjamaalaus, 2 seinää;ei;Lievä rinne;Keskitaso;174,50;44,37;66,97;4,19
331;6163,54;4911,19;2132,80;656,86;492,64;Rimalaudoitus;Umpiräystäs;ei;Ei maalinpoistoa;Pohjamaalaus, 2 seinää;ei;Haastava;Keskitaso;187,59;47,02;67,57;4,22
332;6164,49;4911,94;2084,65;721,69;541,27;Rimalaudoitus;Avoräystäs;ei;Vaikea, 4 seinää;Pohjamaalaus, 2 seinää;ei;Tasainen;Keskitaso;187,59;48,17;66,05;4,13
333;6166,30;4913,38;2081,43;727,19;545,39;Panelointi;Umpiräystäs;kyllä;Helppo, 2 seinää;Pohjamaalaus, 4 seinää;ei;Tasainen;Keskitaso;174,50;52,21;65,95;4,12
334;6170,78;4916,96;2079,57;732,66;549,49;Rimalaudoitus;Umpiräystäs;kyllä;Ei maalinpoistoa;Pohjamaalaus, 4 seinää;ei;Tasainen;Keskitaso;187,59;55,44;65,89;4,12
335;6174,86;4920,21;2175,21;607,86;455,89;Rimalaudoitus;Umpiräystäs;ei;Helppo, 2 seinää;Ei pohjamaalausta;ei;Haastava;Korkea;187,59;38,59;68,92;4,31
336;6184,27;4927,70;2134,73;668,09;501,07;Rimalaudoitus;Avoräystäs;ei;Ei maalinpoistoa;Pohjamaalaus, 2 seinää;ei;Lievä rinne;Korkea;187,59;48,17;67,64;4,23
337;6186,51;4929,49;2144,41;656,68;492,51;Panelointi;Umpiräystäs;ei;Vaikea, 2 seinää;Pohjamaalaus, 2 seinää;ei;Lievä rinne;Korkea;174,50;44,37;67,94;4,25
338;6187,21;4930,05;2116,10;694,89;521,17;Rimalaudoitus;Avoräystäs;ei;Vaikea, 2 seinää;Pohjamaalaus, 2 seinää;ei;Tasainen;Korkea;187,59;48,17;67,04;4,19
339;6187,21;4930,05;2116,10;694,89;521,17;Rimalaudoitus;Avoräystäs;ei;Vaikea, 2 seinää;Pohjamaalaus, 2 seinää;ei;Lievä rinne;Keskitaso;187,59;48,17;67,04;4,19
340;6193,90;4935,38;2120,99;692,84;519,63;Panelointi;Avoräystäs;kyllä;Vaikea, 4 seinää;Pohjamaalaus, 2 seinää;ei;Tasainen;Keskitaso;174,50;45,53;67,20;4,20
341;6195,32;4936,51;2096,32;726,68;545,01;Lomalaudoitus;Avoräystäs;kyllä;Ei maalinpoistoa;Pohjamaalaus, 2 seinää;ei;Tasainen;Keskitaso;218,13;54,34;66,42;4,15
342;6195,55;4936,69;2081,49;746,60;559,95;Lomalaudoitus;Umpiräystäs;ei;Vaikea, 2 seinää;Pohjamaalaus, 2 seinää;ei;Tasainen;Keskitaso;218,13;53,19;65,95;4,12
343;6198,16;4938,78;2213,39;572,47;429,36;Panelointi;Avoräystäs;kyllä;Ei maalinpoistoa;Ei pohjamaalausta;ei;Haastava;Korkea;174,50;37,69;70,13;4,38
344;6198,20;4938,81;2148,92;658,46;493,85;Lomalaudoitus;Umpiräystäs;kyllä;Vaikea, 2 seinää;Ei pohjamaalausta;ei;Tasainen;Korkea;218,13;43,39;68,08;4,26
345;6198,20;4938,81;2148,92;658,46;493,85;Lomalaudoitus;Umpiräystäs;kyllä;Vaikea, 2 seinää;Ei pohjamaalausta;ei;Lievä rinne;Keskitaso;218,13;43,39;68,08;4,26
346;6199,50;4939,84;2110,57;710,45;532,84;Rimalaudoitus;Umpiräystäs;ei;Helppo, 4 seinää;Pohjamaalaus, 2 seinää;ei;Tasainen;Korkea;187,59;47,02;66,87;4,18
347;6199,50;4939,84;2110,57;710,45;532,84;Rimalaudoitus;Umpiräystäs;ei;Helppo, 4 seinää;Pohjamaalaus, 2 seinää;ei;Lievä rinne;Keskitaso;187,59;47,02;66,87;4,18
348;6201,76;4941,64;2186,23;611,10;458,32;Panelointi;Umpiräystäs;kyllä;Helppo, 4 seinää;Ei pohjamaalausta;ei;Haastava;Keskitaso;174,50;36,54;69,27;4,33
349;6202,22;4942,01;2196,73;597,40;448,05;Panelointi;Avoräystäs;kyllä;Vaikea, 2 seinää;Ei pohjamaalausta;ei;Haastava;Keskitaso;174,50;37,69;69,60;4,35
350;6203,00;4942,63;2169,18;634,65;475,99;Rimalaudoitus;Umpiräystäs;ei;Vaikea, 4 seinää;Ei pohjamaalausta;ei;Lievä rinne;Korkea;187,59;38,59;68,73;4,30
351;6204,29;4943,66;2153,31;656,68;492,51;Panelointi;Umpiräystäs;ei;Helppo, 2 seinää;Pohjamaalaus, 2 seinää;ei;Haastava;Keskitaso;174,50;44,37;68,22;4,26
352;6206,69;4945,57;2078,64;757,84;568,38;Lomalaudoitus;Avoräystäs;ei;Helppo, 2 seinää;Pohjamaalaus, 2 seinää;ei;Tasainen;Keskitaso;218,13;54,34;65,86;4,12
353;6208,78;4947,23;2145,79;669,70;502,27;Lomalaudoitus;Avoräystäs;kyllä;Helppo, 2 seinää;Ei pohjamaalausta;ei;Tasainen;Korkea;218,13;44,55;67,99;4,25
354;6208,78;4947,23;2145,79;669,70;502,27;Lomalaudoitus;Avoräystäs;kyllä;Helppo, 2 seinää;Ei pohjamaalausta;ei;Lievä rinne;Keskitaso;218,13;44,55;67,99;4,25
355;6216,61;4953,47;2126,34;700,86;525,64;Lomalaudoitus;Avoräystäs;ei;Helppo, 4 seinää;Ei pohjamaalausta;ei;Tasainen;Korkea;218,13;44,55;67,37;4,21
356;6216,61;4953,47;2126,34;700,86;525,64;Lomalaudoitus;Avoräystäs;ei;Helppo, 4 seinää;Ei pohjamaalausta;ei;Lievä rinne;Keskitaso;218,13;44,55;67,37;4,21
357;6219,03;4955,40;2186,44;622,33;466,75;Panelointi;Avoräystäs;kyllä;Helppo, 4 seinää;Ei pohjamaalausta;ei;Lievä rinne;Korkea;174,50;37,69;69,27;4,33
358;6223,31;4958,81;2138,12;689,62;517,22;Lomalaudoitus;Umpiräystäs;kyllä;Vaikea, 4 seinää;Ei pohjamaalausta;ei;Tasainen;Keskitaso;218,13;43,39;67,74;4,23
359;6223,67;4959,10;2154,58;667,91;500,94;Panelointi;Avoräystäs;ei;Helppo, 2 seinää;Pohjamaalaus, 2 seinää;ei;Lievä rinne;Korkea;174,50;45,53;68,26;4,27
360;6226,58;4961,42;2221,18;581,06;435,79;Rimalaudoitus;Umpiräystäs;kyllä;Ei maalinpoistoa;Ei pohjamaalausta;ei;Haastava;Korkea;187,59;38,59;70,37;4,40
361;6231,34;4965,21;2118,09;721,69;541,27;Rimalaudoitus;Avoräystäs;kyllä;Helppo, 4 seinää;Pohjamaalaus, 2 seinää;ei;Tasainen;Keskitaso;187,59;48,17;67,11;4,19
362;6232,81;4966,39;2147,35;683,66;512,74;Rimalaudoitus;Umpiräystäs;kyllä;Helppo, 2 seinää;Pohjamaalaus, 2 seinää;ei;Tasainen;Korkea;187,59;47,02;68,03;4,25
363;6232,81;4966,39;2147,35;683,66;512,74;Rimalaudoitus;Umpiräystäs;kyllä;Helppo, 2 seinää;Pohjamaalaus, 2 seinää;ei;Lievä rinne;Keskitaso;187,59;47,02;68,03;4,25
364;6240,82;4972,77;2094,51;759,46;569,59;Rimalaudoitus;Umpiräystäs;ei;Vaikea, 2 seinää;Pohjamaalaus, 4 seinää;ei;Tasainen;Keskitaso;187,59;55,44;66,36;4,15
365;6243,34;4974,78;2180,95;645,89;484,42;Rimalaudoitus;Avoräystäs;ei;Helppo, 4 seinää;Ei pohjamaalausta;ei;Haastava;Keskitaso;187,59;39,75;69,10;4,32
366;6246,18;4977,04;2208,47;611,10;458,32;Panelointi;Umpiräystäs;ei;Helppo, 4 seinää;Ei pohjamaalausta;ei;Haastava;Korkea;174,50;36,54;69,97;4,37
367;6246,93;4977,63;2094,65;763,36;572,52;Panelointi;Avoräystäs;ei;Helppo, 4 seinää;Pohjamaalaus, 4 seinää;ei;Tasainen;Keskitaso;174,50;53,36;66,37;4,15
368;6248,74;4979,07;2220,02;597,40;448,05;Panelointi;Avoräystäs;ei;Vaikea, 2 seinää;Ei pohjamaalausta;ei;Haastava;Korkea;174,50;37,69;70,34;4,40
369;6248,88;4979,18;2167,21;667,91;500,94;Panelointi;Avoräystäs;kyllä;Vaikea, 2 seinää;Pohjamaalaus, 2 seinää;ei;Tasainen;Korkea;174,50;45,53;68,66;4,29
370;6248,88;4979,18;2167,21;667,91;500,94;Panelointi;Avoräystäs;kyllä;Vaikea, 2 seinää;Pohjamaalaus, 2 seinää;ei;Lievä rinne;Keskitaso;174,50;45,53;68,66;4,29
371;6250,93;4980,82;2157,97;681,61;511,21;Panelointi;Umpiräystäs;kyllä;Helppo, 4 seinää;Pohjamaalaus, 2 seinää;ei;Tasainen;Korkea;174,50;44,37;68,37;4,27
372;6250,93;4980,82;2157,97;681,61;511,21;Panelointi;Umpiräystäs;kyllä;Helppo, 4 seinää;Pohjamaalaus, 2 seinää;ei;Lievä rinne;Keskitaso;174,50;44,37;68,37;4,27
373;6251,58;4981,34;2202,75;622,33;466,75;Panelointi;Avoräystäs;ei;Vaikea, 4 seinää;Ei pohjamaalausta;ei;Haastava;Keskitaso;174,50;37,69;69,79;4,36
374;6256,22;4985,04;2126,43;727,19;545,39;Panelointi;Umpiräystäs;kyllä;Vaikea, 2 seinää;Pohjamaalaus, 4 seinää;ei;Tasainen;Keskitaso;174,50;52,21;67,37;4,21
375;6257,28;4985,88;2216,46;607,86;455,89;Rimalaudoitus;Umpiräystäs;kyllä;Vaikea, 2 seinää;Ei pohjamaalausta;ei;Haastava;Keskitaso;187,59;38,59;70,22;4,39
376;6260,83;4988,71;2189,72;645,89;484,42;Rimalaudoitus;Avoräystäs;kyllä;Vaikea, 4 seinää;Ei pohjamaalausta;ei;Tasainen;Korkea;187,59;39,75;69,38;4,34
377;6260,83;4988,71;2189,72;645,89;484,42;Rimalaudoitus;Avoräystäs;kyllä;Vaikea, 4 seinää;Ei pohjamaalausta;ei;Lievä rinne;Keskitaso;187,59;39,75;69,38;4,34
378;6261,33;4989,11;2129,00;727,19;545,39;Panelointi;Umpiräystäs;ei;Helppo, 2 seinää;Pohjamaalaus, 4 seinää;ei;Tasainen;Korkea;174,50;52,21;67,45;4,22
379;6261,33;4989,11;2129,00;727,19;545,39;Panelointi;Umpiräystäs;ei;Helppo, 2 seinää;Pohjamaalaus, 4 seinää;ei;Lievä rinne;Keskitaso;174,50;52,21;67,45;4,22
380;6265,42;4992,37;2126,95;732,66;549,49;Rimalaudoitus;Umpiräystäs;ei;Ei maalinpoistoa;Pohjamaalaus, 4 seinää;ei;Tasainen;Korkea;187,59;55,44;67,39;4,21
381;6265,42;4992,37;2126,95;732,66;549,49;Rimalaudoitus;Umpiräystäs;ei;Ei maalinpoistoa;Pohjamaalaus, 4 seinää;ei;Lievä rinne;Keskitaso;187,59;55,44;67,39;4,21
382;6267,23;4993,81;2203,54;631,75;473,81;Panelointi;Umpiräystäs;kyllä;Ei maalinpoistoa;Pohjamaalaus, 2 seinää;ei;Haastava;Keskitaso;174,50;44,37;69,82;4,36
383;6267,65;4994,14;2099,54;770,69;578,02;Rimalaudoitus;Avoräystäs;ei;Helppo, 2 seinää;Pohjamaalaus, 4 seinää;ei;Tasainen;Keskitaso;187,59;56,59;66,52;4,16
384;6268,12;4994,52;2207,32;627,30;470,47;Lomalaudoitus;Umpiräystäs;kyllä;Ei maalinpoistoa;Ei pohjamaalausta;ei;Haastava;Keskitaso;218,13;43,39;69,93;4,37
385;6270,65;4996,53;2185,22;658,46;493,85;Lomalaudoitus;Umpiräystäs;ei;Helppo, 2 seinää;Ei pohjamaalausta;ei;Haastava;Keskitaso;218,13;43,39;69,23;4,33
386;6272,57;4998,07;2215,71;619,09;464,32;Rimalaudoitus;Avoräystäs;kyllä;Vaikea, 2 seinää;Ei pohjamaalausta;ei;Lievä rinne;Korkea;187,59;39,75;70,20;4,39
387;6278,02;5002,40;2188,92;658,46;493,85;Lomalaudoitus;Umpiräystäs;ei;Vaikea, 2 seinää;Ei pohjamaalausta;ei;Lievä rinne;Korkea;218,13;43,39;69,35;4,33
388;6283,34;5006,65;2203,20;642,99;482,24;Panelointi;Avoräystäs;kyllä;Ei maalinpoistoa;Pohjamaalaus, 2 seinää;ei;Lievä rinne;Korkea;174,50;45,53;69,80;4,36
389;6283,71;5006,94;2209,63;634,65;475,99;Rimalaudoitus;Umpiräystäs;kyllä;Helppo, 4 seinää;Ei pohjamaalausta;ei;Lievä rinne;Korkea;187,59;38,59;70,01;4,38
390;6283,99;5007,17;2206,86;638,53;478,90;Lomalaudoitus;Avoräystäs;kyllä;Ei maalinpoistoa;Ei pohjamaalausta;ei;Lievä rinne;Korkea;218,13;44,55;69,92;4,37
391;6286,58;5009,23;2222,75;619,09;464,32;Rimalaudoitus;Avoräystäs;kyllä;Helppo, 2 seinää;Ei pohjamaalausta;ei;Haastava;Keskitaso;187,59;39,75;70,42;4,40
392;6287,93;5010,30;2185,47;669,70;502,27;Lomalaudoitus;Avoräystäs;ei;Helppo, 2 seinää;Ei pohjamaalausta;ei;Lievä rinne;Korkea;218,13;44,55;69,24;4,33
393;6289,75;5011,75;2134,83;738,43;553,82;Panelointi;Avoräystäs;kyllä;Helppo, 2 seinää;Pohjamaalaus, 4 seinää;ei;Tasainen;Keskitaso;174,50;53,36;67,64;4,23
394;6290,55;5012,39;2230,74;611,10;458,32;Panelointi;Umpiräystäs;kyllä;Vaikea, 4 seinää;Ei pohjamaalausta;ei;Lievä rinne;Korkea;174,50;36,54;70,68;4,42
395;6293,19;5014,49;2145,38;726,68;545,01;Lomalaudoitus;Avoräystäs;ei;Ei maalinpoistoa;Pohjamaalaus, 2 seinää;ei;Tasainen;Korkea;218,13;54,34;67,97;4,25
396;6293,19;5014,49;2145,38;726,68;545,01;Lomalaudoitus;Avoräystäs;ei;Ei maalinpoistoa;Pohjamaalaus, 2 seinää;ei;Lievä rinne;Keskitaso;218,13;54,34;67,97;4,25
397;6294,20;5015,30;2132,97;743,89;557,92;Rimalaudoitus;Avoräystäs;kyllä;Ei maalinpoistoa;Pohjamaalaus, 4 seinää;ei;Tasainen;Keskitaso;187,59;56,59;67,58;4,22
398;6296,69;5017,28;2172,51;692,84;519,63;Panelointi;Avoräystäs;ei;Vaikea, 4 seinää;Pohjamaalaus, 2 seinää;ei;Tasainen;Korkea;174,50;45,53;68,83;4,30
399;6296,69;5017,28;2172,51;692,84;519,63;Panelointi;Avoräystäs;ei;Vaikea, 4 seinää;Pohjamaalaus, 2 seinää;ei;Lievä rinne;Keskitaso;174,50;45,53;68,83;4,30
400;6300,95;5020,68;2161,44;710,45;532,84;Rimalaudoitus;Umpiräystäs;kyllä;Vaikea, 4 seinää;Pohjamaalaus, 2 seinää;ei;Tasainen;Keskitaso;187,59;47,02;68,48;4,28
401;6303,06;5022,36;2131,25;752,12;564,09;Panelointi;Umpiräystäs;ei;Vaikea, 4 seinää;Pohjamaalaus, 4 seinää;ei;Tasainen;Keskitaso;174,50;52,21;67,52;4,22
402;6307,59;5025,97;2241,73;607,86;455,89;Rimalaudoitus;Umpiräystäs;ei;Vaikea, 2 seinää;Ei pohjamaalausta;ei;Haastava;Korkea;187,59;38,59;71,03;4,44
403;6312,11;5029,57;2173,20;702,26;526,70;Panelointi;Umpiräystäs;kyllä;Ei maalinpoistoa;Pohjamaalaus, 4 seinää;ei;Tasainen;Korkea;174,50;52,21;68,85;4,30
404;6312,11;5029,57;2173,20;702,26;526,70;Panelointi;Umpiräystäs;kyllä;Ei maalinpoistoa;Pohjamaalaus, 4 seinää;ei;Lievä rinne;Keskitaso;174,50;52,21;68,85;4,30
405;6312,19;5029,63;2187,19;683,66;512,74;Rimalaudoitus;Umpiräystäs;ei;Helppo, 2 seinää;Pohjamaalaus, 2 seinää;ei;Lievä rinne;Korkea;187,59;47,02;69,30;4,33
406;6313,57;5030,74;2199,56;668,09;501,07;Rimalaudoitus;Avoräystäs;ei;Ei maalinpoistoa;Pohjamaalaus, 2 seinää;ei;Haastava;Keskitaso;187,59;48,17;69,69;4,36
407;6314,95;5031,84;2227,51;631,75;473,81;Panelointi;Umpiräystäs;ei;Ei maalinpoistoa;Pohjamaalaus, 2 seinää;ei;Haastava;Korkea;174,50;44,37;70,57;4,41
408;6316,44;5033,02;2209,56;656,68;492,51;Panelointi;Umpiräystäs;ei;Vaikea, 2 seinää;Pohjamaalaus, 2 seinää;ei;Haastava;Keskitaso;174,50;44,37;70,01;4,38
409;6316,60;5033,15;2231,68;627,30;470,47;Lomalaudoitus;Umpiräystäs;ei;Ei maalinpoistoa;Ei pohjamaalausta;ei;Haastava;Korkea;218,13;43,39;70,71;4,42
410;6318,82;5034,92;2134,90;757,84;568,38;Lomalaudoitus;Avoräystäs;ei;Vaikea, 2 seinää;Pohjamaalaus, 2 seinää;ei;Tasainen;Keskitaso;218,13;54,34;67,64;4,23
411;6318,98;5035,04;2263,72;586,17;439,63;Panelointi;Umpiräystäs;kyllä;Helppo, 2 seinää;Ei pohjamaalausta;ei;Haastava;Korkea;174,50;36,54;71,72;4,48
412;6329,36;5043,31;2191,36;689,62;517,22;Lomalaudoitus;Umpiräystäs;ei;Vaikea, 4 seinää;Ei pohjamaalausta;ei;Tasainen;Korkea;218,13;43,39;69,43;4,34
413;6329,36;5043,31;2191,36;689,62;517,22;Lomalaudoitus;Umpiräystäs;ei;Vaikea, 4 seinää;Ei pohjamaalausta;ei;Lievä rinne;Keskitaso;218,13;43,39;69,43;4,34
414;6332,08;5045,48;2207,67;669,70;502,27;Lomalaudoitus;Avoräystäs;kyllä;Vaikea, 2 seinää;Ei pohjamaalausta;ei;Tasainen;Korkea;218,13;44,55;69,95;4,37
415;6332,08;5045,48;2207,67;669,70;502,27;Lomalaudoitus;Avoräystäs;kyllä;Vaikea, 2 seinää;Ei pohjamaalausta;ei;Lievä rinne;Keskitaso;218,13;44,55;69,95;4,37
416;6332,13;5045,52;2209,03;667,91;500,94;Panelointi;Avoräystäs;ei;Vaikea, 2 seinää;Pohjamaalaus, 2 seinää;ei;Lievä rinne;Korkea;174,50;45,53;69,99;4,37
417;6332,34;5045,69;2198,87;681,61;511,21;Panelointi;Umpiräystäs;ei;Helppo, 4 seinää;Pohjamaalaus, 2 seinää;ei;Lievä rinne;Korkea;174,50;44,37;69,67;4,35
418;6333,36;5046,50;2169,32;721,69;541,27;Rimalaudoitus;Avoräystäs;ei;Helppo, 4 seinää;Pohjamaalaus, 2 seinää;ei;Tasainen;Korkea;187,59;48,17;68,73;4,30
419;6333,36;5046,50;2169,32;721,69;541,27;Rimalaudoitus;Avoräystäs;ei;Helppo, 4 seinää;Pohjamaalaus, 2 seinää;ei;Lievä rinne;Keskitaso;187,59;48,17;68,73;4,30
420;6334,46;5047,38;2235,15;634,65;475,99;Rimalaudoitus;Umpiräystäs;ei;Vaikea, 4 seinää;Ei pohjamaalausta;ei;Haastava;Keskitaso;187,59;38,59;70,82;4,43
421;6338,08;5050,26;2248,64;619,09;464,32;Rimalaudoitus;Avoräystäs;ei;Helppo, 2 seinää;Ei pohjamaalausta;ei;Haastava;Korkea;187,59;39,75;71,24;4,45
422;6338,77;5050,82;2200,57;683,66;512,74;Rimalaudoitus;Umpiräystäs;kyllä;Vaikea, 2 seinää;Pohjamaalaus, 2 seinää;ei;Tasainen;Korkea;187,59;47,02;69,72;4,36
423;6338,77;5050,82;2200,57;683,66;512,74;Rimalaudoitus;Umpiräystäs;kyllä;Vaikea, 2 seinää;Pohjamaalaus, 2 seinää;ei;Lievä rinne;Keskitaso;187,59;47,02;69,72;4,36
424;6342,88;5054,08;2155,43;746,60;559,95;Lomalaudoitus;Umpiräystäs;kyllä;Helppo, 2 seinää;Pohjamaalaus, 2 seinää;ei;Tasainen;Keskitaso;218,13;53,19;68,29;4,27
425;6346,43;5056,91;2191,52;700,86;525,64;Lomalaudoitus;Avoräystäs;kyllä;Vaikea, 4 seinää;Ei pohjamaalausta;ei;Tasainen;Keskitaso;218,13;44,55;69,43;4,34
426;6348,51;5058,58;2233,80;645,89;484,42;Rimalaudoitus;Avoräystäs;ei;Vaikea, 4 seinää;Ei pohjamaalausta;ei;Lievä rinne;Korkea;187,59;39,75;70,77;4,42
427;6349,07;5059,02;2050,94;890,08;667,56;Panelointi;Umpiräystäs;ei;Ei maalinpoistoa;Ei pohjamaalausta;kyllä;Tasainen;Keskitaso;174,50;73,08;64,98;4,06
428;6351,52;5060,97;2252,98;622,33;466,75;Panelointi;Avoräystäs;kyllä;Helppo, 4 seinää;Ei pohjamaalausta;ei;Haastava;Keskitaso;174,50;37,69;71,38;4,46
429;6352,63;5061,85;2227,65;656,86;492,64;Rimalaudoitus;Umpiräystäs;kyllä;Ei maalinpoistoa;Pohjamaalaus, 2 seinää;ei;Lievä rinne;Korkea;187,59;47,02;70,58;4,41
430;6354,04;5062,98;2220,06;667,91;500,94;Panelointi;Avoräystäs;ei;Helppo, 2 seinää;Pohjamaalaus, 2 seinää;ei;Haastava;Keskitaso;174,50;45,53;70,34;4,40
431;6354,17;5063,08;2137,75;777,76;583,32;Lomalaudoitus;Umpiräystäs;ei;Helppo, 4 seinää;Pohjamaalaus, 2 seinää;ei;Tasainen;Keskitaso;218,13;53,19;67,73;4,23
432;6359,78;5067,56;2178,50;727,19;545,39;Panelointi;Umpiräystäs;ei;Vaikea, 2 seinää;Pohjamaalaus, 4 seinää;ei;Tasainen;Korkea;174,50;52,21;69,02;4,31
433;6359,78;5067,56;2178,50;727,19;545,39;Panelointi;Umpiräystäs;ei;Vaikea, 2 seinää;Pohjamaalaus, 4 seinää;ei;Lievä rinne;Keskitaso;174,50;52,21;69,02;4,31
434;6363,84;5070,79;2147,92;770,69;578,02;Rimalaudoitus;Avoräystäs;ei;Vaikea, 2 seinää;Pohjamaalaus, 4 seinää;ei;Tasainen;Keskitaso;187,59;56,59;68,05;4,25
435;6366,47;5072,88;2206,10;694,89;521,17;Rimalaudoitus;Avoräystäs;kyllä;Helppo, 2 seinää;Pohjamaalaus, 2 seinää;ei;Tasainen;Korkea;187,59;48,17;69,90;4,37
436;6366,47;5072,88;2206,10;694,89;521,17;Rimalaudoitus;Avoräystäs;kyllä;Helppo, 2 seinää;Pohjamaalaus, 2 seinää;ei;Lievä rinne;Keskitaso;187,59;48,17;69,90;4,37
437;6367,97;5074,08;2210,81;689,62;517,22;Lomalaudoitus;Umpiräystäs;kyllä;Helppo, 4 seinää;Ei pohjamaalausta;ei;Tasainen;Korkea;218,13;43,39;70,05;4,38
438;6367,97;5074,08;2210,81;689,62;517,22;Lomalaudoitus;Umpiräystäs;kyllä;Helppo, 4 seinää;Ei pohjamaalausta;ei;Lievä rinne;Keskitaso;218,13;43,39;70,05;4,38
439;6377,02;5081,29;2142,90;786,26;589,69;Rimalaudoitus;Umpiräystäs;ei;Helppo, 4 seinää;Pohjamaalaus, 4 seinää;ei;Tasainen;Keskitaso;187,59;55,44;67,89;4,24
440;6379,15;5082,99;2179,84;738,43;553,82;Panelointi;Avoräystäs;kyllä;Vaikea, 2 seinää;Pohjamaalaus, 4 seinää;ei;Tasainen;Keskitaso;174,50;53,36;69,06;4,32
441;6382,85;5085,94;2171,44;752,12;564,09;Panelointi;Umpiräystäs;kyllä;Helppo, 4 seinää;Pohjamaalaus, 4 seinää;ei;Tasainen;Keskitaso;174,50;52,21;68,80;4,30
442;6384,47;5087,23;2216,71;692,84;519,63;Panelointi;Avoräystäs;kyllä;Helppo, 4 seinää;Pohjamaalaus, 2 seinää;ei;Tasainen;Korkea;174,50;45,53;70,23;4,39
443;6384,47;5087,23;2216,71;692,84;519,63;Panelointi;Avoräystäs;kyllä;Helppo, 4 seinää;Pohjamaalaus, 2 seinää;ei;Lievä rinne;Keskitaso;174,50;45,53;70,23;4,39
444;6389,40;5091,15;2294,61;592,29;444,22;Rimalaudoitus;Avoräystäs;kyllä;Ei maalinpoistoa;Ei pohjamaalausta;ei;Haastava;Korkea;187,59;39,75;72,70;4,54
445;6391,71;5093,00;2247,49;656,68;492,51;Panelointi;Umpiräystäs;kyllä;Helppo, 2 seinää;Pohjamaalaus, 2 seinää;ei;Lievä rinne;Korkea;174,50;44,37;71,21;4,45
446;6394,81;5095,47;2187,74;738,43;553,82;Panelointi;Avoräystäs;ei;Helppo, 2 seinää;Pohjamaalaus, 4 seinää;ei;Tasainen;Korkea;174,50;53,36;69,31;4,33
447;6394,81;5095,47;2187,74;738,43;553,82;Panelointi;Avoräystäs;ei;Helppo, 2 seinää;Pohjamaalaus, 4 seinää;ei;Lievä rinne;Keskitaso;174,50;53,36;69,31;4,33
448;6396,31;5096,66;2215,62;702,26;526,70;Panelointi;Umpiräystäs;ei;Ei maalinpoistoa;Pohjamaalaus, 4 seinää;ei;Lievä rinne;Korkea;174,50;52,21;70,20;4,39
449;6398,87;5098,71;2185,70;743,89;557,92;Rimalaudoitus;Avoräystäs;ei;Ei maalinpoistoa;Pohjamaalaus, 4 seinää;ei;Tasainen;Korkea;187,59;56,59;69,25;4,33
450;6398,87;5098,71;2185,70;743,89;557,92;Rimalaudoitus;Avoräystäs;ei;Ei maalinpoistoa;Pohjamaalaus, 4 seinää;ei;Lievä rinne;Keskitaso;187,59;56,59;69,25;4,33
451;6403,44;5102,34;2176,33;759,46;569,59;Rimalaudoitus;Umpiräystäs;kyllä;Helppo, 2 seinää;Pohjamaalaus, 4 seinää;ei;Tasainen;Keskitaso;187,59;55,44;68,95;4,31
452;6406,64;5104,89;2283,22;619,09;464,32;Rimalaudoitus;Avoräystäs;kyllä;Vaikea, 2 seinää;Ei pohjamaalausta;ei;Haastava;Keskitaso;187,59;39,75;72,34;4,52
453;6408,85;5106,65;2281,90;622,33;466,75;Panelointi;Avoräystäs;ei;Helppo, 4 seinää;Ei pohjamaalausta;ei;Haastava;Korkea;174,50;37,69;72,30;4,52
454;6410,30;5107,81;2255,54;658,46;493,85;Lomalaudoitus;Umpiräystäs;ei;Vaikea, 2 seinää;Ei pohjamaalausta;ei;Haastava;Keskitaso;218,13;43,39;71,46;4,47
455;6411,22;5108,54;2217,01;710,45;532,84;Rimalaudoitus;Umpiräystäs;ei;Vaikea, 4 seinää;Pohjamaalaus, 2 seinää;ei;Tasainen;Korkea;187,59;47,02;70,24;4,39
456;6411,22;5108,54;2217,01;710,45;532,84;Rimalaudoitus;Umpiräystäs;ei;Vaikea, 4 seinää;Pohjamaalaus, 2 seinää;ei;Lievä rinne;Keskitaso;187,59;47,02;70,24;4,39
457;6416,53;5112,77;2270,29;642,99;482,24;Panelointi;Avoräystäs;kyllä;Ei maalinpoistoa;Pohjamaalaus, 2 seinää;ei;Haastava;Keskitaso;174,50;45,53;71,93;4,50
458;6417,31;5113,40;2276,94;634,65;475,99;Rimalaudoitus;Umpiräystäs;kyllä;Helppo, 4 seinää;Ei pohjamaalausta;ei;Haastava;Keskitaso;187,59;38,59;72,14;4,51
459;6417,41;5113,48;2274,08;638,53;478,90;Lomalaudoitus;Avoräystäs;kyllä;Ei maalinpoistoa;Ei pohjamaalausta;ei;Haastava;Keskitaso;218,13;44,55;72,05;4,50
460;6419,92;5115,48;2251,98;669,70;502,27;Lomalaudoitus;Avoräystäs;ei;Helppo, 2 seinää;Ei pohjamaalausta;ei;Haastava;Keskitaso;218,13;44,55;71,35;4,46
461;6423,01;5117,94;2253,54;669,70;502,27;Lomalaudoitus;Avoräystäs;ei;Vaikea, 2 seinää;Ei pohjamaalausta;ei;Lievä rinne;Korkea;218,13;44,55;71,40;4,46
462;6423,61;5118,42;2214,85;721,69;541,27;Rimalaudoitus;Avoräystäs;kyllä;Vaikea, 4 seinää;Pohjamaalaus, 2 seinää;ei;Tasainen;Keskitaso;187,59;48,17;70,17;4,39
463;6425,49;5119,91;2298,74;611,10;458,32;Panelointi;Umpiräystäs;kyllä;Vaikea, 4 seinää;Ei pohjamaalausta;ei;Haastava;Keskitaso;174,50;36,54;72,83;4,55
464;6425,71;5120,09;2184,66;763,36;572,52;Panelointi;Avoräystäs;ei;Vaikea, 4 seinää;Pohjamaalaus, 4 seinää;ei;Tasainen;Keskitaso;174,50;53,36;69,22;4,33
465;6426,83;5120,98;2155,06;803,58;602,69;Lomalaudoitus;Umpiräystäs;ei;Ei maalinpoistoa;Pohjamaalaus, 4 seinää;ei;Tasainen;Keskitaso;218,13;62,98;68,28;4,27
466;6428,28;5122,13;2245,73;683,66;512,74;Rimalaudoitus;Umpiräystäs;ei;Vaikea, 2 seinää;Pohjamaalaus, 2 seinää;ei;Lievä rinne;Korkea;187,59;47,02;71,15;4,45
467;6428,67;5122,45;2274,25;645,89;484,42;Rimalaudoitus;Avoräystäs;kyllä;Helppo, 4 seinää;Ei pohjamaalausta;ei;Lievä rinne;Korkea;187,59;39,75;72,06;4,50
468;6435,46;5127,86;2295,36;622,33;466,75;Panelointi;Avoräystäs;kyllä;Vaikea, 4 seinää;Ei pohjamaalausta;ei;Lievä rinne;Korkea;174,50;37,69;72,72;4,55
469;6441,64;5132,78;2325,61;586,17;439,63;Panelointi;Umpiräystäs;kyllä;Vaikea, 2 seinää;Ei pohjamaalausta;ei;Haastava;Korkea;174,50;36,54;73,68;4,61
470;6444,00;5134,66;2229,85;715,44;536,58;Lomalaudoitus;Umpiräystäs;kyllä;Ei maalinpoistoa;Pohjamaalaus, 2 seinää;ei;Tasainen;Korkea;218,13;53,19;70,65;4,42
471;6444,00;5134,66;2229,85;715,44;536,58;Lomalaudoitus;Umpiräystäs;kyllä;Ei maalinpoistoa;Pohjamaalaus, 2 seinää;ei;Lievä rinne;Keskitaso;218,13;53,19;70,65;4,42
472;6444,14;5134,77;2253,76;683,66;512,74;Rimalaudoitus;Umpiräystäs;ei;Helppo, 2 seinää;Pohjamaalaus, 2 seinää;ei;Haastava;Keskitaso;187,59;47,02;71,41;4,46
473;6445,27;5135,67;2231,95;713,50;535,12;Panelointi;Avoräystäs;kyllä;Ei maalinpoistoa;Pohjamaalaus, 4 seinää;ei;Tasainen;Korkea;174,50;53,36;70,72;4,42
474;6445,27;5135,67;2231,95;713,50;535,12;Panelointi;Avoräystäs;kyllä;Ei maalinpoistoa;Pohjamaalaus, 4 seinää;ei;Lievä rinne;Keskitaso;174,50;53,36;70,72;4,42
475;6447,48;5137,43;2256,98;681,61;511,21;Panelointi;Umpiräystäs;kyllä;Vaikea, 4 seinää;Pohjamaalaus, 2 seinää;ei;Tasainen;Korkea;174,50;44,37;71,51;4,47
476;6447,48;5137,43;2256,98;681,61;511,21;Panelointi;Umpiräystäs;kyllä;Vaikea, 4 seinää;Pohjamaalaus, 2 seinää;ei;Lievä rinne;Keskitaso;174,50;44,37;71,51;4,47
477;6451,75;5140,83;2210,40;746,60;559,95;Lomalaudoitus;Umpiräystäs;ei;Helppo, 2 seinää;Pohjamaalaus, 2 seinää;ei;Tasainen;Korkea;218,13;53,19;70,03;4,38
478;6451,75;5140,83;2210,40;746,60;559,95;Lomalaudoitus;Umpiräystäs;ei;Helppo, 2 seinää;Pohjamaalaus, 2 seinää;ei;Lievä rinne;Keskitaso;218,13;53,19;70,03;4,38
479;6454,29;5142,86;2211,68;746,60;559,95;Lomalaudoitus;Umpiräystäs;kyllä;Vaikea, 2 seinää;Pohjamaalaus, 2 seinää;ei;Tasainen;Keskitaso;218,13;53,19;70,07;4,38
480;6455,47;5143,80;2278,38;658,46;493,85;Lomalaudoitus;Umpiräystäs;kyllä;Helppo, 2 seinää;Ei pohjamaalausta;ei;Lievä rinne;Korkea;218,13;43,39;72,19;4,51
481;6456,95;5144,98;2251,81;694,89;521,17;Rimalaudoitus;Avoräystäs;ei;Helppo, 2 seinää;Pohjamaalaus, 2 seinää;ei;Lievä rinne;Korkea;187,59;48,17;71,34;4,46
482;6459,37;5146,91;2256,99;689,62;517,22;Lomalaudoitus;Umpiräystäs;ei;Helppo, 4 seinää;Ei pohjamaalausta;ei;Lievä rinne;Korkea;218,13;43,39;71,51;4,47
483;6462,41;5149,33;2250,10;700,86;525,64;Lomalaudoitus;Avoräystäs;ei;Vaikea, 4 seinää;Ei pohjamaalausta;ei;Tasainen;Korkea;218,13;44,55;71,29;4,46
484;6462,41;5149,33;2250,10;700,86;525,64;Lomalaudoitus;Avoräystäs;ei;Vaikea, 4 seinää;Ei pohjamaalausta;ei;Lievä rinne;Keskitaso;218,13;44,55;71,29;4,46
485;6464,94;5151,34;2265,82;681,61;511,21;Panelointi;Umpiräystäs;ei;Helppo, 4 seinää;Pohjamaalaus, 2 seinää;ei;Haastava;Keskitaso;174,50;44,37;71,79;4,49
486;6465,30;5151,63;2208,83;757,84;568,38;Lomalaudoitus;Avoräystäs;kyllä;Helppo, 2 seinää;Pohjamaalaus, 2 seinää;ei;Tasainen;Keskitaso;218,13;54,34;69,98;4,37
487;6465,39;5151,71;2276,32;667,91;500,94;Panelointi;Avoräystäs;ei;Vaikea, 2 seinää;Pohjamaalaus, 2 seinää;ei;Haastava;Keskitaso;174,50;45,53;72,12;4,51
488;6469,79;5155,21;2315,17;619,09;464,32;Rimalaudoitus;Avoräystäs;ei;Vaikea, 2 seinää;Ei pohjamaalausta;ei;Haastava;Korkea;187,59;39,75;73,35;4,58
489;6471,77;5156,79;2259,32;694,89;521,17;Rimalaudoitus;Avoräystäs;kyllä;Vaikea, 2 seinää;Pohjamaalaus, 2 seinää;ei;Tasainen;Korkea;187,59;48,17;71,58;4,47
490;6471,77;5156,79;2259,32;694,89;521,17;Rimalaudoitus;Avoräystäs;kyllä;Vaikea, 2 seinää;Pohjamaalaus, 2 seinää;ei;Lievä rinne;Keskitaso;187,59;48,17;71,58;4,47
491;6476,53;5160,58;2191,15;789,00;591,75;Lomalaudoitus;Avoräystäs;ei;Helppo, 4 seinää;Pohjamaalaus, 2 seinää;ei;Tasainen;Keskitaso;218,13;54,34;69,42;4,34
492;6476,97;5160,93;2263,49;692,84;519,63;Panelointi;Avoräystäs;ei;Helppo, 4 seinää;Pohjamaalaus, 2 seinää;ei;Lievä rinne;Korkea;174,50;45,53;71,71;4,48
493;6477,09;5161,03;2300,95;642,99;482,24;Panelointi;Avoräystäs;ei;Ei maalinpoistoa;Pohjamaalaus, 2 seinää;ei;Haastava;Korkea;174,50;45,53;72,90;4,56
494;6478,72;5162,33;2305,11;638,53;478,90;Lomalaudoitus;Avoräystäs;ei;Ei maalinpoistoa;Ei pohjamaalausta;ei;Haastava;Korkea;218,13;44,55;73,03;4,56
495;6479,19;5162,70;2308,26;634,65;475,99;Rimalaudoitus;Umpiräystäs;ei;Helppo, 4 seinää;Ei pohjamaalausta;ei;Haastava;Korkea;187,59;38,59;73,13;4,57
496;6481,09;5164,21;2337,16;597,40;448,05;Panelointi;Avoräystäs;kyllä;Helppo, 2 seinää;Ei pohjamaalausta;ei;Haastava;Korkea;174,50;37,69;74,05;4,63
497;6483,28;5165,96;2301,91;645,89;484,42;Rimalaudoitus;Avoräystäs;ei;Vaikea, 4 seinää;Ei pohjamaalausta;ei;Haastava;Keskitaso;187,59;39,75;72,93;4,56
498;6483,89;5166,45;2253,79;710,45;532,84;Rimalaudoitus;Umpiräystäs;kyllä;Helppo, 4 seinää;Pohjamaalaus, 2 seinää;ei;Tasainen;Korkea;187,59;47,02;71,41;4,46
499;6483,89;5166,45;2253,79;710,45;532,84;Rimalaudoitus;Umpiräystäs;kyllä;Helppo, 4 seinää;Pohjamaalaus, 2 seinää;ei;Lievä rinne;Keskitaso;187,59;47,02;71,41;4,46
500;6486,97;5168,90;2295,55;656,86;492,64;Rimalaudoitus;Umpiräystäs;kyllä;Ei maalinpoistoa;Pohjamaalaus, 2 seinää;ei;Haastava;Keskitaso;187,59;47,02;72,73;4,55
501;6491,64;5172,62;2332,24;611,10;458,32;Panelointi;Umpiräystäs;ei;Vaikea, 4 seinää;Ei pohjamaalausta;ei;Haastava;Korkea;174,50;36,54;73,89;4,62
502;6492,64;5173,42;2237,25;738,43;553,82;Panelointi;Avoräystäs;ei;Vaikea, 2 seinää;Pohjamaalaus, 4 seinää;ei;Tasainen;Korkea;174,50;53,36;70,88;4,43
503;6492,64;5173,42;2237,25;738,43;553,82;Panelointi;Avoräystäs;ei;Vaikea, 2 seinää;Pohjamaalaus, 4 seinää;ei;Lievä rinne;Keskitaso;174,50;53,36;70,88;4,43
504;6494,67;5175,04;2228,01;752,12;564,09;Panelointi;Umpiräystäs;ei;Helppo, 4 seinää;Pohjamaalaus, 4 seinää;ei;Tasainen;Korkea;174,50;52,21;70,59;4,41
505;6494,67;5175,04;2228,01;752,12;564,09;Panelointi;Umpiräystäs;ei;Helppo, 4 seinää;Pohjamaalaus, 4 seinää;ei;Lievä rinne;Keskitaso;174,50;52,21;70,59;4,41
506;6497,11;5176,98;2292,27;668,09;501,07;Rimalaudoitus;Avoräystäs;kyllä;Ei maalinpoistoa;Pohjamaalaus, 2 seinää;ei;Lievä rinne;Korkea;187,59;48,17;72,63;4,54
507;6499,02;5178,50;2224,71;759,46;569,59;Rimalaudoitus;Umpiräystäs;kyllä;Vaikea, 2 seinää;Pohjamaalaus, 4 seinää;ei;Tasainen;Keskitaso;187,59;55,44;70,49;4,41
508;6499,25;5178,68;2196,30;797,49;598,12;Rimalaudoitus;Avoräystäs;ei;Helppo, 4 seinää;Pohjamaalaus, 4 seinää;ei;Tasainen;Keskitaso;187,59;56,59;69,59;4,35
509;6499,32;5178,74;2301,95;656,68;492,51;Panelointi;Umpiräystäs;kyllä;Vaikea, 2 seinää;Pohjamaalaus, 2 seinää;ei;Lievä rinne;Korkea;174,50;44,37;72,93;4,56
510;6500,77;5179,90;2269,55;700,86;525,64;Lomalaudoitus;Avoräystäs;kyllä;Helppo, 4 seinää;Ei pohjamaalausta;ei;Tasainen;Korkea;218,13;44,55;71,91;4,49
511;6500,77;5179,90;2269,55;700,86;525,64;Lomalaudoitus;Avoräystäs;kyllä;Helppo, 4 seinää;Ei pohjamaalausta;ei;Lievä rinne;Keskitaso;218,13;44,55;71,91;4,49
512;6505,05;5183,30;2224,85;763,36;572,52;Panelointi;Avoräystäs;kyllä;Helppo, 4 seinää;Pohjamaalaus, 4 seinää;ei;Tasainen;Keskitaso;174,50;53,36;70,49;4,41
513;6515,57;5191,69;2326,72;634,65;475,99;Rimalaudoitus;Umpiräystäs;kyllä;Vaikea, 4 seinää;Ei pohjamaalausta;ei;Lievä rinne;Korkea;187,59;38,59;73,72;4,61
514;6516,12;5192,12;2233,39;759,46;569,59;Rimalaudoitus;Umpiräystäs;ei;Helppo, 2 seinää;Pohjamaalaus, 4 seinää;ei;Tasainen;Korkea;187,59;55,44;70,76;4,42
515;6516,12;5192,12;2233,39;759,46;569,59;Rimalaudoitus;Umpiräystäs;ei;Helppo, 2 seinää;Pohjamaalaus, 4 seinää;ei;Lievä rinne;Keskitaso;187,59;55,44;70,76;4,42
516;6525,52;5199,61;2229,74;770,69;578,02;Rimalaudoitus;Avoräystäs;kyllä;Helppo, 2 seinää;Pohjamaalaus, 4 seinää;ei;Tasainen;Keskitaso;187,59;56,59;70,65;4,42
517;6527,10;5200,88;2316,05;656,68;492,51;Panelointi;Umpiräystäs;kyllä;Helppo, 2 seinää;Pohjamaalaus, 2 seinää;ei;Haastava;Keskitaso;174,50;44,37;73,38;4,59
518;6529,60;5202,87;2283,13;702,26;526,70;Panelointi;Umpiräystäs;ei;Ei maalinpoistoa;Pohjamaalaus, 4 seinää;ei;Haastava;Keskitaso;174,50;52,21;72,34;4,52
519;6530,17;5203,32;2354,23;607,86;455,89;Rimalaudoitus;Umpiräystäs;kyllä;Helppo, 2 seinää;Ei pohjamaalausta;ei;Haastava;Korkea;187,59;38,59;74,59;4,66
520;6535,94;5207,92;2312,11;667,91;500,94;Panelointi;Avoräystäs;kyllä;Helppo, 2 seinää;Pohjamaalaus, 2 seinää;ei;Lievä rinne;Korkea;174,50;45,53;73,26;4,58
521;6538,82;5210,22;2277,93;715,44;536,58;Lomalaudoitus;Umpiräystäs;ei;Ei maalinpoistoa;Pohjamaalaus, 2 seinää;ei;Lievä rinne;Korkea;218,13;53,19;72,17;4,51
522;6539,62;5210,85;2131,14;911,71;683,78;Panelointi;Avoräystäs;ei;Ei maalinpoistoa;Ei pohjamaalausta;kyllä;Tasainen;Keskitaso;174,50;75,39;67,52;4,22
523;6540,50;5211,56;2280,25;713,50;535,12;Panelointi;Avoräystäs;ei;Ei maalinpoistoa;Pohjamaalaus, 4 seinää;ei;Lievä rinne;Korkea;174,50;53,36;72,25;4,52
524;6543,76;5214,15;2275,76;721,69;541,27;Rimalaudoitus;Avoräystäs;ei;Vaikea, 4 seinää;Pohjamaalaus, 2 seinää;ei;Tasainen;Korkea;187,59;48,17;72,10;4,51
525;6543,76;5214,15;2275,76;721,69;541,27;Rimalaudoitus;Avoräystäs;ei;Vaikea, 4 seinää;Pohjamaalaus, 2 seinää;ei;Lievä rinne;Keskitaso;187,59;48,17;72,10;4,51
526;6544,90;5215,06;2272,21;727,19;545,39;Panelointi;Umpiräystäs;kyllä;Helppo, 2 seinää;Pohjamaalaus, 4 seinää;ei;Tasainen;Korkea;174,50;52,21;71,99;4,50
527;6544,90;5215,06;2272,21;727,19;545,39;Panelointi;Umpiräystäs;kyllä;Helppo, 2 seinää;Pohjamaalaus, 4 seinää;ei;Lievä rinne;Keskitaso;174,50;52,21;71,99;4,50
528;6547,62;5217,23;2307,78;681,61;511,21;Panelointi;Umpiräystäs;ei;Vaikea, 4 seinää;Pohjamaalaus, 2 seinää;ei;Lievä rinne;Korkea;174,50;44,37;73,12;4,57
529;6548,77;5218,14;2208,46;814,82;611,11;Lomalaudoitus;Avoräystäs;ei;Ei maalinpoistoa;Pohjamaalaus, 4 seinää;ei;Tasainen;Keskitaso;218,13;64,13;69,97;4,37
530;6548,94;5218,28;2270,16;732,66;549,49;Rimalaudoitus;Umpiräystäs;kyllä;Ei maalinpoistoa;Pohjamaalaus, 4 seinää;ei;Tasainen;Korkea;187,59;55,44;71,93;4,50
531;6548,94;5218,28;2270,16;732,66;549,49;Rimalaudoitus;Umpiräystäs;kyllä;Ei maalinpoistoa;Pohjamaalaus, 4 seinää;ei;Lievä rinne;Keskitaso;187,59;55,44;71,93;4,50
532;6552,30;5220,96;2328,73;656,86;492,64;Rimalaudoitus;Umpiräystäs;ei;Ei maalinpoistoa;Pohjamaalaus, 2 seinää;ei;Haastava;Korkea;187,59;47,02;73,78;4,61
533;6558,60;5225,97;2322,30;669,70;502,27;Lomalaudoitus;Avoräystäs;ei;Vaikea, 2 seinää;Ei pohjamaalausta;ei;Haastava;Keskitaso;218,13;44,55;73,58;4,60
534;6560,50;5227,49;2261,45;752,12;564,09;Panelointi;Umpiräystäs;kyllä;Vaikea, 4 seinää;Pohjamaalaus, 4 seinää;ei;Tasainen;Keskitaso;174,50;52,21;71,65;4,48
535;6563,32;5229,74;2314,23;683,66;512,74;Rimalaudoitus;Umpiräystäs;ei;Vaikea, 2 seinää;Pohjamaalaus, 2 seinää;ei;Haastava;Keskitaso;187,59;47,02;73,32;4,58
536;6563,77;5230,10;2140,95;915,01;686,26;Panelointi;Umpiräystäs;ei;Helppo, 2 seinää;Ei pohjamaalausta;kyllä;Tasainen;Keskitaso;174,50;73,08;67,83;4,24
537;6565,56;5231,52;2343,70;645,89;484,42;Rimalaudoitus;Avoräystäs;kyllä;Helppo, 4 seinää;Ei pohjamaalausta;ei;Haastava;Keskitaso;187,59;39,75;74,26;4,64
538;6567,99;5233,45;2239,66;786,26;589,69;Rimalaudoitus;Umpiräystäs;ei;Vaikea, 4 seinää;Pohjamaalaus, 4 seinää;ei;Tasainen;Keskitaso;187,59;55,44;70,96;4,43
539;6572,26;5236,86;2310,35;694,89;521,17;Rimalaudoitus;Avoräystäs;ei;Vaikea, 2 seinää;Pohjamaalaus, 2 seinää;ei;Lievä rinne;Korkea;187,59;48,17;73,20;4,57
540;6573,64;5237,96;2272,28;746,60;559,95;Lomalaudoitus;Umpiräystäs;ei;Vaikea, 2 seinää;Pohjamaalaus, 2 seinää;ei;Tasainen;Korkea;218,13;53,19;71,99;4,50
541;6573,64;5237,96;2272,28;746,60;559,95;Lomalaudoitus;Umpiräystäs;ei;Vaikea, 2 seinää;Pohjamaalaus, 2 seinää;ei;Lievä rinne;Keskitaso;218,13;53,19;71,99;4,50
542;6573,68;5237,99;2365,50;622,33;466,75;Panelointi;Avoräystäs;kyllä;Vaikea, 4 seinää;Ei pohjamaalausta;ei;Haastava;Keskitaso;174,50;37,69;74,95;4,68
543;6576,08;5239,90;2265,09;757,84;568,38;Lomalaudoitus;Avoräystäs;kyllä;Vaikea, 2 seinää;Pohjamaalaus, 2 seinää;ei;Tasainen;Keskitaso;218,13;54,34;71,77;4,49
544;6576,29;5240,07;2137,27;928,41;696,30;Rimalaudoitus;Umpiräystäs;ei;Ei maalinpoistoa;Ei pohjamaalausta;kyllä;Tasainen;Keskitaso;187,59;77,19;67,72;4,23
545;6576,30;5240,08;2250,26;777,76;583,32;Lomalaudoitus;Umpiräystäs;ei;Vaikea, 4 seinää;Pohjamaalaus, 2 seinää;ei;Tasainen;Keskitaso;218,13;53,19;71,30;4,46
546;6576,34;5240,11;2288,59;726,68;545,01;Lomalaudoitus;Avoräystäs;kyllä;Ei maalinpoistoa;Pohjamaalaus, 2 seinää;ei;Tasainen;Korkea;218,13;54,34;72,51;4,53
547;6576,34;5240,11;2288,59;726,68;545,01;Lomalaudoitus;Avoräystäs;kyllä;Ei maalinpoistoa;Pohjamaalaus, 2 seinää;ei;Lievä rinne;Keskitaso;218,13;54,34;72,51;4,53
548;6579,79;5242,86;2315,73;692,84;519,63;Panelointi;Avoräystäs;kyllä;Vaikea, 4 seinää;Pohjamaalaus, 2 seinää;ei;Tasainen;Korkea;174,50;45,53;73,37;4,59
549;6579,79;5242,86;2315,73;692,84;519,63;Panelointi;Avoräystäs;kyllä;Vaikea, 4 seinää;Pohjamaalaus, 2 seinää;ei;Lievä rinne;Keskitaso;174,50;45,53;73,37;4,59
550;6583,24;5245,61;2304,27;710,45;532,84;Rimalaudoitus;Umpiräystäs;ei;Helppo, 4 seinää;Pohjamaalaus, 2 seinää;ei;Lievä rinne;Korkea;187,59;47,02;73,01;4,56
551;6584,03;5246,24;2269,14;757,84;568,38;Lomalaudoitus;Avoräystäs;ei;Helppo, 2 seinää;Pohjamaalaus, 2 seinää;ei;Tasainen;Korkea;218,13;54,34;71,89;4,49
552;6584,03;5246,24;2269,14;757,84;568,38;Lomalaudoitus;Avoräystäs;ei;Helppo, 2 seinää;Pohjamaalaus, 2 seinää;ei;Lievä rinne;Keskitaso;218,13;54,34;71,89;4,49
553;6589,49;5250,59;2346,46;658,46;493,85;Lomalaudoitus;Umpiräystäs;kyllä;Vaikea, 2 seinää;Ei pohjamaalausta;ei;Lievä rinne;Korkea;218,13;43,39;74,34;4,65
554;6592,21;5252,75;2320,51;694,89;521,17;Rimalaudoitus;Avoräystäs;ei;Helppo, 2 seinää;Pohjamaalaus, 2 seinää;ei;Haastava;Keskitaso;187,59;48,17;73,52;4,60
555;6592,46;5252,95;2347,96;658,46;493,85;Lomalaudoitus;Umpiräystäs;kyllä;Helppo, 2 seinää;Ei pohjamaalausta;ei;Haastava;Keskitaso;218,13;43,39;74,39;4,65
556;6594,95;5254,94;2325,86;689,62;517,22;Lomalaudoitus;Umpiräystäs;ei;Helppo, 4 seinää;Ei pohjamaalausta;ei;Haastava;Keskitaso;218,13;43,39;73,69;4,61
557;6596,34;5256,04;2351,28;656,68;492,51;Panelointi;Umpiräystäs;ei;Helppo, 2 seinää;Pohjamaalaus, 2 seinää;ei;Haastava;Korkea;174,50;44,37;74,50;4,66
558;6599,26;5258,38;2343,01;669,70;502,27;Lomalaudoitus;Avoräystäs;kyllä;Helppo, 2 seinää;Ei pohjamaalausta;ei;Lievä rinne;Korkea;218,13;44,55;74,23;4,64
559;6600,31;5259,21;2387,49;611,10;458,32;Panelointi;Umpiräystäs;kyllä;Helppo, 4 seinää;Ei pohjamaalausta;ei;Haastava;Korkea;174,50;36,54;75,64;4,73
560;6602,82;5261,21;2399,04;597,40;448,05;Panelointi;Avoräystäs;kyllä;Vaikea, 2 seinää;Ei pohjamaalausta;ei;Haastava;Korkea;174,50;37,69;76,01;4,75
561;6603,14;5261,46;2321,61;700,86;525,64;Lomalaudoitus;Avoräystäs;ei;Helppo, 4 seinää;Ei pohjamaalausta;ei;Lievä rinne;Korkea;218,13;44,55;73,56;4,60
562;6605,96;5263,71;2181,13;890,08;667,56;Panelointi;Umpiräystäs;kyllä;Ei maalinpoistoa;Ei pohjamaalausta;kyllä;Tasainen;Keskitaso;174,50;73,08;69,11;4,32
563;6611,00;5267,73;2267,94;777,76;583,32;Lomalaudoitus;Umpiräystäs;kyllä;Helppo, 4 seinää;Pohjamaalaus, 2 seinää;ei;Tasainen;Keskitaso;218,13;53,19;71,86;4,49
564;6612,02;5268,55;2334,57;689,62;517,22;Lomalaudoitus;Umpiräystäs;kyllä;Vaikea, 4 seinää;Ei pohjamaalausta;ei;Tasainen;Korkea;218,13;43,39;73,97;4,62
565;6612,02;5268,55;2334,57;689,62;517,22;Lomalaudoitus;Umpiräystäs;kyllä;Vaikea, 4 seinää;Ei pohjamaalausta;ei;Lievä rinne;Keskitaso;218,13;43,39;73,97;4,62
566;6612,86;5269,21;2332,58;692,84;519,63;Panelointi;Avoräystäs;ei;Helppo, 4 seinää;Pohjamaalaus, 2 seinää;ei;Haastava;Keskitaso;174,50;45,53;73,90;4,62
567;6615,98;5271,70;2312,54;721,69;541,27;Rimalaudoitus;Avoräystäs;kyllä;Helppo, 4 seinää;Pohjamaalaus, 2 seinää;ei;Tasainen;Korkea;187,59;48,17;73,27;4,58
568;6615,98;5271,70;2312,54;721,69;541,27;Rimalaudoitus;Avoräystäs;kyllä;Helppo, 4 seinää;Pohjamaalaus, 2 seinää;ei;Lievä rinne;Keskitaso;187,59;48,17;73,27;4,58
569;6620,55;5275,34;2278,12;770,69;578,02;Rimalaudoitus;Avoräystäs;kyllä;Vaikea, 2 seinää;Pohjamaalaus, 4 seinää;ei;Tasainen;Keskitaso;187,59;56,59;72,18;4,51
570;6620,68;5275,44;2286,61;759,46;569,59;Rimalaudoitus;Umpiräystäs;ei;Vaikea, 2 seinää;Pohjamaalaus, 4 seinää;ei;Tasainen;Korkea;187,59;55,44;72,45;4,53
571;6620,68;5275,44;2286,61;759,46;569,59;Rimalaudoitus;Umpiräystäs;ei;Vaikea, 2 seinää;Pohjamaalaus, 4 seinää;ei;Lievä rinne;Keskitaso;187,59;55,44;72,45;4,53
572;6623,17;5277,42;2344,73;683,66;512,74;Rimalaudoitus;Umpiräystäs;kyllä;Helppo, 2 seinää;Pohjamaalaus, 2 seinää;ei;Lievä rinne;Korkea;187,59;47,02;74,29;4,64
573;6626,70;5280,24;2286,76;763,36;572,52;Panelointi;Avoräystäs;ei;Helppo, 4 seinää;Pohjamaalaus, 4 seinää;ei;Tasainen;Korkea;174,50;53,36;72,45;4,53
574;6626,70;5280,24;2286,76;763,36;572,52;Panelointi;Avoräystäs;ei;Helppo, 4 seinää;Pohjamaalaus, 4 seinää;ei;Lievä rinne;Keskitaso;174,50;53,36;72,45;4,53
575;6633,57;5285,72;2273,09;786,26;589,69;Rimalaudoitus;Umpiräystäs;kyllä;Helppo, 4 seinää;Pohjamaalaus, 4 seinää;ei;Tasainen;Keskitaso;187,59;55,44;72,02;4,50
576;6634,74;5286,64;2362,31;668,09;501,07;Rimalaudoitus;Avoräystäs;kyllä;Ei maalinpoistoa;Pohjamaalaus, 2 seinää;ei;Haastava;Keskitaso;187,59;48,17;74,85;4,68
577;6637,56;5288,89;2372,31;656,68;492,51;Panelointi;Umpiräystäs;kyllä;Vaikea, 2 seinää;Pohjamaalaus, 2 seinää;ei;Haastava;Keskitaso;174,50;44,37;75,16;4,70
578;6640,09;5290,90;2381,69;645,89;484,42;Rimalaudoitus;Avoräystäs;ei;Helppo, 4 seinää;Ei pohjamaalausta;ei;Haastava;Korkea;187,59;39,75;75,46;4,72
579;6642,05;5292,47;2321,72;727,19;545,39;Panelointi;Umpiräystäs;kyllä;Vaikea, 2 seinää;Pohjamaalaus, 4 seinää;ei;Tasainen;Korkea;174,50;52,21;73,56;4,60
580;6642,05;5292,47;2321,72;727,19;545,39;Panelointi;Umpiräystäs;kyllä;Vaikea, 2 seinää;Pohjamaalaus, 4 seinää;ei;Lievä rinne;Keskitaso;174,50;52,21;73,56;4,60
581;6642,82;5293,09;2366,57;667,91;500,94;Panelointi;Avoräystäs;kyllä;Vaikea, 2 seinää;Pohjamaalaus, 2 seinää;ei;Lievä rinne;Korkea;174,50;45,53;74,98;4,69
582;6643,03;5293,25;2356,40;681,61;511,21;Panelointi;Umpiräystäs;kyllä;Helppo, 4 seinää;Pohjamaalaus, 2 seinää;ei;Lievä rinne;Korkea;174,50;44,37;74,66;4,67
583;6647,57;5296,87;2324,54;727,19;545,39;Panelointi;Umpiräystäs;ei;Helppo, 2 seinää;Pohjamaalaus, 4 seinää;ei;Lievä rinne;Korkea;174,50;52,21;73,65;4,60
584;6648,01;5297,22;2292,13;770,69;578,02;Rimalaudoitus;Avoräystäs;ei;Helppo, 2 seinää;Pohjamaalaus, 4 seinää;ei;Tasainen;Korkea;187,59;56,59;72,62;4,54
585;6648,01;5297,22;2292,13;770,69;578,02;Rimalaudoitus;Avoräystäs;ei;Helppo, 2 seinää;Pohjamaalaus, 4 seinää;ei;Lievä rinne;Keskitaso;187,59;56,59;72,62;4,54
586;6651,19;5299,75;2322,29;732,66;549,49;Rimalaudoitus;Umpiräystäs;ei;Ei maalinpoistoa;Pohjamaalaus, 4 seinää;ei;Lievä rinne;Korkea;187,59;55,44;73,58;4,60
587;6652,03;5300,42;2185,95;915,01;686,26;Panelointi;Umpiräystäs;ei;Vaikea, 2 seinää;Ei pohjamaalausta;kyllä;Tasainen;Keskitaso;174,50;73,08;69,26;4,33
588;6652,44;5300,75;2405,67;622,33;466,75;Panelointi;Avoräystäs;ei;Vaikea, 4 seinää;Ei pohjamaalausta;ei;Haastava;Korkea;174,50;37,69;76,22;4,76
589;6655,31;5303,03;2397,89;634,65;475,99;Rimalaudoitus;Umpiräystäs;kyllä;Vaikea, 4 seinää;Ei pohjamaalausta;ei;Haastava;Keskitaso;187,59;38,59;75,97;4,75
590;6658,97;5305,95;2391,34;645,89;484,42;Rimalaudoitus;Avoräystäs;kyllä;Vaikea, 4 seinää;Ei pohjamaalausta;ei;Lievä rinne;Korkea;187,59;39,75;75,77;4,74
591;6660,71;5307,34;2420,75;607,86;455,89;Rimalaudoitus;Umpiräystäs;kyllä;Vaikea, 2 seinää;Ei pohjamaalausta;ei;Haastava;Korkea;187,59;38,59;76,70;4,79
592;6667,72;5312,92;2386,38;658,46;493,85;Lomalaudoitus;Umpiräystäs;ei;Helppo, 2 seinää;Ei pohjamaalausta;ei;Haastava;Korkea;218,13;43,39;75,61;4,73
593;6667,95;5313,10;2406,53;631,75;473,81;Panelointi;Umpiräystäs;kyllä;Ei maalinpoistoa;Pohjamaalaus, 2 seinää;ei;Haastava;Korkea;174,50;44,37;76,25;4,77
594;6669,56;5314,39;2410,70;627,30;470,47;Lomalaudoitus;Umpiräystäs;kyllä;Ei maalinpoistoa;Ei pohjamaalausta;ei;Haastava;Korkea;218,13;43,39;76,38;4,77
595;6674,59;5318,40;2382,81;667,91;500,94;Panelointi;Avoräystäs;kyllä;Helppo, 2 seinää;Pohjamaalaus, 2 seinää;ei;Haastava;Keskitaso;174,50;45,53;75,49;4,72
596;6675,25;5318,93;2347,50;715,44;536,58;Lomalaudoitus;Umpiräystäs;ei;Ei maalinpoistoa;Pohjamaalaus, 2 seinää;ei;Haastava;Keskitaso;218,13;53,19;74,38;4,65
597;6676,62;5320,01;2330,96;738,43;553,82;Panelointi;Avoräystäs;kyllä;Helppo, 2 seinää;Pohjamaalaus, 4 seinää;ei;Tasainen;Korkea;174,50;53,36;73,85;4,62
598;6676,62;5320,01;2330,96;738,43;553,82;Panelointi;Avoräystäs;kyllä;Helppo, 2 seinää;Pohjamaalaus, 4 seinää;ei;Lievä rinne;Keskitaso;174,50;53,36;73,85;4,62
599;6677,07;5320,37;2349,89;713,50;535,12;Panelointi;Avoräystäs;ei;Ei maalinpoistoa;Pohjamaalaus, 4 seinää;ei;Haastava;Keskitaso;174,50;53,36;74,45;4,65
600;6680,63;5323,21;2328,91;743,89;557,92;Rimalaudoitus;Avoräystäs;kyllä;Ei maalinpoistoa;Pohjamaalaus, 4 seinää;ei;Tasainen;Korkea;187,59;56,59;73,79;4,61
601;6680,63;5323,21;2328,91;743,89;557,92;Rimalaudoitus;Avoräystäs;kyllä;Ei maalinpoistoa;Pohjamaalaus, 4 seinää;ei;Lievä rinne;Keskitaso;187,59;56,59;73,79;4,61
602;6681,69;5324,05;2314,86;763,36;572,52;Panelointi;Avoräystäs;kyllä;Vaikea, 4 seinää;Pohjamaalaus, 4 seinää;ei;Tasainen;Keskitaso;174,50;53,36;73,34;4,58
603;6682,06;5324,35;2342,56;726,68;545,01;Lomalaudoitus;Avoräystäs;ei;Ei maalinpoistoa;Pohjamaalaus, 2 seinää;ei;Lievä rinne;Korkea;218,13;54,34;74,22;4,64
604;6682,79;5324,93;2285,25;803,58;602,69;Lomalaudoitus;Umpiräystäs;kyllä;Ei maalinpoistoa;Pohjamaalaus, 4 seinää;ei;Tasainen;Keskitaso;218,13;62,98;72,40;4,53
605;6685,92;5327,43;2378,33;681,61;511,21;Panelointi;Umpiräystäs;ei;Vaikea, 4 seinää;Pohjamaalaus, 2 seinää;ei;Haastava;Keskitaso;174,50;44,37;75,35;4,71
606;6688,99;5329,87;2327,02;752,12;564,09;Panelointi;Umpiräystäs;ei;Vaikea, 4 seinää;Pohjamaalaus, 4 seinää;ei;Tasainen;Korkea;174,50;52,21;73,73;4,61
607;6688,99;5329,87;2327,02;752,12;564,09;Panelointi;Umpiräystäs;ei;Vaikea, 4 seinää;Pohjamaalaus, 4 seinää;ei;Lievä rinne;Keskitaso;174,50;52,21;73,73;4,61
608;6689,13;5329,98;2293,06;797,49;598,12;Rimalaudoitus;Avoräystäs;ei;Vaikea, 4 seinää;Pohjamaalaus, 4 seinää;ei;Tasainen;Keskitaso;187,59;56,59;72,65;4,54
609;6690,69;5331,23;2427,66;619,09;464,32;Rimalaudoitus;Avoräystäs;kyllä;Helppo, 2 seinää;Ei pohjamaalausta;ei;Haastava;Korkea;187,59;39,75;76,92;4,81
610;6690,80;5331,31;2372,40;692,84;519,63;Panelointi;Avoräystäs;ei;Vaikea, 4 seinää;Pohjamaalaus, 2 seinää;ei;Lievä rinne;Korkea;174,50;45,53;75,17;4,70
611;6692,82;5332,92;2360,23;710,45;532,84;Rimalaudoitus;Umpiräystäs;kyllä;Vaikea, 4 seinää;Pohjamaalaus, 2 seinää;ei;Tasainen;Korkea;187,59;47,02;74,78;4,67
612;6692,82;5332,92;2360,23;710,45;532,84;Rimalaudoitus;Umpiräystäs;kyllä;Vaikea, 4 seinää;Pohjamaalaus, 2 seinää;ei;Lievä rinne;Keskitaso;187,59;47,02;74,78;4,67
613;6693,90;5333,79;2267,57;834,74;626,06;Lomalaudoitus;Umpiräystäs;ei;Helppo, 2 seinää;Pohjamaalaus, 4 seinää;ei;Tasainen;Keskitaso;218,13;62,98;71,84;4,49
614;6697,39;5336,57;2303,67;789,00;591,75;Lomalaudoitus;Avoräystäs;ei;Vaikea, 4 seinää;Pohjamaalaus, 2 seinää;ei;Tasainen;Keskitaso;218,13;54,34;72,99;4,56
615;6705,18;5342,78;2331,03;757,84;568,38;Lomalaudoitus;Avoräystäs;ei;Vaikea, 2 seinää;Pohjamaalaus, 2 seinää;ei;Tasainen;Korkea;218,13;54,34;73,85;4,62
616;6705,18;5342,78;2331,03;757,84;568,38;Lomalaudoitus;Avoräystäs;ei;Vaikea, 2 seinää;Pohjamaalaus, 2 seinää;ei;Lievä rinne;Keskitaso;218,13;54,34;73,85;4,62
617;6706,07;5343,49;2373,16;702,26;526,70;Panelointi;Umpiräystäs;kyllä;Ei maalinpoistoa;Pohjamaalaus, 4 seinää;ei;Lievä rinne;Korkea;174,50;52,21;75,19;4,70
618;6710,56;5347,06;2380,99;694,89;521,17;Rimalaudoitus;Avoräystäs;ei;Vaikea, 2 seinää;Pohjamaalaus, 2 seinää;ei;Haastava;Keskitaso;187,59;48,17;75,44;4,71
619;6712,65;5348,73;2402,16;668,09;501,07;Rimalaudoitus;Avoräystäs;ei;Ei maalinpoistoa;Pohjamaalaus, 2 seinää;ei;Haastava;Korkea;187,59;48,17;76,11;4,76
620;6717,42;5352,52;2413,16;656,68;492,51;Panelointi;Umpiräystäs;ei;Vaikea, 2 seinää;Pohjamaalaus, 2 seinää;ei;Haastava;Korkea;174,50;44,37;76,46;4,78
621;6718,51;5353,39;2238,67;890,08;667,56;Panelointi;Umpiräystäs;ei;Ei maalinpoistoa;Ei pohjamaalausta;kyllä;Tasainen;Korkea;174,50;73,08;70,93;4,43
622;6718,51;5353,39;2238,67;890,08;667,56;Panelointi;Umpiräystäs;ei;Ei maalinpoistoa;Ei pohjamaalausta;kyllä;Lievä rinne;Keskitaso;174,50;73,08;70,93;4,43
623;6721,08;5355,45;2374,71;710,45;532,84;Rimalaudoitus;Umpiräystäs;ei;Helppo, 4 seinää;Pohjamaalaus, 2 seinää;ei;Haastava;Keskitaso;187,59;47,02;75,24;4,70
624;6726,18;5359,50;2368,89;721,69;541,27;Rimalaudoitus;Avoräystäs;ei;Helppo, 4 seinää;Pohjamaalaus, 2 seinää;ei;Lievä rinne;Korkea;187,59;48,17;75,05;4,69
625;6726,54;5359,79;2393,13;689,62;517,22;Lomalaudoitus;Umpiräystäs;ei;Vaikea, 4 seinää;Ei pohjamaalausta;ei;Lievä rinne;Korkea;218,13;43,39;75,82;4,74
626;6730,02;5362,57;2418,29;658,46;493,85;Lomalaudoitus;Umpiräystäs;kyllä;Vaikea, 2 seinää;Ei pohjamaalausta;ei;Haastava;Keskitaso;218,13;43,39;76,62;4,79
627;6731,90;5364,06;2321,35;789,00;591,75;Lomalaudoitus;Avoräystäs;kyllä;Helppo, 4 seinää;Pohjamaalaus, 2 seinää;ei;Tasainen;Keskitaso;218,13;54,34;73,55;4,60
628;6732,39;5364,46;2411,08;669,70;502,27;Lomalaudoitus;Avoräystäs;kyllä;Vaikea, 2 seinää;Ei pohjamaalausta;ei;Lievä rinne;Korkea;218,13;44,55;76,39;4,77
629;6732,81;5364,79;2353,61;746,60;559,95;Lomalaudoitus;Umpiräystäs;kyllä;Helppo, 2 seinää;Pohjamaalaus, 2 seinää;ei;Tasainen;Korkea;218,13;53,19;74,57;4,66
630;6732,81;5364,79;2353,61;746,60;559,95;Lomalaudoitus;Umpiräystäs;kyllä;Helppo, 2 seinää;Pohjamaalaus, 2 seinää;ei;Lievä rinne;Keskitaso;218,13;53,19;74,57;4,66
631;6737,58;5368,59;2403,27;683,66;512,74;Rimalaudoitus;Umpiräystäs;kyllä;Vaikea, 2 seinää;Pohjamaalaus, 2 seinää;ei;Lievä rinne;Korkea;187,59;47,02;76,14;4,76
632;6739,50;5370,12;2414,72;669,70;502,27;Lomalaudoitus;Avoräystäs;kyllä;Helppo, 2 seinää;Ei pohjamaalausta;ei;Haastava;Keskitaso;218,13;44,55;76,51;4,78
633;6740,09;5370,59;2441,30;634,65;475,99;Rimalaudoitus;Umpiräystäs;ei;Vaikea, 4 seinää;Ei pohjamaalausta;ei;Haastava;Korkea;187,59;38,59;77,35;4,83
634;6740,45;5370,88;2334,16;777,76;583,32;Lomalaudoitus;Umpiräystäs;ei;Helppo, 4 seinää;Pohjamaalaus, 2 seinää;ei;Tasainen;Korkea;218,13;53,19;73,95;4,62
635;6740,45;5370,88;2334,16;777,76;583,32;Lomalaudoitus;Umpiräystäs;ei;Helppo, 4 seinää;Pohjamaalaus, 2 seinää;ei;Lievä rinne;Keskitaso;218,13;53,19;73,95;4,62
636;6741,97;5372,09;2392,62;700,86;525,64;Lomalaudoitus;Avoräystäs;ei;Helppo, 4 seinää;Ei pohjamaalausta;ei;Haastava;Keskitaso;218,13;44,55;75,81;4,74
637;6743,33;5373,17;2393,32;700,86;525,64;Lomalaudoitus;Avoräystäs;kyllä;Vaikea, 4 seinää;Ei pohjamaalausta;ei;Tasainen;Korkea;218,13;44,55;75,83;4,74
638;6743,33;5373,17;2393,32;700,86;525,64;Lomalaudoitus;Avoräystäs;kyllä;Vaikea, 4 seinää;Ei pohjamaalausta;ei;Lievä rinne;Keskitaso;218,13;44,55;75,83;4,74
639;6751,93;5380,02;2345,35;770,69;578,02;Rimalaudoitus;Avoräystäs;ei;Vaikea, 2 seinää;Pohjamaalaus, 4 seinää;ei;Tasainen;Korkea;187,59;56,59;74,31;4,64
640;6751,93;5380,02;2345,35;770,69;578,02;Rimalaudoitus;Avoräystäs;ei;Vaikea, 2 seinää;Pohjamaalaus, 4 seinää;ei;Lievä rinne;Keskitaso;187,59;56,59;74,31;4,64
641;6752,42;5380,42;2221,15;936,64;702,48;Panelointi;Avoräystäs;ei;Helppo, 2 seinää;Ei pohjamaalausta;kyllä;Tasainen;Keskitaso;174,50;75,39;70,37;4,40
642;6753,91;5381,60;2378,99;727,19;545,39;Panelointi;Umpiräystäs;ei;Vaikea, 2 seinää;Pohjamaalaus, 4 seinää;ei;Lievä rinne;Korkea;174,50;52,21;75,37;4,71
643;6754,35;5381,95;2326,50;797,49;598,12;Rimalaudoitus;Avoräystäs;kyllä;Helppo, 4 seinää;Pohjamaalaus, 4 seinää;ei;Tasainen;Keskitaso;187,59;56,59;73,71;4,61
644;6756,36;5383,55;2424,71;667,91;500,94;Panelointi;Avoräystäs;ei;Helppo, 2 seinää;Pohjamaalaus, 2 seinää;ei;Haastava;Korkea;174,50;45,53;76,82;4,80
645;6760,30;5386,70;2460,92;622,33;466,75;Panelointi;Avoräystäs;kyllä;Helppo, 4 seinää;Ei pohjamaalausta;ei;Haastava;Korkea;174,50;37,69;77,97;4,87
646;6763,36;5389,13;2416,50;683,66;512,74;Rimalaudoitus;Umpiräystäs;kyllä;Helppo, 2 seinää;Pohjamaalaus, 2 seinää;ei;Haastava;Keskitaso;187,59;47,02;76,56;4,79
647;6763,90;5389,56;2339,83;786,26;589,69;Rimalaudoitus;Umpiräystäs;ei;Helppo, 4 seinää;Pohjamaalaus, 4 seinää;ei;Tasainen;Korkea;187,59;55,44;74,13;4,63
648;6763,90;5389,56;2339,83;786,26;589,69;Rimalaudoitus;Umpiräystäs;ei;Helppo, 4 seinää;Pohjamaalaus, 4 seinää;ei;Lievä rinne;Keskitaso;187,59;55,44;74,13;4,63
649;6764,83;5390,30;2217,47;950,04;712,53;Rimalaudoitus;Avoräystäs;ei;Ei maalinpoistoa;Ei pohjamaalausta;kyllä;Tasainen;Keskitaso;187,59;79,50;70,26;4,39
650;6765,84;5391,11;2409,35;694,89;521,17;Rimalaudoitus;Avoräystäs;kyllä;Helppo, 2 seinää;Pohjamaalaus, 2 seinää;ei;Lievä rinne;Korkea;187,59;48,17;76,34;4,77
651;6768,23;5393,01;2414,53;689,62;517,22;Lomalaudoitus;Umpiräystäs;kyllä;Helppo, 4 seinää;Ei pohjamaalausta;ei;Lievä rinne;Korkea;218,13;43,39;76,50;4,78
652;6772,80;5396,65;2213,65;960,59;720,44;Panelointi;Umpiräystäs;ei;Ei maalinpoistoa;Pohjamaalaus, 2 seinää;kyllä;Tasainen;Keskitaso;174,50;80,91;70,14;4,38
653;6773,18;5396,95;2380,46;738,43;553,82;Panelointi;Avoräystäs;kyllä;Vaikea, 2 seinää;Pohjamaalaus, 4 seinää;ei;Tasainen;Korkea;174,50;53,36;75,42;4,71
654;6773,18;5396,95;2380,46;738,43;553,82;Panelointi;Avoräystäs;kyllä;Vaikea, 2 seinää;Pohjamaalaus, 4 seinää;ei;Lievä rinne;Keskitaso;174,50;53,36;75,42;4,71
655;6775,18;5398,55;2371,22;752,12;564,09;Panelointi;Umpiräystäs;kyllä;Helppo, 4 seinää;Pohjamaalaus, 4 seinää;ei;Tasainen;Korkea;174,50;52,21;75,13;4,70
656;6775,18;5398,55;2371,22;752,12;564,09;Panelointi;Umpiräystäs;kyllä;Helppo, 4 seinää;Pohjamaalaus, 4 seinää;ei;Lievä rinne;Keskitaso;174,50;52,21;75,13;4,70
657;6776,34;5399,47;2230,96;939,94;704,95;Panelointi;Umpiräystäs;ei;Helppo, 4 seinää;Ei pohjamaalausta;kyllä;Tasainen;Keskitaso;174,50;73,08;70,68;4,42
658;6783,85;5405,46;2428,56;681,61;511,21;Panelointi;Umpiräystäs;kyllä;Helppo, 4 seinää;Pohjamaalaus, 2 seinää;ei;Haastava;Keskitaso;174,50;44,37;76,94;4,81
659;6784,30;5405,81;2439,06;667,91;500,94;Panelointi;Avoräystäs;kyllä;Vaikea, 2 seinää;Pohjamaalaus, 2 seinää;ei;Haastava;Keskitaso;174,50;45,53;77,28;4,83
660;6785,58;5406,83;2421,03;692,84;519,63;Panelointi;Avoräystäs;kyllä;Helppo, 4 seinää;Pohjamaalaus, 2 seinää;ei;Lievä rinne;Korkea;174,50;45,53;76,71;4,79
661;6786,31;5407,42;2395,64;727,19;545,39;Panelointi;Umpiräystäs;ei;Helppo, 2 seinää;Pohjamaalaus, 4 seinää;ei;Haastava;Keskitaso;174,50;52,21;75,90;4,74
662;6789,76;5410,17;2393,32;732,66;549,49;Rimalaudoitus;Umpiräystäs;ei;Ei maalinpoistoa;Pohjamaalaus, 4 seinää;ei;Haastava;Keskitaso;187,59;55,44;75,83;4,74
663;6790,09;5410,43;2389,16;738,43;553,82;Panelointi;Avoräystäs;ei;Helppo, 2 seinää;Pohjamaalaus, 4 seinää;ei;Lievä rinne;Korkea;174,50;53,36;75,70;4,73
664;6793,68;5413,29;2386,91;743,89;557,92;Rimalaudoitus;Avoräystäs;ei;Ei maalinpoistoa;Pohjamaalaus, 4 seinää;ei;Lievä rinne;Korkea;187,59;56,59;75,62;4,73
665;6794,24;5413,74;2261,33;911,71;683,78;Panelointi;Avoräystäs;kyllä;Ei maalinpoistoa;Ei pohjamaalausta;kyllä;Tasainen;Keskitaso;174,50;75,39;71,65;4,48
666;6796,34;5415,41;2376,60;759,46;569,59;Rimalaudoitus;Umpiräystäs;kyllä;Helppo, 2 seinää;Pohjamaalaus, 4 seinää;ei;Tasainen;Korkea;187,59;55,44;75,30;4,71
667;6796,34;5415,41;2376,60;759,46;569,59;Rimalaudoitus;Umpiräystäs;kyllä;Helppo, 2 seinää;Pohjamaalaus, 4 seinää;ei;Lievä rinne;Keskitaso;187,59;55,44;75,30;4,71
668;6801,92;5419,86;2464,65;645,89;484,42;Rimalaudoitus;Avoräystäs;kyllä;Vaikea, 4 seinää;Ei pohjamaalausta;ei;Haastava;Keskitaso;187,59;39,75;78,09;4,88
669;6803,29;5420,95;2338,66;814,82;611,11;Lomalaudoitus;Avoräystäs;kyllä;Ei maalinpoistoa;Pohjamaalaus, 4 seinää;ei;Tasainen;Keskitaso;218,13;64,13;74,10;4,63
670;6803,51;5421,12;2323,83;834,74;626,06;Lomalaudoitus;Umpiräystäs;ei;Vaikea, 2 seinää;Pohjamaalaus, 4 seinää;ei;Tasainen;Keskitaso;218,13;62,98;73,63;4,60
671;6804,58;5421,98;2234,03;955,20;716,40;Rimalaudoitus;Umpiräystäs;ei;Helppo, 2 seinää;Ei pohjamaalausta;kyllä;Tasainen;Keskitaso;187,59;77,19;70,78;4,42
672;6811,89;5427,80;2421,35;710,45;532,84;Rimalaudoitus;Umpiräystäs;ei;Vaikea, 4 seinää;Pohjamaalaus, 2 seinää;ei;Lievä rinne;Korkea;187,59;47,02;76,72;4,79
673;6814,34;5429,75;2320,98;845,98;634,48;Lomalaudoitus;Avoräystäs;ei;Helppo, 2 seinää;Pohjamaalaus, 4 seinää;ei;Tasainen;Keskitaso;218,13;64,13;73,54;4,60
674;6815,17;5430,42;2353,20;803,58;602,69;Lomalaudoitus;Umpiräystäs;ei;Ei maalinpoistoa;Pohjamaalaus, 4 seinää;ei;Tasainen;Korkea;218,13;62,98;74,56;4,66
675;6815,17;5430,42;2353,20;803,58;602,69;Lomalaudoitus;Umpiräystäs;ei;Ei maalinpoistoa;Pohjamaalaus, 4 seinää;ei;Lievä rinne;Keskitaso;218,13;62,98;74,56;4,66
676;6818,11;5432,76;2271,14;915,01;686,26;Panelointi;Umpiräystäs;kyllä;Helppo, 2 seinää;Ei pohjamaalausta;kyllä;Tasainen;Keskitaso;174,50;73,08;71,96;4,50
677;6818,47;5433,04;2463,74;658,46;493,85;Lomalaudoitus;Umpiräystäs;ei;Vaikea, 2 seinää;Ei pohjamaalausta;ei;Haastava;Korkea;218,13;43,39;78,06;4,88
678;6819,83;5434,13;2385,77;763,36;572,52;Panelointi;Avoräystäs;ei;Vaikea, 4 seinää;Pohjamaalaus, 4 seinää;ei;Tasainen;Korkea;174,50;53,36;75,59;4,72
679;6819,83;5434,13;2385,77;763,36;572,52;Panelointi;Avoräystäs;ei;Vaikea, 4 seinää;Pohjamaalaus, 4 seinää;ei;Lievä rinne;Keskitaso;174,50;53,36;75,59;4,72
680;6820,26;5434,47;2494,19;619,09;464,32;Rimalaudoitus;Avoräystäs;kyllä;Vaikea, 2 seinää;Ei pohjamaalausta;ei;Haastava;Korkea;187,59;39,75;79,02;4,94
681;6821,73;5435,64;2414,26;726,68;545,01;Lomalaudoitus;Avoräystäs;ei;Ei maalinpoistoa;Pohjamaalaus, 2 seinää;ei;Haastava;Keskitaso;218,13;54,34;76,49;4,78
682;6822,28;5436,08;2369,85;786,26;589,69;Rimalaudoitus;Umpiräystäs;kyllä;Vaikea, 4 seinää;Pohjamaalaus, 4 seinää;ei;Tasainen;Keskitaso;187,59;55,44;75,08;4,69
683;6823,63;5437,16;2418,97;721,69;541,27;Rimalaudoitus;Avoräystäs;kyllä;Vaikea, 4 seinää;Pohjamaalaus, 2 seinää;ei;Tasainen;Korkea;187,59;48,17;76,64;4,79
684;6823,63;5437,16;2418,97;721,69;541,27;Rimalaudoitus;Avoräystäs;kyllä;Vaikea, 4 seinää;Pohjamaalaus, 2 seinää;ei;Lievä rinne;Keskitaso;187,59;48,17;76,64;4,79
685;6827,22;5440,01;2459,82;669,70;502,27;Lomalaudoitus;Avoräystäs;ei;Helppo, 2 seinää;Ei pohjamaalausta;ei;Haastava;Korkea;218,13;44,55;77,93;4,87
686;6827,44;5440,19;2479,96;642,99;482,24;Panelointi;Avoräystäs;kyllä;Ei maalinpoistoa;Pohjamaalaus, 2 seinää;ei;Haastava;Korkea;174,50;45,53;78,57;4,91
687;6829,04;5441,47;2484,13;638,53;478,90;Lomalaudoitus;Avoräystäs;kyllä;Ei maalinpoistoa;Ei pohjamaalausta;ei;Haastava;Korkea;218,13;44,55;78,71;4,92
688;6829,50;5441,83;2487,28;634,65;475,99;Rimalaudoitus;Umpiräystäs;kyllä;Helppo, 4 seinää;Ei pohjamaalausta;ei;Haastava;Korkea;187,59;38,59;78,80;4,93
689;6830,48;5442,61;2267,46;928,41;696,30;Rimalaudoitus;Umpiräystäs;kyllä;Ei maalinpoistoa;Ei pohjamaalausta;kyllä;Tasainen;Keskitaso;187,59;77,19;71,84;4,49
690;6830,49;5442,62;2380,45;777,76;583,32;Lomalaudoitus;Umpiräystäs;kyllä;Vaikea, 4 seinää;Pohjamaalaus, 2 seinää;ei;Tasainen;Keskitaso;218,13;53,19;75,42;4,71
691;6832,33;5444,09;2445,09;692,84;519,63;Panelointi;Avoräystäs;ei;Vaikea, 4 seinää;Pohjamaalaus, 2 seinää;ei;Haastava;Keskitaso;174,50;45,53;77,47;4,84
692;6839,91;5450,13;2266,15;936,64;702,48;Panelointi;Avoräystäs;ei;Vaikea, 2 seinää;Ei pohjamaalausta;kyllä;Tasainen;Keskitaso;174,50;75,39;71,80;4,49
693;6841,75;5451,59;2511,25;611,10;458,32;Panelointi;Umpiräystäs;kyllä;Vaikea, 4 seinää;Ei pohjamaalausta;ei;Haastava;Korkea;174,50;36,54;79,56;4,97
694;6846,55;5455,42;2435,47;715,44;536,58;Lomalaudoitus;Umpiräystäs;kyllä;Ei maalinpoistoa;Pohjamaalaus, 2 seinää;ei;Lievä rinne;Korkea;218,13;53,19;77,16;4,82
695;6847,56;5456,22;2445,87;702,26;526,70;Panelointi;Umpiräystäs;kyllä;Ei maalinpoistoa;Pohjamaalaus, 4 seinää;ei;Haastava;Keskitaso;174,50;52,21;77,49;4,84
696;6848,20;5456,74;2437,78;713,50;535,12;Panelointi;Avoräystäs;kyllä;Ei maalinpoistoa;Pohjamaalaus, 4 seinää;ei;Lievä rinne;Korkea;174,50;53,36;77,24;4,83
697;6850,38;5458,47;2414,08;746,60;559,95;Lomalaudoitus;Umpiräystäs;ei;Helppo, 2 seinää;Pohjamaalaus, 2 seinää;ei;Lievä rinne;Korkea;218,13;53,19;76,49;4,78
698;6851,33;5459,22;2461,77;683,66;512,74;Rimalaudoitus;Umpiräystäs;ei;Helppo, 2 seinää;Pohjamaalaus, 2 seinää;ei;Haastava;Korkea;187,59;47,02;78,00;4,87
699;6853,13;5460,66;2415,49;746,60;559,95;Lomalaudoitus;Umpiräystäs;kyllä;Vaikea, 2 seinää;Pohjamaalaus, 2 seinää;ei;Tasainen;Korkea;218,13;53,19;76,53;4,78
700;6853,13;5460,66;2415,49;746,60;559,95;Lomalaudoitus;Umpiräystäs;kyllä;Vaikea, 2 seinää;Pohjamaalaus, 2 seinää;ei;Lievä rinne;Keskitaso;218,13;53,19;76,53;4,78
701;6855,22;5462,33;2465,32;681,61;511,21;Panelointi;Umpiräystäs;kyllä;Vaikea, 4 seinää;Pohjamaalaus, 2 seinää;ei;Lievä rinne;Korkea;174,50;44,37;78,11;4,88
702;6863,38;5468,83;2412,36;757,84;568,38;Lomalaudoitus;Avoräystäs;kyllä;Helppo, 2 seinää;Pohjamaalaus, 2 seinää;ei;Tasainen;Korkea;218,13;54,34;76,43;4,78
703;6863,38;5468,83;2412,36;757,84;568,38;Lomalaudoitus;Avoräystäs;kyllä;Helppo, 2 seinää;Pohjamaalaus, 2 seinää;ei;Lievä rinne;Keskitaso;218,13;54,34;76,43;4,78
704;6867,26;5471,92;2441,47;721,69;541,27;Rimalaudoitus;Avoräystäs;ei;Helppo, 4 seinää;Pohjamaalaus, 2 seinää;ei;Haastava;Keskitaso;187,59;48,17;77,35;4,83
705;6868,54;5472,94;2457,75;700,86;525,64;Lomalaudoitus;Avoräystäs;ei;Vaikea, 4 seinää;Ei pohjamaalausta;ei;Lievä rinne;Korkea;218,13;44,55;77,87;4,87
706;6869,17;5473,44;2466,50;689,62;517,22;Lomalaudoitus;Umpiräystäs;ei;Vaikea, 4 seinää;Ei pohjamaalausta;ei;Haastava;Keskitaso;218,13;43,39;78,15;4,88
707;6870,98;5474,88;2392,91;789,00;591,75;Lomalaudoitus;Avoräystäs;ei;Helppo, 4 seinää;Pohjamaalaus, 2 seinää;ei;Tasainen;Korkea;218,13;54,34;75,81;4,74
708;6870,98;5474,88;2392,91;789,00;591,75;Lomalaudoitus;Avoräystäs;ei;Helppo, 4 seinää;Pohjamaalaus, 2 seinää;ei;Lievä rinne;Keskitaso;218,13;54,34;75,81;4,74
709;6874,07;5477,34;2475,04;681,61;511,21;Panelointi;Umpiräystäs;ei;Helppo, 4 seinää;Pohjamaalaus, 2 seinää;ei;Haastava;Korkea;174,50;44,37;78,42;4,90
710;6876,13;5478,99;2485,04;669,70;502,27;Lomalaudoitus;Avoräystäs;kyllä;Vaikea, 2 seinää;Ei pohjamaalausta;ei;Haastava;Keskitaso;218,13;44,55;78,73;4,92
711;6876,55;5479,32;2486,59;667,91;500,94;Panelointi;Avoräystäs;ei;Vaikea, 2 seinää;Pohjamaalaus, 2 seinää;ei;Haastava;Korkea;174,50;45,53;78,78;4,92
712;6879,51;5481,68;2467,89;694,89;521,17;Rimalaudoitus;Avoräystäs;kyllä;Vaikea, 2 seinää;Pohjamaalaus, 2 seinää;ei;Lievä rinne;Korkea;187,59;48,17;78,19;4,89
713;6880,79;5482,70;2476,98;683,66;512,74;Rimalaudoitus;Umpiräystäs;kyllä;Vaikea, 2 seinää;Pohjamaalaus, 2 seinää;ei;Haastava;Keskitaso;187,59;47,02;78,48;4,90
714;6890,33;5490,31;2461,81;710,45;532,84;Rimalaudoitus;Umpiräystäs;kyllä;Helppo, 4 seinää;Pohjamaalaus, 2 seinää;ei;Lievä rinne;Korkea;187,59;47,02;78,00;4,87
715;6894,28;5493,45;2398,57;797,49;598,12;Rimalaudoitus;Avoräystäs;ei;Helppo, 4 seinää;Pohjamaalaus, 4 seinää;ei;Tasainen;Korkea;187,59;56,59;75,99;4,75
716;6894,28;5493,45;2398,57;797,49;598,12;Rimalaudoitus;Avoräystäs;ei;Helppo, 4 seinää;Pohjamaalaus, 4 seinää;ei;Lievä rinne;Keskitaso;187,59;56,59;75,99;4,75
717;6895,45;5494,38;2451,90;727,19;545,39;Panelointi;Umpiräystäs;ei;Vaikea, 2 seinää;Pohjamaalaus, 4 seinää;ei;Haastava;Keskitaso;174,50;52,21;77,68;4,86
718;6895,72;5494,60;2443,62;738,43;553,82;Panelointi;Avoräystäs;ei;Vaikea, 2 seinää;Pohjamaalaus, 4 seinää;ei;Lievä rinne;Korkea;174,50;53,36;77,42;4,84
719;6895,93;5494,76;2433,45;752,12;564,09;Panelointi;Umpiräystäs;ei;Helppo, 4 seinää;Pohjamaalaus, 4 seinää;ei;Lievä rinne;Korkea;174,50;52,21;77,10;4,82
720;6898,39;5496,73;2282,41;955,20;716,40;Rimalaudoitus;Umpiräystäs;ei;Vaikea, 2 seinää;Ei pohjamaalausta;kyllä;Tasainen;Keskitaso;187,59;77,19;72,31;4,52
721;6899,05;5497,25;2514,74;645,89;484,42;Rimalaudoitus;Avoräystäs;ei;Vaikea, 4 seinää;Ei pohjamaalausta;ei;Haastava;Korkea;187,59;39,75;79,67;4,98
722;6899,55;5497,65;2429,82;759,46;569,59;Rimalaudoitus;Umpiräystäs;kyllä;Vaikea, 2 seinää;Pohjamaalaus, 4 seinää;ei;Tasainen;Korkea;187,59;55,44;76,98;4,81
723;6899,55;5497,65;2429,82;759,46;569,59;Rimalaudoitus;Umpiräystäs;kyllä;Vaikea, 2 seinää;Pohjamaalaus, 4 seinää;ei;Lievä rinne;Keskitaso;187,59;55,44;76,98;4,81
724;6901,44;5499,15;2507,74;656,86;492,64;Rimalaudoitus;Umpiräystäs;kyllä;Ei maalinpoistoa;Pohjamaalaus, 2 seinää;ei;Haastava;Korkea;187,59;47,02;79,45;4,97
725;6905,34;5502,26;2316,15;915,01;686,26;Panelointi;Umpiräystäs;kyllä;Vaikea, 2 seinää;Ei pohjamaalausta;kyllä;Tasainen;Keskitaso;174,50;73,08;73,38;4,59
726;6905,50;5502,39;2429,97;763,36;572,52;Panelointi;Avoräystäs;kyllä;Helppo, 4 seinää;Pohjamaalaus, 4 seinää;ei;Tasainen;Korkea;174,50;53,36;76,99;4,81
727;6905,50;5502,39;2429,97;763,36;572,52;Panelointi;Avoräystäs;kyllä;Helppo, 4 seinää;Pohjamaalaus, 4 seinää;ei;Lievä rinne;Keskitaso;174,50;53,36;76,99;4,81
728;6909,25;5505,38;2483,26;694,89;521,17;Rimalaudoitus;Avoräystäs;kyllä;Helppo, 2 seinää;Pohjamaalaus, 2 seinää;ei;Haastava;Keskitaso;187,59;48,17;78,68;4,92
729;6909,95;5505,94;2479,15;700,86;525,64;Lomalaudoitus;Avoräystäs;kyllä;Helppo, 4 seinää;Ei pohjamaalausta;ei;Lievä rinne;Korkea;218,13;44,55;78,55;4,91
730;6911,95;5507,53;2488,61;689,62;517,22;Lomalaudoitus;Umpiräystäs;kyllä;Helppo, 4 seinää;Ei pohjamaalausta;ei;Haastava;Keskitaso;218,13;43,39;78,85;4,93
731;6918,01;5512,36;2439,37;759,46;569,59;Rimalaudoitus;Umpiräystäs;ei;Helppo, 2 seinää;Pohjamaalaus, 4 seinää;ei;Lievä rinne;Korkea;187,59;55,44;77,29;4,83
732;6921,32;5515,00;2326,89;911,71;683,78;Panelointi;Avoräystäs;ei;Ei maalinpoistoa;Ei pohjamaalausta;kyllä;Tasainen;Korkea;174,50;75,39;73,72;4,61
733;6921,32;5515,00;2326,89;911,71;683,78;Panelointi;Avoräystäs;ei;Ei maalinpoistoa;Ei pohjamaalausta;kyllä;Lievä rinne;Keskitaso;174,50;75,39;73,72;4,61
734;6923,34;5516,60;2377,23;845,98;634,48;Lomalaudoitus;Avoräystäs;ei;Vaikea, 2 seinää;Pohjamaalaus, 4 seinää;ei;Tasainen;Keskitaso;218,13;64,13;75,32;4,71
735;6926,53;5519,15;2435,35;770,69;578,02;Rimalaudoitus;Avoräystäs;kyllä;Helppo, 2 seinää;Pohjamaalaus, 4 seinää;ei;Tasainen;Korkea;187,59;56,59;77,16;4,82
736;6926,53;5519,15;2435,35;770,69;578,02;Rimalaudoitus;Avoräystäs;kyllä;Helppo, 2 seinää;Pohjamaalaus, 4 seinää;ei;Lievä rinne;Keskitaso;187,59;56,59;77,16;4,82
737;6929,60;5521,59;2495,32;692,84;519,63;Panelointi;Avoräystäs;kyllä;Helppo, 4 seinää;Pohjamaalaus, 2 seinää;ei;Haastava;Keskitaso;174,50;45,53;79,06;4,94
738;6932,04;5523,54;2462,40;738,43;553,82;Panelointi;Avoräystäs;ei;Helppo, 2 seinää;Pohjamaalaus, 4 seinää;ei;Haastava;Keskitaso;174,50;53,36;78,02;4,88
739;6935,47;5526,27;2460,07;743,89;557,92;Rimalaudoitus;Avoräystäs;ei;Ei maalinpoistoa;Pohjamaalaus, 4 seinää;ei;Haastava;Keskitaso;187,59;56,59;77,94;4,87
740;6940,85;5530,56;2494,08;702,26;526,70;Panelointi;Umpiräystäs;ei;Ei maalinpoistoa;Pohjamaalaus, 4 seinää;ei;Haastava;Korkea;174,50;52,21;79,02;4,94
741;6942,00;5531,48;2423,26;797,49;598,12;Rimalaudoitus;Avoräystäs;kyllä;Vaikea, 4 seinää;Pohjamaalaus, 4 seinää;ei;Tasainen;Keskitaso;187,59;56,59;76,78;4,80
742;6945,25;5534,07;2411,95;814,82;611,11;Lomalaudoitus;Avoräystäs;ei;Ei maalinpoistoa;Pohjamaalaus, 4 seinää;ei;Tasainen;Korkea;218,13;64,13;76,42;4,78
743;6945,25;5534,07;2411,95;814,82;611,11;Lomalaudoitus;Avoräystäs;ei;Ei maalinpoistoa;Pohjamaalaus, 4 seinää;ei;Lievä rinne;Keskitaso;218,13;64,13;76,42;4,78
744;6946,72;5535,24;2397,76;834,74;626,06;Lomalaudoitus;Umpiräystäs;kyllä;Helppo, 2 seinää;Pohjamaalaus, 4 seinää;ei;Tasainen;Keskitaso;218,13;62,98;75,97;4,75
745;6946,95;5535,42;2337,68;915,01;686,26;Panelointi;Umpiräystäs;ei;Helppo, 2 seinää;Ei pohjamaalausta;kyllä;Tasainen;Korkea;174,50;73,08;74,07;4,63
746;6946,95;5535,42;2337,68;915,01;686,26;Panelointi;Umpiräystäs;ei;Helppo, 2 seinää;Ei pohjamaalausta;kyllä;Lievä rinne;Keskitaso;174,50;73,08;74,07;4,63
747;6950,17;5537,99;2433,86;789,00;591,75;Lomalaudoitus;Avoräystäs;kyllä;Vaikea, 4 seinää;Pohjamaalaus, 2 seinää;ei;Tasainen;Keskitaso;218,13;54,34;77,11;4,82
748;6950,78;5538,47;2320,97;939,94;704,95;Panelointi;Umpiräystäs;ei;Vaikea, 4 seinää;Ei pohjamaalausta;kyllä;Tasainen;Keskitaso;174,50;73,08;73,54;4,60
749;6953,33;5540,50;2485,98;721,69;541,27;Rimalaudoitus;Avoräystäs;ei;Vaikea, 4 seinää;Pohjamaalaus, 2 seinää;ei;Lievä rinne;Korkea;187,59;48,17;78,76;4,92
750;6953,76;5540,85;2482,07;727,19;545,39;Panelointi;Umpiräystäs;kyllä;Helppo, 2 seinää;Pohjamaalaus, 4 seinää;ei;Lievä rinne;Korkea;174,50;52,21;78,64;4,91
751;6955,76;5542,44;2495,66;710,45;532,84;Rimalaudoitus;Umpiräystäs;ei;Vaikea, 4 seinää;Pohjamaalaus, 2 seinää;ei;Haastava;Keskitaso;187,59;47,02;79,07;4,94
752;6957,33;5543,69;2479,82;732,66;549,49;Rimalaudoitus;Umpiräystäs;kyllä;Ei maalinpoistoa;Pohjamaalaus, 4 seinää;ei;Lievä rinne;Korkea;187,59;55,44;78,57;4,91
753;6957,70;5543,98;2380,08;865,90;649,43;Lomalaudoitus;Umpiräystäs;ei;Helppo, 4 seinää;Pohjamaalaus, 4 seinää;ei;Tasainen;Keskitaso;218,13;62,98;75,41;4,71
754;6958,54;5544,65;2333,64;928,41;696,30;Rimalaudoitus;Umpiräystäs;ei;Ei maalinpoistoa;Ei pohjamaalausta;kyllä;Tasainen;Korkea;187,59;77,19;73,94;4,62
755;6958,54;5544,65;2333,64;928,41;696,30;Rimalaudoitus;Umpiräystäs;ei;Ei maalinpoistoa;Ei pohjamaalausta;kyllä;Lievä rinne;Keskitaso;187,59;77,19;73,94;4,62
756;6959,64;5545,53;2293,85;982,22;736,67;Panelointi;Avoräystäs;ei;Ei maalinpoistoa;Pohjamaalaus, 2 seinää;kyllä;Tasainen;Keskitaso;174,50;83,22;72,68;4,54
757;6963,15;5548,33;2311,16;961,57;721,17;Panelointi;Avoräystäs;ei;Helppo, 4 seinää;Ei pohjamaalausta;kyllä;Tasainen;Keskitaso;174,50;75,39;73,22;4,58
758;6966,99;5551,39;2470,24;752,12;564,09;Panelointi;Umpiräystäs;kyllä;Vaikea, 4 seinää;Pohjamaalaus, 4 seinää;ei;Tasainen;Korkea;174,50;52,21;78,26;4,89
759;6966,99;5551,39;2470,24;752,12;564,09;Panelointi;Umpiräystäs;kyllä;Vaikea, 4 seinää;Pohjamaalaus, 4 seinää;ei;Lievä rinne;Keskitaso;174,50;52,21;78,26;4,89
760;6970,13;5553,89;2446,26;786,26;589,69;Rimalaudoitus;Umpiräystäs;ei;Vaikea, 4 seinää;Pohjamaalaus, 4 seinää;ei;Tasainen;Korkea;187,59;55,44;77,51;4,84
761;6970,13;5553,89;2446,26;786,26;589,69;Rimalaudoitus;Umpiräystäs;ei;Vaikea, 4 seinää;Pohjamaalaus, 4 seinää;ei;Lievä rinne;Keskitaso;187,59;55,44;77,51;4,84
762;6980,34;5562,02;2457,93;777,76;583,32;Lomalaudoitus;Umpiräystäs;ei;Vaikea, 4 seinää;Pohjamaalaus, 2 seinää;ei;Tasainen;Korkea;218,13;53,19;77,87;4,87
763;6980,34;5562,02;2457,93;777,76;583,32;Lomalaudoitus;Umpiräystäs;ei;Vaikea, 4 seinää;Pohjamaalaus, 2 seinää;ei;Lievä rinne;Keskitaso;218,13;53,19;77,87;4,87
764;6981,98;5563,33;2482,15;746,60;559,95;Lomalaudoitus;Umpiräystäs;ei;Vaikea, 2 seinää;Pohjamaalaus, 2 seinää;ei;Lievä rinne;Korkea;218,13;53,19;78,64;4,92
765;6982,98;5564,13;2474,24;757,84;568,38;Lomalaudoitus;Avoräystäs;kyllä;Vaikea, 2 seinää;Pohjamaalaus, 2 seinää;ei;Tasainen;Korkea;218,13;54,34;78,39;4,90
766;6982,98;5564,13;2474,24;757,84;568,38;Lomalaudoitus;Avoräystäs;kyllä;Vaikea, 2 seinää;Pohjamaalaus, 2 seinää;ei;Lievä rinne;Keskitaso;218,13;54,34;78,39;4,90
767;6983,33;5564,41;2303,66;985,52;739,14;Panelointi;Umpiräystäs;ei;Helppo, 2 seinää;Pohjamaalaus, 2 seinää;kyllä;Tasainen;Keskitaso;174,50;80,91;72,99;4,56
768;6987,76;5567,94;2500,09;726,68;545,01;Lomalaudoitus;Avoräystäs;kyllä;Ei maalinpoistoa;Pohjamaalaus, 2 seinää;ei;Lievä rinne;Korkea;218,13;54,34;79,21;4,95
769;6988,16;5568,26;2530,30;686,68;515,01;Panelointi;Umpiräystäs;kyllä;Helppo, 2 seinää;Pohjamaalaus, 2 seinää;ei;Haastava;Korkea;174,50;44,37;80,17;5,01
770;6991,09;5570,59;2510,24;715,44;536,58;Lomalaudoitus;Umpiräystäs;kyllä;Ei maalinpoistoa;Pohjamaalaus, 2 seinää;ei;Haastava;Keskitaso;218,13;53,19;79,53;4,97
771;6991,15;5570,64;2314,23;976,83;732,63;Rimalaudoitus;Avoräystäs;ei;Helppo, 2 seinää;Ei pohjamaalausta;kyllä;Tasainen;Keskitaso;187,59;79,50;73,32;4,58
772;6991,57;5570,97;2478,70;757,84;568,38;Lomalaudoitus;Avoräystäs;ei;Helppo, 2 seinää;Pohjamaalaus, 2 seinää;ei;Lievä rinne;Korkea;218,13;54,34;78,53;4,91
773;6992,88;5572,02;2512,63;713,50;535,12;Panelointi;Avoräystäs;kyllä;Ei maalinpoistoa;Pohjamaalaus, 4 seinää;ei;Haastava;Keskitaso;174,50;53,36;79,61;4,98
774;6993,53;5572,53;2488,14;746,60;559,95;Lomalaudoitus;Umpiräystäs;ei;Helppo, 2 seinää;Pohjamaalaus, 2 seinää;ei;Haastava;Keskitaso;218,13;53,19;78,83;4,93
775;6996,13;5574,61;2381,89;890,08;667,56;Panelointi;Umpiräystäs;kyllä;Ei maalinpoistoa;Ei pohjamaalausta;kyllä;Tasainen;Korkea;174,50;73,08;75,47;4,72
776;6996,13;5574,61;2381,89;890,08;667,56;Panelointi;Umpiräystäs;kyllä;Ei maalinpoistoa;Ei pohjamaalausta;kyllä;Lievä rinne;Keskitaso;174,50;73,08;75,47;4,72
777;7004,56;5581,32;2351,34;936,64;702,48;Panelointi;Avoräystäs;kyllä;Helppo, 2 seinää;Ei pohjamaalausta;kyllä;Tasainen;Keskitaso;174,50;75,39;74,50;4,66
778;7016,83;5591,10;2347,66;950,04;712,53;Rimalaudoitus;Avoräystäs;kyllä;Ei maalinpoistoa;Ei pohjamaalausta;kyllä;Tasainen;Keskitaso;187,59;79,50;74,38;4,65
779;7017,80;5591,87;2477,38;777,76;583,32;Lomalaudoitus;Umpiräystäs;kyllä;Helppo, 4 seinää;Pohjamaalaus, 2 seinää;ei;Tasainen;Korkea;218,13;53,19;78,49;4,91
780;7017,80;5591,87;2477,38;777,76;583,32;Lomalaudoitus;Umpiräystäs;kyllä;Helppo, 4 seinää;Pohjamaalaus, 2 seinää;ei;Lievä rinne;Keskitaso;218,13;53,19;78,49;4,91
781;7020,19;5593,78;2537,17;699,70;524,77;Lomalaudoitus;Avoräystäs;ei;Vaikea, 2 seinää;Ei pohjamaalausta;ei;Haastava;Korkea;218,13;44,55;80,39;5,02
782;7023,27;5596,23;2528,30;713,66;535,24;Rimalaudoitus;Umpiräystäs;ei;Vaikea, 2 seinää;Pohjamaalaus, 2 seinää;ei;Haastava;Korkea;187,59;47,02;80,10;5,01
783;7024,70;5597,37;2343,84;960,59;720,44;Panelointi;Umpiräystäs;kyllä;Ei maalinpoistoa;Pohjamaalaus, 2 seinää;kyllä;Tasainen;Keskitaso;174,50;80,91;74,26;4,64
784;7026,73;5598,99;2312,18;1004,21;753,15;Rimalaudoitus;Umpiräystäs;ei;Ei maalinpoistoa;Pohjamaalaus, 2 seinää;kyllä;Tasainen;Keskitaso;187,59;85,61;73,26;4,58
785;7028,20;5600,16;2361,15;939,94;704,95;Panelointi;Umpiräystäs;kyllä;Helppo, 4 seinää;Ei pohjamaalausta;kyllä;Tasainen;Keskitaso;174,50;73,08;74,81;4,68
786;7029,13;5600,90;2488,57;770,69;578,02;Rimalaudoitus;Avoräystäs;kyllä;Vaikea, 2 seinää;Pohjamaalaus, 4 seinää;ei;Tasainen;Korkea;187,59;56,59;78,85;4,93
787;7029,13;5600,90;2488,57;770,69;578,02;Rimalaudoitus;Avoräystäs;kyllä;Vaikea, 2 seinää;Pohjamaalaus, 4 seinää;ei;Lievä rinne;Keskitaso;187,59;56,59;78,85;4,93
788;7030,49;5601,98;2330,79;982,00;736,50;Rimalaudoitus;Umpiräystäs;ei;Helppo, 4 seinää;Ei pohjamaalausta;kyllä;Tasainen;Keskitaso;187,59;77,19;73,85;4,62
789;7030,89;5602,30;2497,91;759,46;569,59;Rimalaudoitus;Umpiräystäs;ei;Vaikea, 2 seinää;Pohjamaalaus, 4 seinää;ei;Lievä rinne;Korkea;187,59;55,44;79,14;4,95
790;7031,13;5602,49;2560,71;675,89;506,92;Rimalaudoitus;Avoräystäs;kyllä;Helppo, 4 seinää;Ei pohjamaalausta;ei;Haastava;Korkea;187,59;39,75;81,13;5,07
791;7036,82;5607,03;2498,07;763,36;572,52;Panelointi;Avoräystäs;ei;Helppo, 4 seinää;Pohjamaalaus, 4 seinää;ei;Lievä rinne;Korkea;174,50;53,36;79,15;4,95
792;7039,67;5609,30;2529,94;722,84;542,13;Panelointi;Avoräystäs;kyllä;Vaikea, 4 seinää;Pohjamaalaus, 2 seinää;ei;Lievä rinne;Korkea;174,50;45,53;80,16;5,01
793;7040,01;5609,57;2508,16;752,12;564,09;Panelointi;Umpiräystäs;ei;Helppo, 4 seinää;Pohjamaalaus, 4 seinää;ei;Haastava;Keskitaso;174,50;52,21;79,47;4,97
794;7040,45;5609,92;2518,66;738,43;553,82;Panelointi;Avoräystäs;ei;Vaikea, 2 seinää;Pohjamaalaus, 4 seinää;ei;Haastava;Keskitaso;174,50;53,36;79,80;4,99
795;7040,94;5610,31;2483,04;786,26;589,69;Rimalaudoitus;Umpiräystäs;kyllä;Helppo, 4 seinää;Pohjamaalaus, 4 seinää;ei;Tasainen;Korkea;187,59;55,44;78,67;4,92
796;7040,94;5610,31;2483,04;786,26;589,69;Rimalaudoitus;Umpiräystäs;kyllä;Helppo, 4 seinää;Pohjamaalaus, 4 seinää;ei;Lievä rinne;Keskitaso;187,59;55,44;78,67;4,92
797;7042,31;5611,40;2387,19;915,01;686,26;Panelointi;Umpiräystäs;ei;Vaikea, 2 seinää;Ei pohjamaalausta;kyllä;Tasainen;Korkea;174,50;73,08;75,63;4,73
798;7042,31;5611,40;2387,19;915,01;686,26;Panelointi;Umpiräystäs;ei;Vaikea, 2 seinää;Ei pohjamaalausta;kyllä;Lievä rinne;Keskitaso;174,50;73,08;75,63;4,73
799;7043,26;5612,16;2584,69;652,33;489,25;Panelointi;Avoräystäs;kyllä;Vaikea, 4 seinää;Ei pohjamaalausta;ei;Haastava;Korkea;174,50;37,69;81,89;5,12
800;7044,89;5613,46;2541,08;711,61;533,71;Panelointi;Umpiräystäs;kyllä;Vaikea, 4 seinää;Pohjamaalaus, 2 seinää;ei;Haastava;Keskitaso;174,50;44,37;80,51;5,03
801;7052,75;5619,72;2535,21;724,89;543,67;Rimalaudoitus;Avoräystäs;ei;Helppo, 2 seinää;Pohjamaalaus, 2 seinää;ei;Haastava;Korkea;187,59;48,17;80,32;5,02
802;7055,06;5621,56;2454,02;834,74;626,06;Lomalaudoitus;Umpiräystäs;kyllä;Vaikea, 2 seinää;Pohjamaalaus, 4 seinää;ei;Tasainen;Keskitaso;218,13;62,98;77,75;4,86
803;7056,12;5622,41;2364,23;955,20;716,40;Rimalaudoitus;Umpiräystäs;kyllä;Helppo, 2 seinää;Ei pohjamaalausta;kyllä;Tasainen;Keskitaso;187,59;77,19;74,91;4,68
804;7056,46;5622,68;2541,09;719,62;539,72;Lomalaudoitus;Umpiräystäs;ei;Helppo, 4 seinää;Ei pohjamaalausta;ei;Haastava;Korkea;218,13;43,39;80,51;5,03
805;7057,61;5623,59;2533,26;730,86;548,14;Lomalaudoitus;Avoräystäs;ei;Vaikea, 4 seinää;Ei pohjamaalausta;ei;Haastava;Keskitaso;218,13;44,55;80,26;5,02
806;7058,27;5624,12;2565,40;688,46;516,35;Lomalaudoitus;Umpiräystäs;kyllä;Helppo, 2 seinää;Ei pohjamaalausta;ei;Haastava;Korkea;218,13;43,39;81,28;5,08
807;7058,77;5624,52;2503,99;770,69;578,02;Rimalaudoitus;Avoräystäs;ei;Helppo, 2 seinää;Pohjamaalaus, 4 seinää;ei;Lievä rinne;Korkea;187,59;56,59;79,33;4,96
808;7062,33;5627,35;2514,27;759,46;569,59;Rimalaudoitus;Umpiräystäs;ei;Helppo, 2 seinää;Pohjamaalaus, 4 seinää;ei;Haastava;Keskitaso;187,59;55,44;79,66;4,98
809;7065,77;5630,09;2451,17;845,98;634,48;Lomalaudoitus;Avoräystäs;kyllä;Helppo, 2 seinää;Pohjamaalaus, 4 seinää;ei;Tasainen;Keskitaso;218,13;64,13;77,66;4,85
810;7069,13;5632,77;2543,73;724,89;543,67;Rimalaudoitus;Avoräystäs;kyllä;Vaikea, 2 seinää;Pohjamaalaus, 2 seinää;ei;Haastava;Keskitaso;187,59;48,17;80,59;5,04
811;7069,90;5633,38;2348,66;985,52;739,14;Panelointi;Umpiräystäs;ei;Vaikea, 2 seinää;Pohjamaalaus, 2 seinää;kyllä;Tasainen;Keskitaso;174,50;80,91;74,41;4,65
812;7074,49;5637,05;2526,43;751,69;563,77;Rimalaudoitus;Avoräystäs;kyllä;Helppo, 4 seinää;Pohjamaalaus, 2 seinää;ei;Lievä rinne;Korkea;187,59;48,17;80,05;5,00
813;7074,85;5637,33;2550,67;719,62;539,72;Lomalaudoitus;Umpiräystäs;kyllä;Vaikea, 4 seinää;Ei pohjamaalausta;ei;Lievä rinne;Korkea;218,13;43,39;80,81;5,05
814;7075,28;5637,67;2548,48;722,84;542,13;Panelointi;Avoräystäs;ei;Helppo, 4 seinää;Pohjamaalaus, 2 seinää;ei;Haastava;Korkea;174,50;45,53;80,74;5,05
815;7076,69;5638,79;2433,49;877,14;657,85;Lomalaudoitus;Avoräystäs;ei;Helppo, 4 seinää;Pohjamaalaus, 4 seinää;ei;Tasainen;Keskitaso;218,13;64,13;77,10;4,82
816;7079,47;5641,01;2537,45;740,45;555,34;Rimalaudoitus;Umpiräystäs;kyllä;Helppo, 4 seinää;Pohjamaalaus, 2 seinää;ei;Haastava;Keskitaso;187,59;47,02;80,39;5,02
817;7084,16;5644,75;2362,61;976,83;732,63;Rimalaudoitus;Avoräystäs;ei;Vaikea, 2 seinää;Ei pohjamaalausta;kyllä;Tasainen;Keskitaso;187,59;79,50;74,86;4,68
818;7091,05;5650,24;2396,35;936,64;702,48;Panelointi;Avoräystäs;kyllä;Vaikea, 2 seinää;Ei pohjamaalausta;kyllä;Tasainen;Keskitaso;174,50;75,39;75,92;4,75
819;7091,57;5650,66;2496,42;803,58;602,69;Lomalaudoitus;Umpiräystäs;kyllä;Ei maalinpoistoa;Pohjamaalaus, 4 seinää;ei;Tasainen;Korkea;218,13;62,98;79,09;4,94
820;7091,57;5650,66;2496,42;803,58;602,69;Lomalaudoitus;Umpiräystäs;kyllä;Ei maalinpoistoa;Pohjamaalaus, 4 seinää;ei;Lievä rinne;Keskitaso;218,13;62,98;79,09;4,94
821;7097,30;5655,22;2338,71;1017,84;763,38;Lomalaudoitus;Umpiräystäs;ei;Ei maalinpoistoa;Ei pohjamaalausta;kyllä;Tasainen;Keskitaso;218,13;86,79;74,10;4,63
822;7099,09;5656,65;2476,97;834,74;626,06;Lomalaudoitus;Umpiräystäs;ei;Helppo, 2 seinää;Pohjamaalaus, 4 seinää;ei;Tasainen;Korkea;218,13;62,98;78,48;4,90
823;7099,09;5656,65;2476,97;834,74;626,06;Lomalaudoitus;Umpiräystäs;ei;Helppo, 2 seinää;Pohjamaalaus, 4 seinää;ei;Lievä rinne;Keskitaso;218,13;62,98;78,48;4,90
824;7099,29;5656,81;2505,01;797,49;598,12;Rimalaudoitus;Avoräystäs;ei;Vaikea, 4 seinää;Pohjamaalaus, 4 seinää;ei;Tasainen;Korkea;187,59;56,59;79,37;4,96
825;7099,29;5656,81;2505,01;797,49;598,12;Rimalaudoitus;Avoräystäs;ei;Vaikea, 4 seinää;Pohjamaalaus, 4 seinää;ei;Lievä rinne;Keskitaso;187,59;56,59;79,37;4,96
826;7100,02;5657,39;2555,36;730,86;548,14;Lomalaudoitus;Avoräystäs;kyllä;Helppo, 4 seinää;Ei pohjamaalausta;ei;Haastava;Keskitaso;218,13;44,55;80,96;5,06
827;7101,78;5658,79;2536,53;757,19;567,89;Panelointi;Umpiräystäs;kyllä;Vaikea, 2 seinää;Pohjamaalaus, 4 seinää;ei;Lievä rinne;Korkea;174,50;52,21;80,37;5,02
828;7102,40;5659,28;2581,18;698,09;523,57;Rimalaudoitus;Avoräystäs;kyllä;Ei maalinpoistoa;Pohjamaalaus, 2 seinää;ei;Haastava;Korkea;187,59;48,17;81,78;5,11
829;7107,08;5663,01;2592,18;686,68;515,01;Panelointi;Umpiräystäs;kyllä;Vaikea, 2 seinää;Pohjamaalaus, 2 seinää;ei;Haastava;Korkea;174,50;44,37;82,13;5,13
830;7109,44;5664,89;2516,67;789,00;591,75;Lomalaudoitus;Avoräystäs;ei;Vaikea, 4 seinää;Pohjamaalaus, 2 seinää;ei;Tasainen;Korkea;218,13;54,34;79,74;4,98
831;7109,44;5664,89;2516,67;789,00;591,75;Lomalaudoitus;Avoräystäs;ei;Vaikea, 4 seinää;Pohjamaalaus, 2 seinää;ei;Lievä rinne;Keskitaso;218,13;54,34;79,74;4,98
832;7117,71;5671,48;2445,18;890,08;667,56;Panelointi;Umpiräystäs;ei;Ei maalinpoistoa;Ei pohjamaalausta;kyllä;Lievä rinne;Korkea;174,50;73,08;77,47;4,84
833;7129,34;5680,75;2620,32;664,65;498,49;Rimalaudoitus;Umpiräystäs;kyllä;Vaikea, 4 seinää;Ei pohjamaalausta;ei;Haastava;Korkea;187,59;38,59;83,02;5,19
834;7136,10;5686,14;2401,17;961,57;721,17;Panelointi;Avoräystäs;ei;Vaikea, 4 seinää;Ei pohjamaalausta;kyllä;Tasainen;Keskitaso;174,50;75,39;76,08;4,75
835;7137,39;5687,16;2546,69;768,43;576,32;Panelointi;Avoräystäs;kyllä;Helppo, 2 seinää;Pohjamaalaus, 4 seinää;ei;Lievä rinne;Korkea;174,50;53,36;80,69;5,04
836;7139,22;5688,62;2564,89;745,44;559,08;Lomalaudoitus;Umpiräystäs;ei;Ei maalinpoistoa;Pohjamaalaus, 2 seinää;ei;Haastava;Korkea;218,13;53,19;81,26;5,08
837;7139,27;5688,66;2528,98;793,36;595,02;Panelointi;Avoräystäs;kyllä;Vaikea, 4 seinää;Pohjamaalaus, 4 seinää;ei;Tasainen;Korkea;174,50;53,36;80,13;5,01
838;7139,27;5688,66;2528,98;793,36;595,02;Panelointi;Avoräystäs;kyllä;Vaikea, 4 seinää;Pohjamaalaus, 4 seinää;ei;Lievä rinne;Keskitaso;174,50;53,36;80,13;5,01
839;7140,92;5689,98;2544,44;773,89;580,42;Rimalaudoitus;Avoräystäs;kyllä;Ei maalinpoistoa;Pohjamaalaus, 4 seinää;ei;Lievä rinne;Korkea;187,59;56,59;80,62;5,04
840;7141,45;5690,40;2567,52;743,50;557,62;Panelointi;Avoräystäs;ei;Ei maalinpoistoa;Pohjamaalaus, 4 seinää;ei;Haastava;Korkea;174,50;53,36;81,35;5,08
841;7143,45;5691,99;2562,42;751,69;563,77;Rimalaudoitus;Avoräystäs;ei;Vaikea, 4 seinää;Pohjamaalaus, 2 seinää;ei;Haastava;Keskitaso;187,59;48,17;81,19;5,07
842;7143,64;5692,14;2558,39;757,19;567,89;Panelointi;Umpiräystäs;kyllä;Helppo, 2 seinää;Pohjamaalaus, 4 seinää;ei;Haastava;Keskitaso;174,50;52,21;81,06;5,07
843;7145,33;5693,49;2603,73;697,91;523,44;Panelointi;Avoräystäs;kyllä;Helppo, 2 seinää;Pohjamaalaus, 2 seinää;ei;Haastava;Korkea;174,50;45,53;82,49;5,16
844;7147,03;5694,84;2556,06;762,66;571,99;Rimalaudoitus;Umpiräystäs;kyllä;Ei maalinpoistoa;Pohjamaalaus, 4 seinää;ei;Haastava;Keskitaso;187,59;55,44;80,98;5,06
845;7147,65;5695,34;2425,90;936,64;702,48;Panelointi;Avoräystäs;ei;Helppo, 2 seinää;Ei pohjamaalausta;kyllä;Tasainen;Korkea;174,50;75,39;76,86;4,80
846;7147,65;5695,34;2425,90;936,64;702,48;Panelointi;Avoräystäs;ei;Helppo, 2 seinää;Ei pohjamaalausta;kyllä;Lievä rinne;Keskitaso;174,50;75,39;76,86;4,80
847;7148,75;5696,21;2542,36;782,12;586,59;Panelointi;Umpiräystäs;ei;Vaikea, 4 seinää;Pohjamaalaus, 4 seinää;ei;Lievä rinne;Korkea;174,50;52,21;80,55;5,03
848;7148,86;5696,30;2412,61;955,20;716,40;Rimalaudoitus;Umpiräystäs;kyllä;Vaikea, 2 seinää;Ei pohjamaalausta;kyllä;Tasainen;Keskitaso;187,59;77,19;76,44;4,78
849;7155,56;5701,64;2598,81;711,61;533,71;Panelointi;Umpiräystäs;ei;Vaikea, 4 seinää;Pohjamaalaus, 2 seinää;ei;Haastava;Korkea;174,50;44,37;82,34;5,15
850;7158,84;5704,26;2578,89;740,45;555,34;Rimalaudoitus;Umpiräystäs;kyllä;Vaikea, 4 seinää;Pohjamaalaus, 2 seinää;ei;Lievä rinne;Korkea;187,59;47,02;81,71;5,11
851;7159,13;5704,49;2421,86;950,04;712,53;Rimalaudoitus;Avoräystäs;ei;Ei maalinpoistoa;Ei pohjamaalausta;kyllä;Tasainen;Korkea;187,59;79,50;76,73;4,80
852;7159,13;5704,49;2421,86;950,04;712,53;Rimalaudoitus;Avoräystäs;ei;Ei maalinpoistoa;Ei pohjamaalausta;kyllä;Lievä rinne;Keskitaso;187,59;79,50;76,73;4,80
853;7165,37;5709,46;2546,77;787,84;590,88;Lomalaudoitus;Avoräystäs;ei;Vaikea, 2 seinää;Pohjamaalaus, 2 seinää;ei;Lievä rinne;Korkea;218,13;54,34;80,69;5,04
854;7166,23;5710,14;2417,65;960,59;720,44;Panelointi;Umpiräystäs;ei;Ei maalinpoistoa;Pohjamaalaus, 2 seinää;kyllä;Tasainen;Korkea;174,50;80,91;76,60;4,79
855;7166,23;5710,14;2417,65;960,59;720,44;Panelointi;Umpiräystäs;ei;Ei maalinpoistoa;Pohjamaalaus, 2 seinää;kyllä;Lievä rinne;Keskitaso;174,50;80,91;76,60;4,79
856;7168,38;5711,86;2383,86;1007,15;755,36;Panelointi;Avoräystäs;ei;Helppo, 2 seinää;Pohjamaalaus, 2 seinää;kyllä;Tasainen;Keskitaso;174,50;83,22;75,53;4,72
857;7171,61;5714,43;2558,46;776,60;582,45;Lomalaudoitus;Umpiräystäs;ei;Vaikea, 2 seinää;Pohjamaalaus, 2 seinää;ei;Haastava;Keskitaso;218,13;53,19;81,06;5,07
858;7173,01;5715,55;2436,69;939,94;704,95;Panelointi;Umpiräystäs;ei;Helppo, 4 seinää;Ei pohjamaalausta;kyllä;Tasainen;Korkea;174,50;73,08;77,20;4,83
859;7173,01;5715,55;2436,69;939,94;704,95;Panelointi;Umpiräystäs;ei;Helppo, 4 seinää;Ei pohjamaalausta;kyllä;Lievä rinne;Keskitaso;174,50;73,08;77,20;4,83
860;7173,52;5715,95;2507,43;845,98;634,48;Lomalaudoitus;Avoräystäs;kyllä;Vaikea, 2 seinää;Pohjamaalaus, 4 seinää;ei;Tasainen;Keskitaso;218,13;64,13;79,44;4,97
861;7173,73;5716,12;2492,60;865,90;649,43;Lomalaudoitus;Umpiräystäs;ei;Vaikea, 4 seinää;Pohjamaalaus, 4 seinää;ei;Tasainen;Keskitaso;218,13;62,98;78,97;4,94
862;7178,48;5719,91;2577,00;756,68;567,51;Lomalaudoitus;Avoräystäs;kyllä;Ei maalinpoistoa;Pohjamaalaus, 2 seinää;ei;Haastava;Keskitaso;218,13;54,34;81,65;5,10
863;7180,18;5721,26;2601,73;724,89;543,67;Rimalaudoitus;Avoräystäs;ei;Vaikea, 2 seinää;Pohjamaalaus, 2 seinää;ei;Haastava;Korkea;187,59;48,17;82,43;5,15
864;7180,90;5721,84;2554,90;787,84;590,88;Lomalaudoitus;Avoräystäs;ei;Helppo, 2 seinää;Pohjamaalaus, 2 seinää;ei;Haastava;Keskitaso;218,13;54,34;80,95;5,06
865;7188,37;5727,79;2376,36;1031,10;773,33;Panelointi;Umpiräystäs;ei;Ei maalinpoistoa;Pohjamaalaus, 4 seinää;kyllä;Tasainen;Keskitaso;174,50;88,74;75,29;4,71
866;7188,91;5728,21;2607,83;722,84;542,13;Panelointi;Avoräystäs;kyllä;Vaikea, 4 seinää;Pohjamaalaus, 2 seinää;ei;Haastava;Keskitaso;174,50;45,53;82,62;5,16
867;7189,28;5728,51;2594,82;740,45;555,34;Rimalaudoitus;Umpiräystäs;ei;Helppo, 4 seinää;Pohjamaalaus, 2 seinää;ei;Haastava;Korkea;187,59;47,02;82,21;5,14
868;7189,68;5728,83;2536,12;819,00;614,25;Lomalaudoitus;Avoräystäs;kyllä;Helppo, 4 seinää;Pohjamaalaus, 2 seinää;ei;Tasainen;Korkea;218,13;54,34;80,35;5,02
869;7189,68;5728,83;2536,12;819,00;614,25;Lomalaudoitus;Avoräystäs;kyllä;Helppo, 4 seinää;Pohjamaalaus, 2 seinää;ei;Lievä rinne;Keskitaso;218,13;54,34;80,35;5,02
870;7191,85;5730,55;2393,67;1010,45;757,84;Panelointi;Umpiräystäs;ei;Helppo, 4 seinää;Pohjamaalaus, 2 seinää;kyllä;Tasainen;Keskitaso;174,50;80,91;75,84;4,74
871;7196,39;5734,18;2470,11;911,71;683,78;Panelointi;Avoräystäs;kyllä;Ei maalinpoistoa;Ei pohjamaalausta;kyllä;Tasainen;Korkea;174,50;75,39;78,26;4,89
872;7196,39;5734,18;2470,11;911,71;683,78;Panelointi;Avoräystäs;kyllä;Ei maalinpoistoa;Ei pohjamaalausta;kyllä;Lievä rinne;Keskitaso;174,50;75,39;78,26;4,89
873;7196,73;5734,44;2571,61;776,60;582,45;Lomalaudoitus;Umpiräystäs;kyllä;Helppo, 2 seinää;Pohjamaalaus, 2 seinää;ei;Lievä rinne;Korkea;218,13;53,19;81,48;5,09
874;7200,50;5737,45;2550,22;807,76;605,82;Lomalaudoitus;Umpiräystäs;ei;Helppo, 4 seinää;Pohjamaalaus, 2 seinää;ei;Lievä rinne;Korkea;218,13;53,19;80,80;5,05
875;7200,64;5737,57;2451,16;939,94;704,95;Panelointi;Umpiräystäs;kyllä;Vaikea, 4 seinää;Ei pohjamaalausta;kyllä;Tasainen;Keskitaso;174,50;73,08;77,66;4,85
876;7201,33;5738,12;2440,07;955,20;716,40;Rimalaudoitus;Umpiräystäs;ei;Helppo, 2 seinää;Ei pohjamaalausta;kyllä;Tasainen;Korkea;187,59;77,19;77,31;4,83
877;7201,33;5738,12;2440,07;955,20;716,40;Rimalaudoitus;Umpiräystäs;ei;Helppo, 2 seinää;Ei pohjamaalausta;kyllä;Lievä rinne;Keskitaso;187,59;77,19;77,31;4,83
878;7206,34;5742,10;2642,75;688,46;516,35;Lomalaudoitus;Umpiräystäs;kyllä;Vaikea, 2 seinää;Ei pohjamaalausta;ei;Haastava;Korkea;218,13;43,39;83,73;5,23
879;7207,49;5743,02;2510,28;865,90;649,43;Lomalaudoitus;Umpiräystäs;kyllä;Helppo, 4 seinää;Pohjamaalaus, 4 seinää;ei;Tasainen;Keskitaso;218,13;62,98;79,53;4,97
880;7209,41;5744,55;2424,04;982,22;736,67;Panelointi;Avoräystäs;kyllä;Ei maalinpoistoa;Pohjamaalaus, 2 seinää;kyllä;Tasainen;Keskitaso;174,50;83,22;76,80;4,80
881;7211,42;5746,15;2392,38;1025,84;769,38;Rimalaudoitus;Avoräystäs;ei;Ei maalinpoistoa;Pohjamaalaus, 2 seinää;kyllä;Tasainen;Keskitaso;187,59;87,92;75,80;4,74
882;7212,64;5747,12;2541,79;827,49;620,62;Rimalaudoitus;Avoräystäs;kyllä;Helppo, 4 seinää;Pohjamaalaus, 4 seinää;ei;Tasainen;Korkea;187,59;56,59;80,53;5,03
883;7212,64;5747,12;2541,79;827,49;620,62;Rimalaudoitus;Avoräystäs;kyllä;Helppo, 4 seinää;Pohjamaalaus, 4 seinää;ei;Lievä rinne;Keskitaso;187,59;56,59;80,53;5,03
884;7212,88;5747,31;2441,35;961,57;721,17;Panelointi;Avoräystäs;kyllä;Helppo, 4 seinää;Ei pohjamaalausta;kyllä;Tasainen;Keskitaso;174,50;75,39;77,35;4,83
885;7213,14;5747,52;2614,52;730,86;548,14;Lomalaudoitus;Avoräystäs;ei;Helppo, 4 seinää;Ei pohjamaalausta;ei;Haastava;Korkea;218,13;44,55;82,84;5,18
886;7213,87;5748,10;2562,53;800,69;600,52;Rimalaudoitus;Avoräystäs;ei;Vaikea, 2 seinää;Pohjamaalaus, 4 seinää;ei;Lievä rinne;Korkea;187,59;56,59;81,19;5,07
887;7214,60;5748,68;2615,29;730,86;548,14;Lomalaudoitus;Avoräystäs;kyllä;Vaikea, 4 seinää;Ei pohjamaalausta;ei;Lievä rinne;Korkea;218,13;44,55;82,86;5,18
888;7214,93;5748,95;2638,84;699,70;524,77;Lomalaudoitus;Avoräystäs;kyllä;Helppo, 2 seinää;Ei pohjamaalausta;ei;Haastava;Korkea;218,13;44,55;83,61;5,23
889;7215,14;5749,12;2410,99;1003,63;752,72;Rimalaudoitus;Avoräystäs;ei;Helppo, 4 seinää;Ei pohjamaalausta;kyllä;Tasainen;Keskitaso;187,59;79,50;76,39;4,77
890;7215,79;5749,63;2427,55;982,00;736,50;Rimalaudoitus;Umpiräystäs;ei;Vaikea, 4 seinää;Ei pohjamaalausta;kyllä;Tasainen;Keskitaso;187,59;77,19;76,91;4,81
891;7221,09;5753,86;2574,74;789,46;592,09;Rimalaudoitus;Umpiräystäs;ei;Vaikea, 2 seinää;Pohjamaalaus, 4 seinää;ei;Haastava;Keskitaso;187,59;55,44;81,58;5,10
892;7221,70;5754,34;2480,90;915,01;686,26;Panelointi;Umpiräystäs;kyllä;Helppo, 2 seinää;Ei pohjamaalausta;kyllä;Tasainen;Korkea;174,50;73,08;78,60;4,91
893;7221,70;5754,34;2480,90;915,01;686,26;Panelointi;Umpiräystäs;kyllä;Helppo, 2 seinää;Ei pohjamaalausta;kyllä;Lievä rinne;Keskitaso;174,50;73,08;78,60;4,91
894;7223,27;5755,59;2604,21;751,69;563,77;Rimalaudoitus;Avoräystäs;kyllä;Helppo, 4 seinää;Pohjamaalaus, 2 seinää;ei;Haastava;Keskitaso;187,59;48,17;82,51;5,16
895;7224,53;5756,60;2556,45;816,26;612,19;Rimalaudoitus;Umpiräystäs;ei;Helppo, 4 seinää;Pohjamaalaus, 4 seinää;ei;Lievä rinne;Korkea;187,59;55,44;81,00;5,06
896;7225,15;5757,09;2629,25;719,62;539,72;Lomalaudoitus;Umpiräystäs;kyllä;Vaikea, 4 seinää;Ei pohjamaalausta;ei;Haastava;Keskitaso;218,13;43,39;83,30;5,21
897;7226,99;5758,56;2574,91;793,36;595,02;Panelointi;Avoräystäs;ei;Helppo, 4 seinää;Pohjamaalaus, 4 seinää;ei;Haastava;Keskitaso;174,50;53,36;81,58;5,10
898;7232,83;5763,21;2433,85;985,52;739,14;Panelointi;Umpiräystäs;kyllä;Helppo, 2 seinää;Pohjamaalaus, 2 seinää;kyllä;Tasainen;Keskitaso;174,50;80,91;77,11;4,82
899;7233,14;5763,46;2476,85;928,41;696,30;Rimalaudoitus;Umpiräystäs;kyllä;Ei maalinpoistoa;Ei pohjamaalausta;kyllä;Tasainen;Korkea;187,59;77,19;78,47;4,90
900;7233,14;5763,46;2476,85;928,41;696,30;Rimalaudoitus;Umpiräystäs;kyllä;Ei maalinpoistoa;Ei pohjamaalausta;kyllä;Lievä rinne;Keskitaso;187,59;77,19;78,47;4,90
901;7238,62;5767,82;2640,79;713,66;535,24;Rimalaudoitus;Umpiräystäs;kyllä;Helppo, 2 seinää;Pohjamaalaus, 2 seinää;ei;Haastava;Korkea;187,59;47,02;83,67;5,23
902;7240,56;5769,37;2444,43;976,83;732,63;Rimalaudoitus;Avoräystäs;kyllä;Helppo, 2 seinää;Ei pohjamaalausta;kyllä;Tasainen;Keskitaso;187,59;79,50;77,45;4,84
903;7241,36;5770,01;2601,15;768,43;576,32;Panelointi;Avoräystäs;kyllä;Vaikea, 2 seinää;Pohjamaalaus, 4 seinää;ei;Lievä rinne;Korkea;174,50;53,36;82,41;5,15
904;7241,56;5770,17;2590,99;782,12;586,59;Panelointi;Umpiräystäs;kyllä;Helppo, 4 seinää;Pohjamaalaus, 4 seinää;ei;Lievä rinne;Korkea;174,50;52,21;82,09;5,13
905;7242,15;5770,64;2475,41;936,64;702,48;Panelointi;Avoräystäs;ei;Vaikea, 2 seinää;Ei pohjamaalausta;kyllä;Tasainen;Korkea;174,50;75,39;78,43;4,90
906;7242,15;5770,64;2475,41;936,64;702,48;Panelointi;Avoräystäs;ei;Vaikea, 2 seinää;Ei pohjamaalausta;kyllä;Lievä rinne;Keskitaso;174,50;75,39;78,43;4,90
907;7249,12;5776,19;2581,03;800,69;600,52;Rimalaudoitus;Avoräystäs;ei;Helppo, 2 seinää;Pohjamaalaus, 4 seinää;ei;Haastava;Keskitaso;187,59;56,59;81,78;5,11
908;7250,36;5777,18;2408,95;1031,00;773,25;Rimalaudoitus;Umpiräystäs;ei;Helppo, 2 seinää;Pohjamaalaus, 2 seinää;kyllä;Tasainen;Keskitaso;187,59;85,61;76,32;4,77
909;7251,01;5777,69;2614,64;757,19;567,89;Panelointi;Umpiräystäs;kyllä;Vaikea, 2 seinää;Pohjamaalaus, 4 seinää;ei;Haastava;Keskitaso;174,50;52,21;82,84;5,18
910;7254,22;5780,26;2428,87;1007,15;755,36;Panelointi;Avoräystäs;ei;Vaikea, 2 seinää;Pohjamaalaus, 2 seinää;kyllä;Tasainen;Keskitaso;174,50;83,22;76,95;4,81
911;7257,11;5782,55;2617,85;757,19;567,89;Panelointi;Umpiräystäs;ei;Helppo, 2 seinää;Pohjamaalaus, 4 seinää;ei;Haastava;Korkea;174,50;52,21;82,94;5,18
912;7260,04;5784,89;2615,29;762,66;571,99;Rimalaudoitus;Umpiräystäs;ei;Ei maalinpoistoa;Pohjamaalaus, 4 seinää;ei;Haastava;Korkea;187,59;55,44;82,86;5,18
913;7260,27;5785,08;2538,85;864,74;648,56;Lomalaudoitus;Umpiräystäs;ei;Vaikea, 2 seinää;Pohjamaalaus, 4 seinää;ei;Tasainen;Korkea;218,13;62,98;80,44;5,03
914;7260,27;5785,08;2538,85;864,74;648,56;Lomalaudoitus;Umpiräystäs;ei;Vaikea, 2 seinää;Pohjamaalaus, 4 seinää;ei;Lievä rinne;Keskitaso;218,13;62,98;80,44;5,03
915;7260,96;5785,63;2654,06;711,61;533,71;Panelointi;Umpiräystäs;kyllä;Helppo, 4 seinää;Pohjamaalaus, 2 seinää;ei;Haastava;Korkea;174,50;44,37;84,09;5,26
916;7261,08;5785,72;2520,27;890,08;667,56;Panelointi;Umpiräystäs;ei;Ei maalinpoistoa;Ei pohjamaalausta;kyllä;Haastava;Keskitaso;174,50;73,08;79,85;4,99
917;7262,88;5787,15;2555,16;844,82;633,61;Lomalaudoitus;Avoräystäs;kyllä;Ei maalinpoistoa;Pohjamaalaus, 4 seinää;ei;Tasainen;Korkea;218,13;64,13;80,96;5,06
918;7262,88;5787,15;2555,16;844,82;633,61;Lomalaudoitus;Avoräystäs;kyllä;Ei maalinpoistoa;Pohjamaalaus, 4 seinää;ei;Lievä rinne;Keskitaso;218,13;64,13;80,96;5,06
919;7263,30;5787,49;2596,90;789,46;592,09;Rimalaudoitus;Umpiräystäs;kyllä;Helppo, 2 seinää;Pohjamaalaus, 4 seinää;ei;Lievä rinne;Korkea;187,59;55,44;82,28;5,14
920;7263,40;5787,57;2665,61;697,91;523,44;Panelointi;Avoräystäs;kyllä;Vaikea, 2 seinää;Pohjamaalaus, 2 seinää;ei;Haastava;Korkea;174,50;45,53;84,46;5,28
921;7270,34;5793,10;2535,71;875,98;656,98;Lomalaudoitus;Avoräystäs;ei;Helppo, 2 seinää;Pohjamaalaus, 4 seinää;ei;Tasainen;Korkea;218,13;64,13;80,34;5,02
922;7270,34;5793,10;2535,71;875,98;656,98;Lomalaudoitus;Avoräystäs;ei;Helppo, 2 seinää;Pohjamaalaus, 4 seinää;ei;Lievä rinne;Keskitaso;218,13;64,13;80,34;5,02
923;7275,74;5797,40;2442,38;1004,21;753,15;Rimalaudoitus;Umpiräystäs;kyllä;Ei maalinpoistoa;Pohjamaalaus, 2 seinää;kyllä;Tasainen;Keskitaso;187,59;85,61;77,38;4,84
924;7277,28;5798,63;2571,16;833,58;625,19;Lomalaudoitus;Umpiräystäs;ei;Ei maalinpoistoa;Pohjamaalaus, 4 seinää;ei;Lievä rinne;Korkea;218,13;62,98;81,46;5,09
925;7279,46;5800,36;2460,99;982,00;736,50;Rimalaudoitus;Umpiräystäs;kyllä;Helppo, 4 seinää;Ei pohjamaalausta;kyllä;Tasainen;Keskitaso;187,59;77,19;77,97;4,87
926;7281,40;5801,91;2418,91;1039,47;779,60;Lomalaudoitus;Avoräystäs;ei;Ei maalinpoistoa;Ei pohjamaalausta;kyllä;Tasainen;Keskitaso;218,13;89,10;76,64;4,79
927;7285,51;5805,18;2693,76;675,89;506,92;Rimalaudoitus;Avoräystäs;kyllä;Vaikea, 4 seinää;Ei pohjamaalausta;ei;Haastava;Korkea;187,59;39,75;85,35;5,33
928;7287,01;5806,38;2625,14;768,43;576,32;Panelointi;Avoräystäs;kyllä;Helppo, 2 seinää;Pohjamaalaus, 4 seinää;ei;Haastava;Keskitaso;174,50;53,36;83,17;5,20
929;7287,40;5806,69;2589,48;816,26;612,19;Rimalaudoitus;Umpiräystäs;kyllä;Vaikea, 4 seinää;Pohjamaalaus, 4 seinää;ei;Tasainen;Korkea;187,59;55,44;82,04;5,13
930;7287,40;5806,69;2589,48;816,26;612,19;Rimalaudoitus;Umpiräystäs;kyllä;Vaikea, 4 seinää;Pohjamaalaus, 4 seinää;ei;Lievä rinne;Keskitaso;187,59;55,44;82,04;5,13
931;7288,03;5807,20;2606,98;793,36;595,02;Panelointi;Avoräystäs;ei;Vaikea, 4 seinää;Pohjamaalaus, 4 seinää;ei;Lievä rinne;Korkea;174,50;53,36;82,60;5,16
932;7290,38;5809,07;2622,82;773,89;580,42;Rimalaudoitus;Avoräystäs;kyllä;Ei maalinpoistoa;Pohjamaalaus, 4 seinää;ei;Haastava;Keskitaso;187,59;56,59;83,10;5,19
933;7295,31;5813,00;2638,32;756,68;567,51;Lomalaudoitus;Avoräystäs;ei;Ei maalinpoistoa;Pohjamaalaus, 2 seinää;ei;Haastava;Korkea;218,13;54,34;83,59;5,22
934;7297,46;5814,71;2601,14;807,76;605,82;Lomalaudoitus;Umpiräystäs;kyllä;Vaikea, 4 seinää;Pohjamaalaus, 2 seinää;ei;Tasainen;Korkea;218,13;53,19;82,41;5,15
935;7297,46;5814,71;2601,14;807,76;605,82;Lomalaudoitus;Umpiräystäs;kyllä;Vaikea, 4 seinää;Pohjamaalaus, 2 seinää;ei;Lievä rinne;Keskitaso;218,13;53,19;82,41;5,15
936;7298,03;5815,16;2620,67;782,12;586,59;Panelointi;Umpiräystäs;ei;Vaikea, 4 seinää;Pohjamaalaus, 4 seinää;ei;Haastava;Keskitaso;174,50;52,21;83,03;5,19
937;7298,06;5815,19;2643,51;751,69;563,77;Rimalaudoitus;Avoräystäs;kyllä;Vaikea, 4 seinää;Pohjamaalaus, 2 seinää;ei;Lievä rinne;Korkea;187,59;48,17;83,75;5,23
938;7302,65;5818,85;2493,29;955,20;716,40;Rimalaudoitus;Umpiräystäs;ei;Vaikea, 2 seinää;Ei pohjamaalausta;kyllä;Tasainen;Korkea;187,59;77,19;79,00;4,94
939;7302,65;5818,85;2493,29;955,20;716,40;Rimalaudoitus;Umpiräystäs;ei;Vaikea, 2 seinää;Ei pohjamaalausta;kyllä;Lievä rinne;Keskitaso;187,59;77,19;79,00;4,94
940;7310,34;5824,98;2658,40;740,45;555,34;Rimalaudoitus;Umpiräystäs;kyllä;Vaikea, 4 seinää;Pohjamaalaus, 2 seinää;ei;Haastava;Keskitaso;187,59;47,02;84,23;5,26
941;7311,54;5825,92;2672,24;722,84;542,13;Panelointi;Avoräystäs;ei;Vaikea, 4 seinää;Pohjamaalaus, 2 seinää;ei;Haastava;Korkea;174,50;45,53;84,67;5,29
942;7314,81;5828,53;2625,22;787,84;590,88;Lomalaudoitus;Avoräystäs;ei;Vaikea, 2 seinää;Pohjamaalaus, 2 seinää;ei;Haastava;Keskitaso;218,13;54,34;83,18;5,20
943;7318,42;5831,41;2478,86;985,52;739,14;Panelointi;Umpiräystäs;kyllä;Vaikea, 2 seinää;Pohjamaalaus, 2 seinää;kyllä;Tasainen;Keskitaso;174,50;80,91;78,54;4,91
944;7326,27;5837,66;2639,68;776,60;582,45;Lomalaudoitus;Umpiräystäs;kyllä;Vaikea, 2 seinää;Pohjamaalaus, 2 seinää;ei;Lievä rinne;Korkea;218,13;53,19;83,63;5,23
945;7326,58;5837,91;2673,10;732,26;549,20;Panelointi;Umpiräystäs;kyllä;Ei maalinpoistoa;Pohjamaalaus, 4 seinää;ei;Haastava;Korkea;174,50;52,21;84,69;5,29
946;7332,53;5842,65;2492,81;976,83;732,63;Rimalaudoitus;Avoräystäs;kyllä;Vaikea, 2 seinää;Ei pohjamaalausta;kyllä;Tasainen;Keskitaso;187,59;79,50;78,98;4,94
947;7334,27;5844,04;2546,00;907,14;680,35;Lomalaudoitus;Avoräystäs;ei;Vaikea, 4 seinää;Pohjamaalaus, 4 seinää;ei;Tasainen;Keskitaso;218,13;64,13;80,67;5,04
948;7335,71;5845,19;2636,23;787,84;590,88;Lomalaudoitus;Avoräystäs;kyllä;Helppo, 2 seinää;Pohjamaalaus, 2 seinää;ei;Lievä rinne;Korkea;218,13;54,34;83,52;5,22
949;7339,45;5848,17;2614,84;819,00;614,25;Lomalaudoitus;Avoräystäs;ei;Helppo, 4 seinää;Pohjamaalaus, 2 seinää;ei;Lievä rinne;Korkea;218,13;54,34;82,85;5,18
950;7342,29;5850,43;2457,33;1031,00;773,25;Rimalaudoitus;Umpiräystäs;ei;Vaikea, 2 seinää;Pohjamaalaus, 2 seinää;kyllä;Tasainen;Keskitaso;187,59;85,61;77,86;4,87
951;7345,02;5852,60;2668,25;751,69;563,77;Rimalaudoitus;Avoräystäs;ei;Helppo, 4 seinää;Pohjamaalaus, 2 seinää;ei;Haastava;Korkea;187,59;48,17;84,54;5,28
952;7345,52;5853,00;2468,91;1017,84;763,38;Lomalaudoitus;Umpiräystäs;kyllä;Ei maalinpoistoa;Ei pohjamaalausta;kyllä;Tasainen;Keskitaso;218,13;86,79;78,22;4,89
953;7347,51;5854,59;2650,89;776,60;582,45;Lomalaudoitus;Umpiräystäs;kyllä;Helppo, 2 seinää;Pohjamaalaus, 2 seinää;ei;Haastava;Keskitaso;218,13;53,19;83,99;5,25
954;7349,92;5856,51;2628,78;807,76;605,82;Lomalaudoitus;Umpiräystäs;ei;Helppo, 4 seinää;Pohjamaalaus, 2 seinää;ei;Haastava;Keskitaso;218,13;53,19;83,29;5,21
955;7351,64;5857,88;2695,80;719,62;539,72;Lomalaudoitus;Umpiräystäs;ei;Vaikea, 4 seinää;Ei pohjamaalausta;ei;Haastava;Korkea;218,13;43,39;85,41;5,34
956;7356,30;5861,59;2451,23;1049,00;786,75;Lomalaudoitus;Umpiräystäs;ei;Helppo, 2 seinää;Ei pohjamaalausta;kyllä;Tasainen;Keskitaso;218,13;86,79;77,66;4,85
957;7358,55;5863,38;2530,40;945,01;708,76;Panelointi;Umpiräystäs;kyllä;Vaikea, 2 seinää;Ei pohjamaalausta;kyllä;Tasainen;Korkea;174,50;73,08;80,17;5,01
958;7358,55;5863,38;2530,40;945,01;708,76;Panelointi;Umpiräystäs;kyllä;Vaikea, 2 seinää;Ei pohjamaalausta;kyllä;Lievä rinne;Keskitaso;174,50;73,08;80,17;5,01
959;7361,96;5866,10;2716,19;699,70;524,77;Lomalaudoitus;Avoräystäs;kyllä;Vaikea, 2 seinää;Ei pohjamaalausta;ei;Haastava;Korkea;218,13;44,55;86,06;5,38
960;7363,01;5866,94;2483,68;1010,45;757,84;Panelointi;Umpiräystäs;ei;Vaikea, 4 seinää;Pohjamaalaus, 2 seinää;kyllä;Tasainen;Keskitaso;174,50;80,91;78,69;4,92
961;7363,34;5867,20;2621,07;827,49;620,62;Rimalaudoitus;Avoräystäs;ei;Helppo, 4 seinää;Pohjamaalaus, 4 seinää;ei;Lievä rinne;Korkea;187,59;56,59;83,04;5,19
962;7363,97;5867,71;2641,50;800,69;600,52;Rimalaudoitus;Avoräystäs;ei;Vaikea, 2 seinää;Pohjamaalaus, 4 seinää;ei;Haastava;Keskitaso;187,59;56,59;83,69;5,23
963;7364,95;5868,49;2505,87;982,22;736,67;Panelointi;Avoräystäs;ei;Ei maalinpoistoa;Pohjamaalaus, 2 seinää;kyllä;Tasainen;Korkea;174,50;83,22;79,39;4,96
964;7364,95;5868,49;2505,87;982,22;736,67;Panelointi;Avoräystäs;ei;Ei maalinpoistoa;Pohjamaalaus, 2 seinää;kyllä;Lievä rinne;Keskitaso;174,50;83,22;79,39;4,96
965;7364,98;5868,51;2707,32;713,66;535,24;Rimalaudoitus;Umpiräystäs;kyllä;Vaikea, 2 seinää;Pohjamaalaus, 2 seinää;ei;Haastava;Korkea;187,59;47,02;85,78;5,36
966;7367,79;5870,75;2563,68;907,14;680,35;Lomalaudoitus;Avoräystäs;kyllä;Helppo, 4 seinää;Pohjamaalaus, 4 seinää;ei;Tasainen;Keskitaso;218,13;64,13;81,23;5,08
967;7368,00;5870,92;2696,01;730,86;548,14;Lomalaudoitus;Avoräystäs;kyllä;Vaikea, 4 seinää;Ei pohjamaalausta;ei;Haastava;Keskitaso;218,13;44,55;85,42;5,34
968;7371,67;5873,84;2524,92;961,57;721,17;Panelointi;Avoräystäs;ei;Helppo, 4 seinää;Ei pohjamaalausta;kyllä;Tasainen;Korkea;174,50;75,39;80,00;5,00
969;7371,67;5873,84;2524,92;961,57;721,17;Panelointi;Avoräystäs;ei;Helppo, 4 seinää;Ei pohjamaalausta;kyllä;Lievä rinne;Keskitaso;174,50;75,39;80,00;5,00
970;7371,71;5873,88;2456,56;1052,73;789,55;Panelointi;Avoräystäs;ei;Ei maalinpoistoa;Pohjamaalaus, 4 seinää;kyllä;Tasainen;Keskitaso;174,50;91,05;77,83;4,86
971;7374,18;5875,84;2635,22;816,26;612,19;Rimalaudoitus;Umpiräystäs;ei;Helppo, 4 seinää;Pohjamaalaus, 4 seinää;ei;Haastava;Keskitaso;187,59;55,44;83,49;5,22
972;7374,42;5876,03;2655,44;789,46;592,09;Rimalaudoitus;Umpiräystäs;kyllä;Vaikea, 2 seinää;Pohjamaalaus, 4 seinää;ei;Lievä rinne;Korkea;187,59;55,44;84,13;5,26
973;7374,58;5876,16;2679,73;757,19;567,89;Panelointi;Umpiräystäs;ei;Vaikea, 2 seinää;Pohjamaalaus, 4 seinää;ei;Haastava;Korkea;174,50;52,21;84,90;5,31
974;7375,16;5876,62;2473,87;1032,08;774,06;Panelointi;Avoräystäs;ei;Helppo, 4 seinää;Pohjamaalaus, 2 seinää;kyllä;Tasainen;Keskitaso;174,50;83,22;78,38;4,90
975;7376,24;5877,48;2542,22;941,71;706,28;Panelointi;Avoräystäs;ei;Ei maalinpoistoa;Ei pohjamaalausta;kyllä;Lievä rinne;Korkea;174,50;75,39;80,55;5,03
976;7380,26;5880,69;2655,61;793,36;595,02;Panelointi;Avoräystäs;kyllä;Helppo, 4 seinää;Pohjamaalaus, 4 seinää;ei;Lievä rinne;Korkea;174,50;53,36;84,14;5,26
977;7387,74;5886,65;2597,60;875,98;656,98;Lomalaudoitus;Avoräystäs;ei;Vaikea, 2 seinää;Pohjamaalaus, 4 seinää;ei;Tasainen;Korkea;218,13;64,13;82,30;5,14
978;7387,74;5886,65;2597,60;875,98;656,98;Lomalaudoitus;Avoräystäs;ei;Vaikea, 2 seinää;Pohjamaalaus, 4 seinää;ei;Lievä rinne;Keskitaso;218,13;64,13;82,30;5,14
979;7390,06;5888,50;2516,67;985,52;739,14;Panelointi;Umpiräystäs;ei;Helppo, 2 seinää;Pohjamaalaus, 2 seinää;kyllä;Tasainen;Korkea;174,50;80,91;79,74;4,98
980;7390,06;5888,50;2516,67;985,52;739,14;Panelointi;Umpiräystäs;ei;Helppo, 2 seinää;Pohjamaalaus, 2 seinää;kyllä;Lievä rinne;Keskitaso;174,50;80,91;79,74;4,98
981;7393,25;5891,04;2670,90;782,12;586,59;Panelointi;Umpiräystäs;kyllä;Helppo, 4 seinää;Pohjamaalaus, 4 seinää;ei;Haastava;Keskitaso;174,50;52,21;84,62;5,29
982;7393,69;5891,39;2681,40;768,43;576,32;Panelointi;Avoräystäs;kyllä;Vaikea, 2 seinää;Pohjamaalaus, 4 seinää;ei;Haastava;Keskitaso;174,50;53,36;84,96;5,31
983;7394,01;5891,65;2714,22;724,89;543,67;Rimalaudoitus;Avoräystäs;kyllä;Helppo, 2 seinää;Pohjamaalaus, 2 seinää;ei;Haastava;Korkea;187,59;48,17;86,00;5,37
984;7394,96;5892,40;2466,37;1056,03;792,02;Panelointi;Umpiräystäs;ei;Helppo, 2 seinää;Pohjamaalaus, 4 seinää;kyllä;Tasainen;Keskitaso;174,50;88,74;78,14;4,88
985;7397,67;5894,56;2720,11;719,62;539,72;Lomalaudoitus;Umpiräystäs;kyllä;Helppo, 4 seinää;Ei pohjamaalausta;ei;Haastava;Korkea;218,13;43,39;86,18;5,39
986;7398,91;5895,54;2507,75;1003,63;752,72;Rimalaudoitus;Avoräystäs;ei;Vaikea, 4 seinää;Ei pohjamaalausta;kyllä;Tasainen;Keskitaso;187,59;79,50;79,45;4,97
987;7401,86;5897,90;2661,52;800,69;600,52;Rimalaudoitus;Avoräystäs;kyllä;Helppo, 2 seinää;Pohjamaalaus, 4 seinää;ei;Lievä rinne;Korkea;187,59;56,59;84,33;5,27
988;7403,38;5899,11;2554,09;945,01;708,76;Panelointi;Umpiräystäs;ei;Helppo, 2 seinää;Ei pohjamaalausta;kyllä;Lievä rinne;Korkea;174,50;73,08;80,92;5,06
989;7403,97;5899,58;2535,71;969,94;727,45;Panelointi;Umpiräystäs;ei;Vaikea, 4 seinää;Ei pohjamaalausta;kyllä;Tasainen;Korkea;174,50;73,08;80,34;5,02
990;7403,97;5899,58;2535,71;969,94;727,45;Panelointi;Umpiräystäs;ei;Vaikea, 4 seinää;Ei pohjamaalausta;kyllä;Lievä rinne;Keskitaso;174,50;73,08;80,34;5,02
991;7412,37;5906,27;2691,28;768,43;576,32;Panelointi;Avoräystäs;ei;Helppo, 2 seinää;Pohjamaalaus, 4 seinää;ei;Haastava;Korkea;174,50;53,36;85,27;5,33
992;7413,97;5907,54;2549,64;958,41;718,80;Rimalaudoitus;Umpiräystäs;ei;Ei maalinpoistoa;Ei pohjamaalausta;kyllä;Lievä rinne;Korkea;187,59;77,19;80,78;5,05
993;7414,52;5907,98;2620,18;864,74;648,56;Lomalaudoitus;Umpiräystäs;kyllä;Helppo, 2 seinää;Pohjamaalaus, 4 seinää;ei;Tasainen;Korkea;218,13;62,98;83,02;5,19
994;7414,52;5907,98;2620,18;864,74;648,56;Lomalaudoitus;Umpiräystäs;kyllä;Helppo, 2 seinää;Pohjamaalaus, 4 seinää;ei;Lievä rinne;Keskitaso;218,13;62,98;83,02;5,19
995;7414,72;5908,14;2648,22;827,49;620,62;Rimalaudoitus;Avoräystäs;kyllä;Vaikea, 4 seinää;Pohjamaalaus, 4 seinää;ei;Tasainen;Korkea;187,59;56,59;83,90;5,24
996;7414,72;5908,14;2648,22;827,49;620,62;Rimalaudoitus;Avoräystäs;kyllä;Vaikea, 4 seinää;Pohjamaalaus, 4 seinää;ei;Lievä rinne;Keskitaso;187,59;56,59;83,90;5,24
997;7415,21;5908,54;2677,01;789,46;592,09;Rimalaudoitus;Umpiräystäs;kyllä;Helppo, 2 seinää;Pohjamaalaus, 4 seinää;ei;Haastava;Keskitaso;187,59;55,44;84,82;5,30
998;7415,28;5908,59;2688,72;773,89;580,42;Rimalaudoitus;Avoräystäs;ei;Ei maalinpoistoa;Pohjamaalaus, 4 seinää;ei;Haastava;Korkea;187,59;56,59;85,19;5,32
999;7415,76;5908,97;2635,78;844,82;633,61;Lomalaudoitus;Avoräystäs;ei;Ei maalinpoistoa;Pohjamaalaus, 4 seinää;ei;Lievä rinne;Korkea;218,13;64,13;83,51;5,22
1000;7415,80;5909,01;2514,06;1007,15;755,36;Panelointi;Avoräystäs;kyllä;Helppo, 2 seinää;Pohjamaalaus, 2 seinää;kyllä;Tasainen;Keskitaso;174,50;83,22;79,65;4,98
1001;7416,20;5909,32;2727,49;722,84;542,13;Panelointi;Avoräystäs;kyllä;Helppo, 4 seinää;Pohjamaalaus, 2 seinää;ei;Haastava;Korkea;174,50;45,53;86,42;5,40
1002;7421,93;5913,89;2600,73;895,90;671,93;Lomalaudoitus;Umpiräystäs;ei;Helppo, 4 seinää;Pohjamaalaus, 4 seinää;ei;Tasainen;Korkea;218,13;62,98;82,40;5,15
1003;7421,93;5913,89;2600,73;895,90;671,93;Lomalaudoitus;Umpiräystäs;ei;Helppo, 4 seinää;Pohjamaalaus, 4 seinää;ei;Lievä rinne;Keskitaso;218,13;62,98;82,40;5,15
1004;7424,72;5916,11;2659,89;819,00;614,25;Lomalaudoitus;Avoräystäs;kyllä;Vaikea, 4 seinää;Pohjamaalaus, 2 seinää;ei;Tasainen;Korkea;218,13;54,34;84,27;5,27
1005;7424,72;5916,11;2659,89;819,00;614,25;Lomalaudoitus;Avoräystäs;kyllä;Vaikea, 4 seinää;Pohjamaalaus, 2 seinää;ei;Lievä rinne;Keskitaso;218,13;54,34;84,27;5,27
1006;7426,42;5917,47;2531,36;991,57;743,67;Panelointi;Avoräystäs;kyllä;Vaikea, 4 seinää;Ei pohjamaalausta;kyllä;Tasainen;Keskitaso;174,50;75,39;80,20;5,01
1007;7427,50;5918,32;2650,42;833,58;625,19;Lomalaudoitus;Umpiräystäs;ei;Ei maalinpoistoa;Pohjamaalaus, 4 seinää;ei;Haastava;Keskitaso;218,13;62,98;83,97;5,25
1008;7433,19;5922,86;2489,15;1052,63;789,48;Rimalaudoitus;Avoräystäs;ei;Helppo, 2 seinää;Pohjamaalaus, 2 seinää;kyllä;Tasainen;Keskitaso;187,59;87,92;78,86;4,93
1009;7435,57;5924,76;2506,56;1031,10;773,33;Panelointi;Umpiräystäs;kyllä;Ei maalinpoistoa;Pohjamaalaus, 4 seinää;kyllä;Tasainen;Keskitaso;174,50;88,74;79,42;4,96
1010;7439,01;5927,49;2523,87;1010,45;757,84;Panelointi;Umpiräystäs;kyllä;Helppo, 4 seinää;Pohjamaalaus, 2 seinää;kyllä;Tasainen;Keskitaso;174,50;80,91;79,96;5,00
1011;7440,41;5928,61;2687,43;793,36;595,02;Panelointi;Avoräystäs;ei;Vaikea, 4 seinää;Pohjamaalaus, 4 seinää;ei;Haastava;Keskitaso;174,50;53,36;85,15;5,32
1012;7441,85;5929,76;2727,87;740,45;555,34;Rimalaudoitus;Umpiräystäs;ei;Vaikea, 4 seinää;Pohjamaalaus, 2 seinää;ei;Haastava;Korkea;187,59;47,02;86,43;5,40
1013;7442,25;5930,08;2528,30;1006,83;755,13;Rimalaudoitus;Avoräystäs;ei;Helppo, 2 seinää;Ei pohjamaalausta;kyllä;Tasainen;Korkea;187,59;79,50;80,10;5,01
1014;7442,25;5930,08;2528,30;1006,83;755,13;Rimalaudoitus;Avoräystäs;ei;Helppo, 2 seinää;Ei pohjamaalausta;kyllä;Lievä rinne;Keskitaso;187,59;79,50;80,10;5,01
1015;7446,59;5933,54;2673,53;816,26;612,19;Rimalaudoitus;Umpiräystäs;ei;Vaikea, 4 seinää;Pohjamaalaus, 4 seinää;ei;Lievä rinne;Korkea;187,59;55,44;84,71;5,29
1016;7448,04;5934,70;2699,90;782,12;586,59;Panelointi;Umpiräystäs;kyllä;Vaikea, 4 seinää;Pohjamaalaus, 4 seinää;ei;Lievä rinne;Korkea;174,50;52,21;85,54;5,35
1017;7452,65;5938,36;2725,16;751,69;563,77;Rimalaudoitus;Avoräystäs;kyllä;Vaikea, 4 seinää;Pohjamaalaus, 2 seinää;ei;Haastava;Keskitaso;187,59;48,17;86,34;5,40
1018;7458,36;5942,92;2522,58;1025,84;769,38;Rimalaudoitus;Avoräystäs;kyllä;Ei maalinpoistoa;Pohjamaalaus, 2 seinää;kyllä;Tasainen;Keskitaso;187,59;87,92;79,92;5,00
1019;7458,78;5943,25;2686,36;807,76;605,82;Lomalaudoitus;Umpiräystäs;ei;Vaikea, 4 seinää;Pohjamaalaus, 2 seinää;ei;Lievä rinne;Korkea;218,13;53,19;85,11;5,32
1020;7459,90;5944,14;2602,72;920,08;690,06;Panelointi;Umpiräystäs;kyllä;Ei maalinpoistoa;Ei pohjamaalausta;kyllä;Lievä rinne;Korkea;174,50;73,08;82,46;5,15
1021;7462,39;5946,13;2569,12;966,64;724,98;Panelointi;Avoräystäs;kyllä;Helppo, 2 seinää;Ei pohjamaalausta;kyllä;Tasainen;Korkea;174,50;75,39;81,40;5,09
1022;7462,39;5946,13;2569,12;966,64;724,98;Panelointi;Avoräystäs;kyllä;Helppo, 2 seinää;Ei pohjamaalausta;kyllä;Lievä rinne;Keskitaso;174,50;75,39;81,40;5,09
1023;7462,65;5946,33;2507,48;1049,00;786,75;Lomalaudoitus;Umpiräystäs;ei;Vaikea, 2 seinää;Ei pohjamaalausta;kyllä;Tasainen;Keskitaso;218,13;86,79;79,44;4,97
1024;7463,57;5947,06;2622,79;895,90;671,93;Lomalaudoitus;Umpiräystäs;kyllä;Vaikea, 4 seinää;Pohjamaalaus, 4 seinää;ei;Tasainen;Keskitaso;218,13;62,98;83,10;5,19
1025;7464,44;5947,76;2704,30;787,84;590,88;Lomalaudoitus;Avoräystäs;kyllä;Vaikea, 2 seinää;Pohjamaalaus, 2 seinää;ei;Lievä rinne;Korkea;218,13;54,34;85,68;5,36
1026;7468,07;5950,65;2487,10;1080,01;810,01;Rimalaudoitus;Umpiräystäs;ei;Ei maalinpoistoa;Pohjamaalaus, 4 seinää;kyllä;Tasainen;Keskitaso;187,59;94,03;78,80;4,92
1027;7471,75;5953,59;2505,71;1057,80;793,35;Rimalaudoitus;Umpiräystäs;ei;Helppo, 4 seinää;Pohjamaalaus, 2 seinää;kyllä;Tasainen;Keskitaso;187,59;85,61;79,39;4,96
1028;7473,71;5955,15;2565,07;980,04;735,03;Rimalaudoitus;Avoräystäs;kyllä;Ei maalinpoistoa;Ei pohjamaalausta;kyllä;Tasainen;Korkea;187,59;79,50;81,27;5,08
1029;7473,71;5955,15;2565,07;980,04;735,03;Rimalaudoitus;Avoräystäs;kyllä;Ei maalinpoistoa;Ei pohjamaalausta;kyllä;Lievä rinne;Keskitaso;187,59;79,50;81,27;5,08
1030;7476,73;5957,55;2526,04;1034,21;775,65;Rimalaudoitus;Umpiräystäs;ei;Ei maalinpoistoa;Pohjamaalaus, 2 seinää;kyllä;Tasainen;Korkea;187,59;85,61;80,03;5,00
1031;7476,73;5957,55;2526,04;1034,21;775,65;Rimalaudoitus;Umpiräystäs;ei;Ei maalinpoistoa;Pohjamaalaus, 2 seinää;kyllä;Lievä rinne;Keskitaso;187,59;85,61;80,03;5,00
1032;7477,38;5958,07;2719,60;776,60;582,45;Lomalaudoitus;Umpiräystäs;ei;Helppo, 2 seinää;Pohjamaalaus, 2 seinää;ei;Haastava;Korkea;218,13;53,19;86,17;5,39
1033;7479,16;5959,49;2743,91;745,44;559,08;Lomalaudoitus;Umpiräystäs;kyllä;Ei maalinpoistoa;Pohjamaalaus, 2 seinää;ei;Haastava;Korkea;218,13;53,19;86,94;5,43
1034;7479,93;5960,11;2511,38;1056,03;792,02;Panelointi;Umpiräystäs;ei;Vaikea, 2 seinää;Pohjamaalaus, 4 seinää;kyllä;Tasainen;Keskitaso;174,50;88,74;79,57;4,97
1035;7480,42;5960,49;2721,21;776,60;582,45;Lomalaudoitus;Umpiräystäs;kyllä;Vaikea, 2 seinää;Pohjamaalaus, 2 seinää;ei;Haastava;Keskitaso;218,13;53,19;86,22;5,39
1036;7480,71;5960,72;2560,87;990,59;742,94;Panelointi;Umpiräystäs;kyllä;Ei maalinpoistoa;Pohjamaalaus, 2 seinää;kyllä;Tasainen;Korkea;174,50;80,91;81,14;5,07
1037;7480,71;5960,72;2560,87;990,59;742,94;Panelointi;Umpiräystäs;kyllä;Ei maalinpoistoa;Pohjamaalaus, 2 seinää;kyllä;Lievä rinne;Keskitaso;174,50;80,91;81,14;5,07
1038;7481,36;5961,24;2746,53;743,50;557,62;Panelointi;Avoräystäs;kyllä;Ei maalinpoistoa;Pohjamaalaus, 4 seinää;ei;Haastava;Korkea;174,50;53,36;87,02;5,44
1039;7483,92;5963,28;2546,51;1012,00;759,00;Rimalaudoitus;Umpiräystäs;ei;Helppo, 4 seinää;Ei pohjamaalausta;kyllä;Tasainen;Korkea;187,59;77,19;80,68;5,04
1040;7483,92;5963,28;2546,51;1012,00;759,00;Rimalaudoitus;Umpiräystäs;ei;Helppo, 4 seinää;Ei pohjamaalausta;kyllä;Lievä rinne;Keskitaso;187,59;77,19;80,68;5,04
1041;7487,40;5966,05;2579,91;969,94;727,45;Panelointi;Umpiräystäs;kyllä;Helppo, 4 seinää;Ei pohjamaalausta;kyllä;Tasainen;Korkea;174,50;73,08;81,74;5,11
1042;7487,40;5966,05;2579,91;969,94;727,45;Panelointi;Umpiräystäs;kyllä;Helppo, 4 seinää;Ei pohjamaalausta;kyllä;Lievä rinne;Keskitaso;174,50;73,08;81,74;5,11
1043;7489,58;5967,79;2717,64;787,84;590,88;Lomalaudoitus;Avoräystäs;kyllä;Helppo, 2 seinää;Pohjamaalaus, 2 seinää;ei;Haastava;Keskitaso;218,13;54,34;86,10;5,38
1044;7491,97;5969,70;2695,54;819,00;614,25;Lomalaudoitus;Avoräystäs;ei;Helppo, 4 seinää;Pohjamaalaus, 2 seinää;ei;Haastava;Keskitaso;218,13;54,34;85,40;5,34
1045;7495,25;5972,31;2777,83;711,61;533,71;Panelointi;Umpiräystäs;kyllä;Vaikea, 4 seinää;Pohjamaalaus, 2 seinää;ei;Haastava;Korkea;174,50;44,37;88,01;5,50
1046;7499,10;5975,38;2707,75;807,76;605,82;Lomalaudoitus;Umpiräystäs;kyllä;Helppo, 4 seinää;Pohjamaalaus, 2 seinää;ei;Lievä rinne;Korkea;218,13;53,19;85,79;5,36
1047;7504,44;5979,63;2541,19;1033,63;775,22;Rimalaudoitus;Avoräystäs;kyllä;Helppo, 4 seinää;Ei pohjamaalausta;kyllä;Tasainen;Keskitaso;187,59;79,50;80,51;5,03
1048;7505,08;5980,14;2557,75;1012,00;759,00;Rimalaudoitus;Umpiräystäs;kyllä;Vaikea, 4 seinää;Ei pohjamaalausta;kyllä;Tasainen;Keskitaso;187,59;77,19;81,04;5,06
1049;7506,12;5980,97;2608,55;945,01;708,76;Panelointi;Umpiräystäs;ei;Vaikea, 2 seinää;Ei pohjamaalausta;kyllä;Lievä rinne;Korkea;174,50;73,08;82,65;5,17
1050;7506,24;5981,07;2769,23;730,86;548,14;Lomalaudoitus;Avoräystäs;ei;Vaikea, 4 seinää;Ei pohjamaalausta;ei;Haastava;Korkea;218,13;44,55;87,74;5,48
1051;7512,29;5985,89;2720,07;800,69;600,52;Rimalaudoitus;Avoräystäs;kyllä;Vaikea, 2 seinää;Pohjamaalaus, 4 seinää;ei;Lievä rinne;Korkea;187,59;56,59;86,18;5,39
1052;7515,32;5988,30;2583,29;985,20;738,90;Rimalaudoitus;Umpiräystäs;kyllä;Helppo, 2 seinää;Ei pohjamaalausta;kyllä;Tasainen;Korkea;187,59;77,19;81,85;5,12
1053;7515,32;5988,30;2583,29;985,20;738,90;Rimalaudoitus;Umpiräystäs;kyllä;Helppo, 2 seinää;Ei pohjamaalausta;kyllä;Lievä rinne;Keskitaso;187,59;77,19;81,85;5,12
1054;7516,07;5988,90;2701,98;827,49;620,62;Rimalaudoitus;Avoräystäs;ei;Helppo, 4 seinää;Pohjamaalaus, 4 seinää;ei;Haastava;Keskitaso;187,59;56,59;85,61;5,35
1055;7519,50;5991,63;2780,75;724,89;543,67;Rimalaudoitus;Avoräystäs;kyllä;Vaikea, 2 seinää;Pohjamaalaus, 2 seinää;ei;Haastava;Korkea;187,59;48,17;88,10;5,51
1056;7522,81;5994,27;2713,99;816,26;612,19;Rimalaudoitus;Umpiräystäs;kyllä;Helppo, 4 seinää;Pohjamaalaus, 4 seinää;ei;Lievä rinne;Korkea;187,59;55,44;85,99;5,37
1057;7523,99;5995,21;2620,52;941,71;706,28;Panelointi;Avoräystäs;ei;Ei maalinpoistoa;Ei pohjamaalausta;kyllä;Haastava;Keskitaso;174,50;75,39;83,03;5,19
1058;7525,88;5996,72;2566,17;1015,52;761,64;Panelointi;Umpiräystäs;ei;Vaikea, 2 seinää;Pohjamaalaus, 2 seinää;kyllä;Tasainen;Korkea;174,50;80,91;81,30;5,08
1059;7525,88;5996,72;2566,17;1015,52;761,64;Panelointi;Umpiräystäs;ei;Vaikea, 2 seinää;Pohjamaalaus, 2 seinää;kyllä;Lievä rinne;Keskitaso;174,50;80,91;81,30;5,08
1060;7526,62;5997,31;2741,61;782,12;586,59;Panelointi;Umpiräystäs;ei;Helppo, 4 seinää;Pohjamaalaus, 4 seinää;ei;Haastava;Korkea;174,50;52,21;86,86;5,43
1061;7528,46;5998,77;2773,84;740,45;555,34;Rimalaudoitus;Umpiräystäs;kyllä;Helppo, 4 seinää;Pohjamaalaus, 2 seinää;ei;Haastava;Korkea;187,59;47,02;87,88;5,49
1062;7529,03;5999,23;2753,16;768,43;576,32;Panelointi;Avoräystäs;ei;Vaikea, 2 seinää;Pohjamaalaus, 4 seinää;ei;Haastava;Korkea;174,50;53,36;87,23;5,45
1063;7529,21;5999,37;2737,49;789,46;592,09;Rimalaudoitus;Umpiräystäs;kyllä;Vaikea, 2 seinää;Pohjamaalaus, 4 seinää;ei;Haastava;Keskitaso;187,59;55,44;86,73;5,42
1064;7531,17;6000,93;2682,06;864,74;648,56;Lomalaudoitus;Umpiräystäs;kyllä;Vaikea, 2 seinää;Pohjamaalaus, 4 seinää;ei;Tasainen;Korkea;218,13;62,98;84,98;5,31
1065;7531,17;6000,93;2682,06;864,74;648,56;Lomalaudoitus;Umpiräystäs;kyllä;Vaikea, 2 seinää;Pohjamaalaus, 4 seinää;ei;Lievä rinne;Keskitaso;218,13;62,98;84,98;5,31
1066;7535,03;6004,01;2737,66;793,36;595,02;Panelointi;Avoräystäs;kyllä;Helppo, 4 seinää;Pohjamaalaus, 4 seinää;ei;Haastava;Keskitaso;174,50;53,36;86,74;5,42
1067;7539,20;6007,33;2539,14;1061,00;795,75;Rimalaudoitus;Umpiräystäs;kyllä;Helppo, 2 seinää;Pohjamaalaus, 2 seinää;kyllä;Tasainen;Keskitaso;187,59;85,61;80,45;5,03
1068;7541,11;6008,85;2678,93;875,98;656,98;Lomalaudoitus;Avoräystäs;kyllä;Helppo, 2 seinää;Pohjamaalaus, 4 seinää;ei;Tasainen;Korkea;218,13;64,13;84,88;5,30
1069;7541,11;6008,85;2678,93;875,98;656,98;Lomalaudoitus;Avoräystäs;kyllä;Helppo, 2 seinää;Pohjamaalaus, 4 seinää;ei;Lievä rinne;Keskitaso;218,13;64,13;84,88;5,30
1070;7542,48;6009,94;2581,51;1006,83;755,13;Rimalaudoitus;Avoräystäs;ei;Vaikea, 2 seinää;Ei pohjamaalausta;kyllä;Tasainen;Korkea;187,59;79,50;81,79;5,11
1071;7542,48;6009,94;2581,51;1006,83;755,13;Rimalaudoitus;Avoräystäs;ei;Vaikea, 2 seinää;Ei pohjamaalausta;kyllä;Lievä rinne;Keskitaso;187,59;79,50;81,79;5,11
1072;7543,01;6010,37;2559,06;1037,15;777,86;Panelointi;Avoräystäs;kyllä;Vaikea, 2 seinää;Pohjamaalaus, 2 seinää;kyllä;Tasainen;Keskitaso;174,50;83,22;81,08;5,07
1073;7548,48;6014,72;2659,48;907,14;680,35;Lomalaudoitus;Avoräystäs;ei;Helppo, 4 seinää;Pohjamaalaus, 4 seinää;ei;Tasainen;Korkea;218,13;64,13;84,26;5,27
1074;7548,48;6014,72;2659,48;907,14;680,35;Lomalaudoitus;Avoräystäs;ei;Helppo, 4 seinää;Pohjamaalaus, 4 seinää;ei;Lievä rinne;Keskitaso;218,13;64,13;84,26;5,27
1075;7549,60;6015,62;2748,34;789,46;592,09;Rimalaudoitus;Umpiräystäs;ei;Helppo, 2 seinää;Pohjamaalaus, 4 seinää;ei;Haastava;Korkea;187,59;55,44;87,08;5,44
1076;7550,86;6016,62;2555,22;1047,84;785,88;Lomalaudoitus;Umpiräystäs;ei;Ei maalinpoistoa;Ei pohjamaalausta;kyllä;Tasainen;Korkea;218,13;86,79;80,96;5,06
1077;7550,86;6016,62;2555,22;1047,84;785,88;Lomalaudoitus;Umpiräystäs;ei;Ei maalinpoistoa;Ei pohjamaalausta;kyllä;Lievä rinne;Keskitaso;218,13;86,79;80,96;5,06
1078;7551,69;6017,28;2632,79;945,01;708,76;Panelointi;Umpiräystäs;ei;Helppo, 2 seinää;Ei pohjamaalausta;kyllä;Haastava;Keskitaso;174,50;73,08;83,42;5,21
1079;7551,96;6017,49;2793,54;730,86;548,14;Lomalaudoitus;Avoräystäs;kyllä;Helppo, 4 seinää;Ei pohjamaalausta;ei;Haastava;Korkea;218,13;44,55;88,51;5,53
1080;7555,56;6020,37;2618,62;966,64;724,98;Panelointi;Avoräystäs;kyllä;Vaikea, 2 seinää;Ei pohjamaalausta;kyllä;Tasainen;Korkea;174,50;75,39;82,97;5,19
1081;7555,56;6020,37;2618,62;966,64;724,98;Panelointi;Avoräystäs;kyllä;Vaikea, 2 seinää;Ei pohjamaalausta;kyllä;Lievä rinne;Keskitaso;174,50;75,39;82,97;5,19
1082;7556,85;6021,39;2743,77;800,69;600,52;Rimalaudoitus;Avoräystäs;kyllä;Helppo, 2 seinää;Pohjamaalaus, 4 seinää;ei;Haastava;Keskitaso;187,59;56,59;86,93;5,43
1083;7561,93;6025,44;2628,19;958,41;718,80;Rimalaudoitus;Umpiräystäs;ei;Ei maalinpoistoa;Ei pohjamaalausta;kyllä;Haastava;Keskitaso;187,59;77,19;83,27;5,20
1084;7566,64;6029,19;2537,53;1082,63;811,98;Rimalaudoitus;Avoräystäs;ei;Vaikea, 2 seinää;Pohjamaalaus, 2 seinää;kyllä;Tasainen;Keskitaso;187,59;87,92;80,40;5,02
1085;7569,05;6031,12;2717,18;844,82;633,61;Lomalaudoitus;Avoräystäs;ei;Ei maalinpoistoa;Pohjamaalaus, 4 seinää;ei;Haastava;Keskitaso;218,13;64,13;86,09;5,38
1086;7569,84;6031,74;2549,11;1069,47;802,10;Lomalaudoitus;Avoräystäs;kyllä;Ei maalinpoistoa;Ei pohjamaalausta;kyllä;Tasainen;Keskitaso;218,13;89,10;80,76;5,05
1087;7574,86;6035,75;2728,70;833,58;625,19;Lomalaudoitus;Umpiräystäs;kyllä;Ei maalinpoistoa;Pohjamaalaus, 4 seinää;ei;Lievä rinne;Korkea;218,13;62,98;86,45;5,40
1088;7578,57;6038,70;2707,30;864,74;648,56;Lomalaudoitus;Umpiräystäs;ei;Helppo, 2 seinää;Pohjamaalaus, 4 seinää;ei;Lievä rinne;Korkea;218,13;62,98;85,78;5,36
1089;7579,86;6039,73;2676,20;907,14;680,35;Lomalaudoitus;Avoräystäs;kyllä;Vaikea, 4 seinää;Pohjamaalaus, 4 seinää;ei;Tasainen;Keskitaso;218,13;64,13;84,79;5,30
1090;7580,51;6040,25;2531,43;1100,63;825,47;Lomalaudoitus;Avoräystäs;ei;Helppo, 2 seinää;Ei pohjamaalausta;kyllä;Tasainen;Keskitaso;218,13;89,10;80,20;5,01
1091;7584,03;6043,05;2738,15;827,49;620,62;Rimalaudoitus;Avoräystäs;ei;Vaikea, 4 seinää;Pohjamaalaus, 4 seinää;ei;Lievä rinne;Korkea;187,59;56,59;86,75;5,42
1092;7585,47;6044,20;2764,52;793,36;595,02;Panelointi;Avoräystäs;kyllä;Vaikea, 4 seinää;Pohjamaalaus, 4 seinää;ei;Lievä rinne;Korkea;174,50;53,36;87,59;5,47
1093;7587,16;6045,54;2563,88;1062,08;796,56;Panelointi;Avoräystäs;ei;Vaikea, 4 seinää;Pohjamaalaus, 2 seinää;kyllä;Tasainen;Keskitaso;174,50;83,22;81,23;5,08
1094;7595,26;6052,00;2796,87;757,19;567,89;Panelointi;Umpiräystäs;kyllä;Helppo, 2 seinää;Pohjamaalaus, 4 seinää;ei;Haastava;Korkea;174,50;52,21;88,61;5,54
1095;7595,84;6052,46;2801,30;751,69;563,77;Rimalaudoitus;Avoräystäs;ei;Vaikea, 4 seinää;Pohjamaalaus, 2 seinää;ei;Haastava;Korkea;187,59;48,17;88,75;5,55
1096;7596,14;6052,70;2750,98;819,00;614,25;Lomalaudoitus;Avoräystäs;ei;Vaikea, 4 seinää;Pohjamaalaus, 2 seinää;ei;Lievä rinne;Korkea;218,13;54,34;87,16;5,45
1097;7598,15;6054,30;2794,31;762,66;571,99;Rimalaudoitus;Umpiräystäs;kyllä;Ei maalinpoistoa;Pohjamaalaus, 4 seinää;ei;Haastava;Korkea;187,59;55,44;88,53;5,53
1098;7600,58;6056,24;2623,93;991,57;743,67;Panelointi;Avoräystäs;ei;Vaikea, 4 seinää;Ei pohjamaalausta;kyllä;Tasainen;Korkea;174,50;75,39;83,13;5,20
1099;7600,58;6056,24;2623,93;991,57;743,67;Panelointi;Avoräystäs;ei;Vaikea, 4 seinää;Ei pohjamaalausta;kyllä;Lievä rinne;Keskitaso;174,50;75,39;83,13;5,20
1100;7602,01;6057,38;2756,17;816,26;612,19;Rimalaudoitus;Umpiräystäs;ei;Vaikea, 4 seinää;Pohjamaalaus, 4 seinää;ei;Haastava;Keskitaso;187,59;55,44;87,32;5,46
1101;7605,09;6059,83;2783,41;782,12;586,59;Panelointi;Umpiräystäs;kyllä;Vaikea, 4 seinää;Pohjamaalaus, 4 seinää;ei;Haastava;Keskitaso;174,50;52,21;88,19;5,51
1102;7610,84;6064,42;2683,02;920,08;690,06;Panelointi;Umpiräystäs;kyllä;Ei maalinpoistoa;Ei pohjamaalausta;kyllä;Haastava;Keskitaso;174,50;73,08;85,01;5,31
1103;7614,91;6067,66;2769,43;807,76;605,82;Lomalaudoitus;Umpiräystäs;ei;Vaikea, 4 seinää;Pohjamaalaus, 2 seinää;ei;Haastava;Keskitaso;218,13;53,19;87,74;5,48
1104;7615,22;6067,90;2636,51;985,20;738,90;Rimalaudoitus;Umpiräystäs;kyllä;Vaikea, 2 seinää;Ei pohjamaalausta;kyllä;Tasainen;Korkea;187,59;77,19;83,53;5,22
1105;7615,22;6067,90;2636,51;985,20;738,90;Rimalaudoitus;Umpiräystäs;kyllä;Vaikea, 2 seinää;Ei pohjamaalausta;kyllä;Lievä rinne;Keskitaso;187,59;77,19;83,53;5,22
1106;7616,53;6068,95;2651,13;966,64;724,98;Panelointi;Avoräystäs;ei;Helppo, 2 seinää;Ei pohjamaalausta;kyllä;Lievä rinne;Korkea;174,50;75,39;84,00;5,25
1107;7618,79;6070,75;2546,57;1107,66;830,75;Panelointi;Avoräystäs;ei;Helppo, 2 seinää;Pohjamaalaus, 4 seinää;kyllä;Tasainen;Keskitaso;174,50;91,05;80,68;5,04
1108;7621,64;6073,02;2787,96;787,84;590,88;Lomalaudoitus;Avoräystäs;kyllä;Vaikea, 2 seinää;Pohjamaalaus, 2 seinää;ei;Haastava;Keskitaso;218,13;54,34;88,33;5,52
1109;7622,69;6073,85;2796,95;776,60;582,45;Lomalaudoitus;Umpiräystäs;ei;Vaikea, 2 seinää;Pohjamaalaus, 2 seinää;ei;Haastava;Korkea;218,13;53,19;88,62;5,54
1110;7627,01;6077,30;2646,68;980,04;735,03;Rimalaudoitus;Avoräystäs;ei;Ei maalinpoistoa;Ei pohjamaalausta;kyllä;Lievä rinne;Korkea;187,59;79,50;83,86;5,24
1111;7628,96;6078,85;2604,89;1037,15;777,86;Panelointi;Avoräystäs;ei;Helppo, 2 seinää;Pohjamaalaus, 2 seinää;kyllä;Tasainen;Korkea;174,50;83,22;82,53;5,16
1112;7628,96;6078,85;2604,89;1037,15;777,86;Panelointi;Avoräystäs;ei;Helppo, 2 seinää;Pohjamaalaus, 2 seinää;kyllä;Lievä rinne;Keskitaso;174,50;83,22;82,53;5,16
1113;7629,94;6079,64;2587,52;1061,00;795,75;Rimalaudoitus;Umpiräystäs;kyllä;Vaikea, 2 seinää;Pohjamaalaus, 2 seinää;kyllä;Tasainen;Keskitaso;187,59;85,61;81,98;5,12
1114;7631,12;6080,58;2793,03;787,84;590,88;Lomalaudoitus;Avoräystäs;ei;Helppo, 2 seinää;Pohjamaalaus, 2 seinää;ei;Haastava;Korkea;218,13;54,34;88,49;5,53
1115;7632,89;6081,98;2817,34;756,68;567,51;Lomalaudoitus;Avoräystäs;kyllä;Ei maalinpoistoa;Pohjamaalaus, 2 seinää;ei;Haastava;Korkea;218,13;54,34;89,26;5,58
1116;7633,18;6082,21;2642,06;990,59;742,94;Panelointi;Umpiräystäs;ei;Ei maalinpoistoa;Pohjamaalaus, 2 seinää;kyllä;Lievä rinne;Korkea;174,50;80,91;83,71;5,23
1117;7636,21;6084,63;2772,38;819,00;614,25;Lomalaudoitus;Avoräystäs;kyllä;Helppo, 4 seinää;Pohjamaalaus, 2 seinää;ei;Lievä rinne;Korkea;218,13;54,34;87,84;5,49
1118;7641,78;6089,07;2556,38;1110,96;833,22;Panelointi;Umpiräystäs;ei;Helppo, 4 seinää;Pohjamaalaus, 4 seinää;kyllä;Tasainen;Keskitaso;174,50;88,74;80,99;5,06
1119;7643,38;6090,34;2663,01;969,94;727,45;Panelointi;Umpiräystäs;ei;Helppo, 4 seinää;Ei pohjamaalausta;kyllä;Lievä rinne;Korkea;174,50;73,08;84,37;5,27
1120;7643,78;6090,66;2581,42;1079,00;809,25;Lomalaudoitus;Umpiräystäs;kyllä;Helppo, 2 seinää;Ei pohjamaalausta;kyllä;Tasainen;Keskitaso;218,13;86,79;81,79;5,11
1121;7647,14;6093,33;2596,64;1061,10;795,83;Panelointi;Umpiräystäs;ei;Ei maalinpoistoa;Pohjamaalaus, 4 seinää;kyllä;Tasainen;Korkea;174,50;88,74;82,27;5,14
1122;7647,14;6093,33;2596,64;1061,10;795,83;Panelointi;Umpiräystäs;ei;Ei maalinpoistoa;Pohjamaalaus, 4 seinää;kyllä;Lievä rinne;Keskitaso;174,50;88,74;82,27;5,14
1123;7648,87;6094,72;2851,26;722,84;542,13;Panelointi;Avoräystäs;kyllä;Vaikea, 4 seinää;Pohjamaalaus, 2 seinää;ei;Haastava;Korkea;174,50;45,53;90,34;5,65
1124;7650,17;6095,75;2542,10;1135,98;851,98;Lomalaudoitus;Umpiräystäs;ei;Ei maalinpoistoa;Pohjamaalaus, 2 seinää;kyllä;Tasainen;Keskitaso;218,13;96,58;80,54;5,03
1125;7650,40;6095,94;2613,88;1040,45;780,34;Panelointi;Umpiräystäs;kyllä;Vaikea, 4 seinää;Pohjamaalaus, 2 seinää;kyllä;Tasainen;Keskitaso;174,50;80,91;82,82;5,18
1126;7653,77;6098,62;2615,68;1040,45;780,34;Panelointi;Umpiräystäs;ei;Helppo, 4 seinää;Pohjamaalaus, 2 seinää;kyllä;Tasainen;Korkea;174,50;80,91;82,87;5,18
1127;7653,77;6098,62;2615,68;1040,45;780,34;Panelointi;Umpiräystäs;ei;Helppo, 4 seinää;Pohjamaalaus, 2 seinää;kyllä;Lievä rinne;Keskitaso;174,50;80,91;82,87;5,18
1128;7654,42;6099,14;2563,74;1110,16;832,62;Lomalaudoitus;Umpiräystäs;ei;Helppo, 4 seinää;Ei pohjamaalausta;kyllä;Tasainen;Keskitaso;218,13;86,79;81,23;5,08
1129;7654,54;6099,23;2724,50;895,90;671,93;Lomalaudoitus;Umpiräystäs;ei;Vaikea, 4 seinää;Pohjamaalaus, 4 seinää;ei;Tasainen;Korkea;218,13;62,98;86,32;5,40
1130;7654,54;6099,23;2724,50;895,90;671,93;Lomalaudoitus;Umpiräystäs;ei;Vaikea, 4 seinää;Pohjamaalaus, 4 seinää;ei;Lievä rinne;Keskitaso;218,13;62,98;86,32;5,40
1131;7656,27;6100,61;2791,53;807,76;605,82;Lomalaudoitus;Umpiräystäs;kyllä;Helppo, 4 seinää;Pohjamaalaus, 2 seinää;ei;Haastava;Keskitaso;218,13;53,19;88,44;5,53
1132;7657,10;6101,27;2740,81;875,98;656,98;Lomalaudoitus;Avoräystäs;kyllä;Vaikea, 2 seinää;Pohjamaalaus, 4 seinää;ei;Tasainen;Korkea;218,13;64,13;86,84;5,43
1133;7657,10;6101,27;2740,81;875,98;656,98;Lomalaudoitus;Avoräystäs;kyllä;Vaikea, 2 seinää;Pohjamaalaus, 4 seinää;ei;Lievä rinne;Keskitaso;218,13;64,13;86,84;5,43
1134;7657,11;6101,28;2689,04;945,01;708,76;Panelointi;Umpiräystäs;ei;Vaikea, 2 seinää;Ei pohjamaalausta;kyllä;Haastava;Keskitaso;174,50;73,08;85,20;5,32
1135;7658,99;6102,78;2586,76;1082,73;812,05;Panelointi;Avoräystäs;kyllä;Ei maalinpoistoa;Pohjamaalaus, 4 seinää;kyllä;Tasainen;Keskitaso;174,50;91,05;81,96;5,12
1136;7659,77;6103,41;2778,61;827,49;620,62;Rimalaudoitus;Avoräystäs;kyllä;Helppo, 4 seinää;Pohjamaalaus, 4 seinää;ei;Lievä rinne;Korkea;187,59;56,59;88,04;5,50
1137;7662,39;6105,49;2604,07;1062,08;796,56;Panelointi;Avoräystäs;kyllä;Helppo, 4 seinää;Pohjamaalaus, 2 seinää;kyllä;Tasainen;Keskitaso;174,50;83,22;82,51;5,16
1138;7670,13;6111,66;2804,25;800,69;600,52;Rimalaudoitus;Avoräystäs;kyllä;Vaikea, 2 seinää;Pohjamaalaus, 4 seinää;ei;Haastava;Keskitaso;187,59;56,59;88,85;5,55
1139;7671,74;6112,94;2666,72;985,20;738,90;Rimalaudoitus;Umpiräystäs;ei;Helppo, 2 seinää;Ei pohjamaalausta;kyllä;Lievä rinne;Korkea;187,59;77,19;84,49;5,28
1140;7672,51;6113,55;2699,76;941,71;706,28;Panelointi;Avoräystäs;kyllä;Ei maalinpoistoa;Ei pohjamaalausta;kyllä;Lievä rinne;Korkea;174,50;75,39;85,54;5,35
1141;7672,70;6113,71;2614,26;1055,84;791,88;Rimalaudoitus;Avoräystäs;ei;Ei maalinpoistoa;Pohjamaalaus, 2 seinää;kyllä;Tasainen;Korkea;187,59;87,92;82,83;5,18
1142;7672,70;6113,71;2614,26;1055,84;791,88;Rimalaudoitus;Avoräystäs;ei;Ei maalinpoistoa;Pohjamaalaus, 2 seinää;kyllä;Lievä rinne;Keskitaso;187,59;87,92;82,83;5,18
1143;7673,13;6114,05;2678,92;969,94;727,45;Panelointi;Umpiräystäs;kyllä;Vaikea, 4 seinää;Ei pohjamaalausta;kyllä;Tasainen;Korkea;174,50;73,08;84,88;5,30
1144;7673,13;6114,05;2678,92;969,94;727,45;Panelointi;Umpiräystäs;kyllä;Vaikea, 4 seinää;Ei pohjamaalausta;kyllä;Lievä rinne;Keskitaso;174,50;73,08;84,88;5,30
1145;7674,22;6114,91;2814,86;789,46;592,09;Rimalaudoitus;Umpiräystäs;ei;Vaikea, 2 seinää;Pohjamaalaus, 4 seinää;ei;Haastava;Korkea;187,59;55,44;89,18;5,57
1146;7676,65;6116,85;2649,09;1012,22;759,17;Panelointi;Avoräystäs;kyllä;Ei maalinpoistoa;Pohjamaalaus, 2 seinää;kyllä;Tasainen;Korkea;174,50;83,22;83,93;5,25
1147;7676,65;6116,85;2649,09;1012,22;759,17;Panelointi;Avoräystäs;kyllä;Ei maalinpoistoa;Pohjamaalaus, 2 seinää;kyllä;Lievä rinne;Keskitaso;174,50;83,22;83,93;5,25
1148;7679,83;6119,39;2634,73;1033,63;775,22;Rimalaudoitus;Avoräystäs;ei;Helppo, 4 seinää;Ei pohjamaalausta;kyllä;Tasainen;Korkea;187,59;79,50;83,48;5,22
1149;7679,83;6119,39;2634,73;1033,63;775,22;Rimalaudoitus;Avoräystäs;ei;Helppo, 4 seinää;Ei pohjamaalausta;kyllä;Lievä rinne;Keskitaso;187,59;79,50;83,48;5,22
1150;7680,03;6119,54;2815,05;793,36;595,02;Panelointi;Avoräystäs;ei;Helppo, 4 seinää;Pohjamaalaus, 4 seinää;ei;Haastava;Korkea;174,50;53,36;89,19;5,57
1151;7680,20;6119,68;2797,96;816,26;612,19;Rimalaudoitus;Umpiräystäs;kyllä;Helppo, 4 seinää;Pohjamaalaus, 4 seinää;ei;Haastava;Keskitaso;187,59;55,44;88,65;5,54
1152;7681,85;6121,00;2847,27;751,69;563,77;Rimalaudoitus;Avoräystäs;kyllä;Helppo, 4 seinää;Pohjamaalaus, 2 seinää;ei;Haastava;Korkea;187,59;48,17;90,21;5,64
1153;7681,95;6121,07;2596,57;1086,03;814,52;Panelointi;Umpiräystäs;kyllä;Helppo, 2 seinää;Pohjamaalaus, 4 seinää;kyllä;Tasainen;Keskitaso;174,50;88,74;82,27;5,14
1154;7683,28;6122,13;2668,13;991,57;743,67;Panelointi;Avoräystäs;kyllä;Helppo, 4 seinää;Ei pohjamaalausta;kyllä;Tasainen;Korkea;174,50;75,39;84,53;5,28
1155;7683,28;6122,13;2668,13;991,57;743,67;Panelointi;Avoräystäs;kyllä;Helppo, 4 seinää;Ei pohjamaalausta;kyllä;Lievä rinne;Keskitaso;174,50;75,39;84,53;5,28
1156;7683,55;6122,35;2652,95;1012,00;759,00;Rimalaudoitus;Umpiräystäs;ei;Vaikea, 4 seinää;Ei pohjamaalausta;kyllä;Tasainen;Korkea;187,59;77,19;84,05;5,25
1157;7683,55;6122,35;2652,95;1012,00;759,00;Rimalaudoitus;Umpiräystäs;ei;Vaikea, 4 seinää;Ei pohjamaalausta;kyllä;Lievä rinne;Keskitaso;187,59;77,19;84,05;5,25
1158;7685,80;6124,14;2587,68;1100,63;825,47;Lomalaudoitus;Avoräystäs;ei;Vaikea, 2 seinää;Ei pohjamaalausta;kyllä;Tasainen;Keskitaso;218,13;89,10;81,99;5,12
1159;7685,84;6124,17;2637,95;1033,63;775,22;Rimalaudoitus;Avoräystäs;kyllä;Vaikea, 4 seinää;Ei pohjamaalausta;kyllä;Tasainen;Keskitaso;187,59;79,50;83,58;5,22
1160;7688,37;6126,19;2874,81;719,62;539,72;Lomalaudoitus;Umpiräystäs;kyllä;Vaikea, 4 seinää;Ei pohjamaalausta;ei;Haastava;Korkea;218,13;43,39;91,08;5,69
1161;7690,87;6128,19;2743,95;895,90;671,93;Lomalaudoitus;Umpiräystäs;kyllä;Helppo, 4 seinää;Pohjamaalaus, 4 seinää;ei;Tasainen;Korkea;218,13;62,98;86,94;5,43
1162;7690,87;6128,19;2743,95;895,90;671,93;Lomalaudoitus;Umpiräystäs;kyllä;Helppo, 4 seinää;Pohjamaalaus, 4 seinää;ei;Lievä rinne;Keskitaso;218,13;62,98;86,94;5,43
1163;7691,16;6128,42;2567,30;1131,64;848,73;Rimalaudoitus;Avoräystäs;ei;Ei maalinpoistoa;Pohjamaalaus, 4 seinää;kyllä;Tasainen;Keskitaso;187,59;96,34;81,34;5,08
1164;7694,81;6131,33;2585,91;1109,43;832,07;Rimalaudoitus;Avoräystäs;ei;Helppo, 4 seinää;Pohjamaalaus, 2 seinää;kyllä;Tasainen;Keskitaso;187,59;87,92;81,93;5,12
1165;7695,45;6131,83;2602,47;1087,80;815,85;Rimalaudoitus;Umpiräystäs;ei;Vaikea, 4 seinää;Pohjamaalaus, 2 seinää;kyllä;Tasainen;Keskitaso;187,59;85,61;82,45;5,15
1166;7699,29;6134,89;2711,63;945,01;708,76;Panelointi;Umpiräystäs;kyllä;Helppo, 2 seinää;Ei pohjamaalausta;kyllä;Lievä rinne;Korkea;174,50;73,08;85,91;5,37
1167;7701,41;6136,58;2659,88;1015,52;761,64;Panelointi;Umpiräystäs;kyllä;Helppo, 2 seinää;Pohjamaalaus, 2 seinää;kyllä;Tasainen;Korkea;174,50;80,91;84,27;5,27
1168;7701,41;6136,58;2659,88;1015,52;761,64;Panelointi;Umpiräystäs;kyllä;Helppo, 2 seinää;Pohjamaalaus, 2 seinää;kyllä;Lievä rinne;Keskitaso;174,50;80,91;84,27;5,27
1169;7702,85;6137,73;2821,77;800,69;600,52;Rimalaudoitus;Avoräystäs;ei;Helppo, 2 seinää;Pohjamaalaus, 4 seinää;ei;Haastava;Korkea;187,59;56,59;89,40;5,59
1170;7702,91;6137,78;2591,58;1107,66;830,75;Panelointi;Avoräystäs;ei;Vaikea, 2 seinää;Pohjamaalaus, 4 seinää;kyllä;Tasainen;Keskitaso;174,50;91,05;82,11;5,13
1171;7705,91;6140,17;2775,37;864,74;648,56;Lomalaudoitus;Umpiräystäs;ei;Vaikea, 2 seinää;Pohjamaalaus, 4 seinää;ei;Lievä rinne;Korkea;218,13;62,98;87,93;5,50
1172;7709,74;6143,22;2707,18;958,41;718,80;Rimalaudoitus;Umpiräystäs;kyllä;Ei maalinpoistoa;Ei pohjamaalausta;kyllä;Lievä rinne;Korkea;187,59;77,19;85,77;5,36
1173;7710,96;6144,19;2671,51;1006,83;755,13;Rimalaudoitus;Avoräystäs;kyllä;Helppo, 2 seinää;Ei pohjamaalausta;kyllä;Tasainen;Korkea;187,59;79,50;84,64;5,29
1174;7710,96;6144,19;2671,51;1006,83;755,13;Rimalaudoitus;Avoräystäs;kyllä;Helppo, 2 seinää;Ei pohjamaalausta;kyllä;Lievä rinne;Keskitaso;187,59;79,50;84,64;5,29
1175;7710,97;6144,20;2858,75;757,19;567,89;Panelointi;Umpiräystäs;kyllä;Vaikea, 2 seinää;Pohjamaalaus, 4 seinää;ei;Haastava;Korkea;174,50;52,21;90,57;5,66
1176;7711,51;6144,63;2793,32;844,82;633,61;Lomalaudoitus;Avoräystäs;kyllä;Ei maalinpoistoa;Pohjamaalaus, 4 seinää;ei;Lievä rinne;Korkea;218,13;64,13;88,50;5,53
1177;7713,94;6146,57;2632,48;1061,00;795,75;Rimalaudoitus;Umpiräystäs;ei;Helppo, 2 seinää;Pohjamaalaus, 2 seinää;kyllä;Tasainen;Korkea;187,59;85,61;83,41;5,21
1178;7713,94;6146,57;2632,48;1061,00;795,75;Rimalaudoitus;Umpiräystäs;ei;Helppo, 2 seinää;Pohjamaalaus, 2 seinää;kyllä;Lievä rinne;Keskitaso;187,59;85,61;83,41;5,21
1179;7715,19;6147,56;2771,93;875,98;656,98;Lomalaudoitus;Avoräystäs;ei;Helppo, 2 seinää;Pohjamaalaus, 4 seinää;ei;Lievä rinne;Korkea;218,13;64,13;87,82;5,49
1180;7718,29;6150,03;2705,59;966,64;724,98;Panelointi;Avoräystäs;ei;Vaikea, 2 seinää;Ei pohjamaalausta;kyllä;Lievä rinne;Korkea;174,50;75,39;85,72;5,36
1181;7719,69;6151,15;2619,34;1082,63;811,98;Rimalaudoitus;Avoräystäs;kyllä;Helppo, 2 seinää;Pohjamaalaus, 2 seinää;kyllä;Tasainen;Keskitaso;187,59;87,92;82,99;5,19
1182;7721,43;6152,54;2654,39;1037,15;777,86;Panelointi;Avoräystäs;ei;Vaikea, 2 seinää;Pohjamaalaus, 2 seinää;kyllä;Tasainen;Korkea;174,50;83,22;84,10;5,26
1183;7721,43;6152,54;2654,39;1037,15;777,86;Panelointi;Avoräystäs;ei;Vaikea, 2 seinää;Pohjamaalaus, 2 seinää;kyllä;Lievä rinne;Keskitaso;174,50;83,22;84,10;5,26
1184;7729,28;6158,79;2583,86;1136,81;852,60;Rimalaudoitus;Umpiräystäs;ei;Helppo, 2 seinää;Pohjamaalaus, 4 seinää;kyllä;Tasainen;Keskitaso;187,59;94,03;81,86;5,12
1185;7732,79;6161,59;2813,17;833,58;625,19;Lomalaudoitus;Umpiräystäs;kyllä;Ei maalinpoistoa;Pohjamaalaus, 4 seinää;ei;Haastava;Keskitaso;218,13;62,98;89,13;5,57
1186;7735,16;6163,47;2791,06;864,74;648,56;Lomalaudoitus;Umpiräystäs;ei;Helppo, 2 seinää;Pohjamaalaus, 4 seinää;ei;Haastava;Keskitaso;218,13;62,98;88,43;5,53
1187;7741,94;6168,87;2831,07;816,26;612,19;Rimalaudoitus;Umpiräystäs;kyllä;Vaikea, 4 seinää;Pohjamaalaus, 4 seinää;ei;Lievä rinne;Korkea;187,59;55,44;89,70;5,61
1188;7742,48;6169,30;2822,93;827,49;620,62;Rimalaudoitus;Avoräystäs;ei;Vaikea, 4 seinää;Pohjamaalaus, 4 seinää;ei;Haastava;Keskitaso;187,59;56,59;89,44;5,59
1189;7745,02;6171,33;2669,26;1034,21;775,65;Rimalaudoitus;Umpiräystäs;kyllä;Ei maalinpoistoa;Pohjamaalaus, 2 seinää;kyllä;Tasainen;Korkea;187,59;85,61;84,57;5,29
1190;7745,02;6171,33;2669,26;1034,21;775,65;Rimalaudoitus;Umpiräystäs;kyllä;Ei maalinpoistoa;Pohjamaalaus, 2 seinää;kyllä;Lievä rinne;Keskitaso;187,59;85,61;84,57;5,29
1191;7745,18;6171,46;2754,94;920,08;690,06;Panelointi;Umpiräystäs;ei;Ei maalinpoistoa;Ei pohjamaalausta;kyllä;Haastava;Korkea;174,50;73,08;87,29;5,46
1192;7745,53;6171,74;2850,17;793,36;595,02;Panelointi;Avoräystäs;kyllä;Vaikea, 4 seinää;Pohjamaalaus, 4 seinää;ei;Haastava;Keskitaso;174,50;53,36;90,30;5,64
1193;7746,19;6172,27;2643,44;1069,47;802,10;Lomalaudoitus;Avoräystäs;ei;Ei maalinpoistoa;Ei pohjamaalausta;kyllä;Tasainen;Korkea;218,13;89,10;83,75;5,23
1194;7746,19;6172,27;2643,44;1069,47;802,10;Lomalaudoitus;Avoräystäs;ei;Ei maalinpoistoa;Ei pohjamaalausta;kyllä;Lievä rinne;Keskitaso;218,13;89,10;83,75;5,23
1195;7748,20;6173,86;2870,30;768,43;576,32;Panelointi;Avoräystäs;kyllä;Helppo, 2 seinää;Pohjamaalaus, 4 seinää;ei;Haastava;Korkea;174,50;53,36;90,94;5,68
1196;7748,77;6174,32;2637,68;1079,00;809,25;Lomalaudoitus;Umpiräystäs;kyllä;Vaikea, 2 seinää;Ei pohjamaalausta;kyllä;Tasainen;Keskitaso;218,13;86,79;83,57;5,22
1197;7751,07;6176,15;2867,74;773,89;580,42;Rimalaudoitus;Avoräystäs;kyllä;Ei maalinpoistoa;Pohjamaalaus, 4 seinää;ei;Haastava;Korkea;187,59;56,59;90,86;5,68
1198;7752,12;6176,99;2689,73;1012,00;759,00;Rimalaudoitus;Umpiräystäs;kyllä;Helppo, 4 seinää;Ei pohjamaalausta;kyllä;Tasainen;Korkea;187,59;77,19;85,22;5,33
1199;7752,12;6176,99;2689,73;1012,00;759,00;Rimalaudoitus;Umpiräystäs;kyllä;Helppo, 4 seinää;Ei pohjamaalausta;kyllä;Lievä rinne;Keskitaso;187,59;77,19;85,22;5,33
1200;7753,96;6178,46;2843,90;807,76;605,82;Lomalaudoitus;Umpiräystäs;kyllä;Vaikea, 4 seinää;Pohjamaalaus, 2 seinää;ei;Lievä rinne;Korkea;218,13;53,19;90,10;5,63
1201;7754,12;6178,58;2617,30;1110,01;832,51;Rimalaudoitus;Umpiräystäs;kyllä;Ei maalinpoistoa;Pohjamaalaus, 4 seinää;kyllä;Tasainen;Keskitaso;187,59;94,03;82,92;5,18
1202;7755,29;6179,52;2836,18;819,00;614,25;Lomalaudoitus;Avoräystäs;ei;Vaikea, 4 seinää;Pohjamaalaus, 2 seinää;ei;Haastava;Keskitaso;218,13;54,34;89,86;5,62
1203;7757,76;6181,48;2635,90;1087,80;815,85;Rimalaudoitus;Umpiräystäs;kyllä;Helppo, 4 seinää;Pohjamaalaus, 2 seinää;kyllä;Tasainen;Keskitaso;187,59;85,61;83,51;5,22
1204;7758,15;6181,80;2865,38;782,12;586,59;Panelointi;Umpiräystäs;ei;Vaikea, 4 seinää;Pohjamaalaus, 4 seinää;ei;Haastava;Korkea;174,50;52,21;90,78;5,67
1205;7765,83;6187,92;2641,57;1086,03;814,52;Panelointi;Umpiräystäs;kyllä;Vaikea, 2 seinää;Pohjamaalaus, 4 seinää;kyllä;Tasainen;Keskitaso;174,50;88,74;83,69;5,23
1206;7769,40;6190,76;2733,04;966,64;724,98;Panelointi;Avoräystäs;ei;Helppo, 2 seinää;Ei pohjamaalausta;kyllä;Haastava;Keskitaso;174,50;75,39;86,59;5,41
1207;7775,44;6195,57;2870,38;787,84;590,88;Lomalaudoitus;Avoräystäs;ei;Vaikea, 2 seinää;Pohjamaalaus, 2 seinää;ei;Haastava;Korkea;218,13;54,34;90,94;5,68
1208;7777,24;6197,00;2906,89;740,45;555,34;Rimalaudoitus;Umpiräystäs;kyllä;Vaikea, 4 seinää;Pohjamaalaus, 2 seinää;ei;Haastava;Korkea;187,59;47,02;92,10;5,76
1209;7779,54;6198,84;2728,44;980,04;735,03;Rimalaudoitus;Avoräystäs;ei;Ei maalinpoistoa;Ei pohjamaalausta;kyllä;Haastava;Keskitaso;187,59;79,50;86,45;5,40
1210;7779,78;6199,03;2783,24;907,14;680,35;Lomalaudoitus;Avoräystäs;ei;Vaikea, 4 seinää;Pohjamaalaus, 4 seinää;ei;Tasainen;Korkea;218,13;64,13;88,18;5,51
1211;7779,78;6199,03;2783,24;907,14;680,35;Lomalaudoitus;Avoräystäs;ei;Vaikea, 4 seinää;Pohjamaalaus, 4 seinää;ei;Lievä rinne;Keskitaso;218,13;64,13;88,18;5,51
1212;7780,85;6199,88;2725,26;985,20;738,90;Rimalaudoitus;Umpiräystäs;ei;Vaikea, 2 seinää;Ei pohjamaalausta;kyllä;Lievä rinne;Korkea;187,59;77,19;86,34;5,40
1213;7785,38;6203,49;2723,66;990,59;742,94;Panelointi;Umpiräystäs;ei;Ei maalinpoistoa;Pohjamaalaus, 2 seinää;kyllä;Haastava;Keskitaso;174,50;80,91;86,29;5,39
1214;7793,60;6210,04;2709,39;1015,52;761,64;Panelointi;Umpiräystäs;kyllä;Vaikea, 2 seinää;Pohjamaalaus, 2 seinää;kyllä;Tasainen;Korkea;174,50;80,91;85,84;5,37
1215;7793,60;6210,04;2709,39;1015,52;761,64;Panelointi;Umpiräystäs;kyllä;Vaikea, 2 seinää;Pohjamaalaus, 2 seinää;kyllä;Lievä rinne;Keskitaso;174,50;80,91;85,84;5,37
1216;7796,39;6212,27;2858,29;819,00;614,25;Lomalaudoitus;Avoräystäs;kyllä;Helppo, 4 seinää;Pohjamaalaus, 2 seinää;ei;Haastava;Keskitaso;218,13;54,34;90,56;5,66
1217;7796,80;6212,59;2745,30;969,94;727,45;Panelointi;Umpiräystäs;ei;Helppo, 4 seinää;Ei pohjamaalausta;kyllä;Haastava;Keskitaso;174,50;73,08;86,98;5,44
1218;7800,68;6215,68;2766,08;945,01;708,76;Panelointi;Umpiräystäs;kyllä;Vaikea, 2 seinää;Ei pohjamaalausta;kyllä;Lievä rinne;Korkea;174,50;73,08;87,64;5,48
1219;7809,55;6222,75;2646,39;1110,96;833,22;Panelointi;Umpiräystäs;ei;Vaikea, 4 seinää;Pohjamaalaus, 4 seinää;kyllä;Tasainen;Keskitaso;174,50;88,74;83,85;5,24
1220;7809,71;6222,87;2667,72;1082,63;811,98;Rimalaudoitus;Avoräystäs;kyllä;Vaikea, 2 seinää;Pohjamaalaus, 2 seinää;kyllä;Tasainen;Keskitaso;187,59;87,92;84,52;5,28
1221;7809,99;6223,10;2724,73;1006,83;755,13;Rimalaudoitus;Avoräystäs;kyllä;Vaikea, 2 seinää;Ei pohjamaalausta;kyllä;Tasainen;Korkea;187,59;79,50;86,33;5,40
1222;7809,99;6223,10;2724,73;1006,83;755,13;Rimalaudoitus;Avoräystäs;kyllä;Vaikea, 2 seinää;Ei pohjamaalausta;kyllä;Lievä rinne;Keskitaso;187,59;79,50;86,33;5,40
1223;7810,49;6223,50;2874,30;807,76;605,82;Lomalaudoitus;Umpiräystäs;ei;Helppo, 4 seinää;Pohjamaalaus, 2 seinää;ei;Haastava;Korkea;218,13;53,19;91,07;5,69
1224;7812,24;6224,89;2898,62;776,60;582,45;Lomalaudoitus;Umpiräystäs;kyllä;Helppo, 2 seinää;Pohjamaalaus, 2 seinää;ei;Haastava;Korkea;218,13;53,19;91,84;5,74
1225;7812,96;6225,47;2685,70;1061,00;795,75;Rimalaudoitus;Umpiräystäs;ei;Vaikea, 2 seinää;Pohjamaalaus, 2 seinää;kyllä;Tasainen;Korkea;187,59;85,61;85,09;5,32
1226;7812,96;6225,47;2685,70;1061,00;795,75;Rimalaudoitus;Umpiräystäs;ei;Vaikea, 2 seinää;Pohjamaalaus, 2 seinää;kyllä;Lievä rinne;Keskitaso;187,59;85,61;85,09;5,32
1227;7815,92;6227,82;2802,69;907,14;680,35;Lomalaudoitus;Avoräystäs;kyllä;Helppo, 4 seinää;Pohjamaalaus, 4 seinää;ei;Tasainen;Korkea;218,13;64,13;88,80;5,55
1228;7815,92;6227,82;2802,69;907,14;680,35;Lomalaudoitus;Avoräystäs;kyllä;Helppo, 4 seinää;Pohjamaalaus, 4 seinää;ei;Lievä rinne;Keskitaso;218,13;64,13;88,80;5,55
1229;7818,28;6229,70;2698,44;1047,84;785,88;Lomalaudoitus;Umpiräystäs;kyllä;Ei maalinpoistoa;Ei pohjamaalausta;kyllä;Tasainen;Korkea;218,13;86,79;85,50;5,34
1230;7818,28;6229,70;2698,44;1047,84;785,88;Lomalaudoitus;Umpiräystäs;kyllä;Ei maalinpoistoa;Ei pohjamaalausta;kyllä;Lievä rinne;Keskitaso;218,13;86,79;85,50;5,34
1231;7819,26;6230,49;2632,24;1136,81;852,60;Rimalaudoitus;Umpiräystäs;ei;Vaikea, 2 seinää;Pohjamaalaus, 4 seinää;kyllä;Tasainen;Keskitaso;187,59;94,03;83,40;5,21
1232;7820,18;6231,22;2864,72;827,49;620,62;Rimalaudoitus;Avoräystäs;kyllä;Helppo, 4 seinää;Pohjamaalaus, 4 seinää;ei;Haastava;Keskitaso;187,59;56,59;90,76;5,67
1233;7821,45;6232,23;2636,58;1132,59;849,44;Panelointi;Avoräystäs;ei;Helppo, 4 seinää;Pohjamaalaus, 4 seinää;kyllä;Tasainen;Keskitaso;174,50;91,05;83,54;5,22
1234;7823,43;6233,81;2661,62;1100,63;825,47;Lomalaudoitus;Avoräystäs;kyllä;Helppo, 2 seinää;Ei pohjamaalausta;kyllä;Tasainen;Keskitaso;218,13;89,10;84,33;5,27
1235;7825,19;6235,21;2749,14;985,20;738,90;Rimalaudoitus;Umpiräystäs;ei;Helppo, 2 seinää;Ei pohjamaalausta;kyllä;Haastava;Keskitaso;187,59;77,19;87,10;5,44
1236;7825,55;6235,50;2678,99;1079,00;809,25;Lomalaudoitus;Umpiräystäs;ei;Helppo, 2 seinää;Ei pohjamaalausta;kyllä;Tasainen;Korkea;218,13;86,79;84,88;5,30
1237;7825,55;6235,50;2678,99;1079,00;809,25;Lomalaudoitus;Umpiräystäs;ei;Helppo, 2 seinää;Ei pohjamaalausta;kyllä;Lievä rinne;Keskitaso;218,13;86,79;84,88;5,30
1238;7826,62;6236,35;2888,29;800,69;600,52;Rimalaudoitus;Avoräystäs;ei;Vaikea, 2 seinää;Pohjamaalaus, 4 seinää;ei;Haastava;Korkea;187,59;56,59;91,51;5,72
1239;7827,99;6237,44;2783,27;941,71;706,28;Panelointi;Avoräystäs;kyllä;Ei maalinpoistoa;Ei pohjamaalausta;kyllä;Haastava;Keskitaso;174,50;75,39;88,18;5,51
1240;7829,77;6238,86;2622,30;1157,61;868,21;Lomalaudoitus;Avoräystäs;ei;Ei maalinpoistoa;Pohjamaalaus, 2 seinää;kyllä;Tasainen;Keskitaso;218,13;98,89;83,08;5,19
1241;7830,00;6239,05;2694,08;1062,08;796,56;Panelointi;Avoräystäs;kyllä;Vaikea, 4 seinää;Pohjamaalaus, 2 seinää;kyllä;Tasainen;Keskitaso;174,50;83,22;85,36;5,33
1242;7833,98;6242,22;2643,94;1131,79;848,84;Lomalaudoitus;Avoräystäs;ei;Helppo, 4 seinää;Ei pohjamaalausta;kyllä;Tasainen;Keskitaso;218,13;89,10;83,77;5,24
1243;7835,46;6243,39;2881,38;816,26;612,19;Rimalaudoitus;Umpiräystäs;ei;Helppo, 4 seinää;Pohjamaalaus, 4 seinää;ei;Haastava;Korkea;187,59;55,44;91,29;5,71
1244;7838,15;6245,54;2714,69;1040,45;780,34;Panelointi;Umpiräystäs;ei;Vaikea, 4 seinää;Pohjamaalaus, 2 seinää;kyllä;Tasainen;Korkea;174,50;80,91;86,01;5,38
1245;7838,15;6245,54;2714,69;1040,45;780,34;Panelointi;Umpiräystäs;ei;Vaikea, 4 seinää;Pohjamaalaus, 2 seinää;kyllä;Lievä rinne;Keskitaso;174,50;80,91;86,01;5,38
1246;7840,68;6247,55;2948,25;730,86;548,14;Lomalaudoitus;Avoräystäs;kyllä;Vaikea, 4 seinää;Ei pohjamaalausta;ei;Haastava;Korkea;218,13;44,55;93,41;5,84
1247;7841,64;6248,32;2684,86;1082,73;812,05;Panelointi;Avoräystäs;ei;Ei maalinpoistoa;Pohjamaalaus, 4 seinää;kyllä;Tasainen;Korkea;174,50;91,05;85,06;5,32
1248;7841,64;6248,32;2684,86;1082,73;812,05;Panelointi;Avoräystäs;ei;Ei maalinpoistoa;Pohjamaalaus, 4 seinää;kyllä;Lievä rinne;Keskitaso;174,50;91,05;85,06;5,32
1249;7841,77;6248,42;2840,00;875,98;656,98;Lomalaudoitus;Avoräystäs;ei;Vaikea, 2 seinää;Pohjamaalaus, 4 seinää;ei;Lievä rinne;Korkea;218,13;64,13;89,98;5,62
1250;7844,16;6250,33;2739,10;1012,22;759,17;Panelointi;Avoräystäs;ei;Ei maalinpoistoa;Pohjamaalaus, 2 seinää;kyllä;Lievä rinne;Korkea;174,50;83,22;86,78;5,42
1251;7846,20;6251,95;2771,92;969,94;727,45;Panelointi;Umpiräystäs;ei;Vaikea, 4 seinää;Ei pohjamaalausta;kyllä;Lievä rinne;Korkea;174,50;73,08;87,82;5,49
1252;7848,22;6253,56;2703,90;1062,08;796,56;Panelointi;Avoräystäs;ei;Helppo, 4 seinää;Pohjamaalaus, 2 seinää;kyllä;Tasainen;Korkea;174,50;83,22;85,67;5,35
1253;7848,22;6253,56;2703,90;1062,08;796,56;Panelointi;Avoräystäs;ei;Helppo, 4 seinää;Pohjamaalaus, 2 seinää;kyllä;Lievä rinne;Keskitaso;174,50;83,22;85,67;5,35
1254;7854,27;6258,38;2760,05;991,57;743,67;Panelointi;Avoräystäs;ei;Helppo, 4 seinää;Ei pohjamaalausta;kyllä;Lievä rinne;Korkea;174,50;75,39;87,45;5,47
1255;7855,31;6259,21;2795,53;945,01;708,76;Panelointi;Umpiräystäs;kyllä;Helppo, 2 seinää;Ei pohjamaalausta;kyllä;Haastava;Keskitaso;174,50;73,08;88,57;5,54
1256;7860,75;6263,55;2920,63;782,12;586,59;Panelointi;Umpiräystäs;kyllä;Helppo, 4 seinää;Pohjamaalaus, 4 seinää;ei;Haastava;Korkea;174,50;52,21;92,53;5,78
1257;7861,29;6263,98;2676,77;1107,66;830,75;Panelointi;Avoräystäs;kyllä;Helppo, 2 seinää;Pohjamaalaus, 4 seinää;kyllä;Tasainen;Keskitaso;174,50;91,05;84,81;5,30
1258;7863,13;6265,44;2932,18;768,43;576,32;Panelointi;Avoräystäs;kyllä;Vaikea, 2 seinää;Pohjamaalaus, 4 seinää;ei;Haastava;Korkea;174,50;53,36;92,90;5,81
1259;7863,81;6265,98;2676,25;1110,16;832,62;Lomalaudoitus;Umpiräystäs;ei;Vaikea, 4 seinää;Ei pohjamaalausta;kyllä;Tasainen;Keskitaso;218,13;86,79;84,79;5,30
1260;7865,41;6267,26;2790,93;958,41;718,80;Rimalaudoitus;Umpiräystäs;kyllä;Ei maalinpoistoa;Ei pohjamaalausta;kyllä;Haastava;Keskitaso;187,59;77,19;88,43;5,53
1261;7865,79;6267,56;2861,38;864,74;648,56;Lomalaudoitus;Umpiräystäs;ei;Vaikea, 2 seinää;Pohjamaalaus, 4 seinää;ei;Haastava;Keskitaso;218,13;62,98;90,66;5,67
1262;7866,22;6267,91;2695,65;1086,03;814,52;Panelointi;Umpiräystäs;ei;Helppo, 2 seinää;Pohjamaalaus, 4 seinää;kyllä;Tasainen;Korkea;174,50;88,74;85,41;5,34
1263;7866,22;6267,91;2695,65;1086,03;814,52;Panelointi;Umpiräystäs;ei;Helppo, 2 seinää;Pohjamaalaus, 4 seinää;kyllä;Lievä rinne;Keskitaso;174,50;88,74;85,41;5,34
1264;7867,41;6268,86;2767,14;991,57;743,67;Panelointi;Avoräystäs;kyllä;Vaikea, 4 seinää;Ei pohjamaalausta;kyllä;Tasainen;Korkea;174,50;75,39;87,67;5,48
1265;7867,41;6268,86;2767,14;991,57;743,67;Panelointi;Avoräystäs;kyllä;Vaikea, 4 seinää;Ei pohjamaalausta;kyllä;Lievä rinne;Keskitaso;174,50;75,39;87,67;5,48
1266;7870,74;6271,51;2750,97;1015,52;761,64;Panelointi;Umpiräystäs;ei;Helppo, 2 seinää;Pohjamaalaus, 2 seinää;kyllä;Lievä rinne;Korkea;174,50;80,91;87,16;5,45
1267;7872,19;6272,66;2864,84;864,74;648,56;Lomalaudoitus;Umpiräystäs;kyllä;Helppo, 2 seinää;Pohjamaalaus, 4 seinää;ei;Lievä rinne;Korkea;218,13;62,98;90,77;5,67
1268;7872,45;6272,87;2879,92;844,82;633,61;Lomalaudoitus;Avoräystäs;kyllä;Ei maalinpoistoa;Pohjamaalaus, 4 seinää;ei;Haastava;Keskitaso;218,13;64,13;91,25;5,70
1269;7873,81;6273,95;2789,29;966,64;724,98;Panelointi;Avoräystäs;ei;Vaikea, 2 seinää;Ei pohjamaalausta;kyllä;Haastava;Keskitaso;174,50;75,39;88,37;5,52
1270;7874,69;6274,65;2682,67;1109,43;832,07;Rimalaudoitus;Avoräystäs;ei;Vaikea, 4 seinää;Pohjamaalaus, 2 seinää;kyllä;Tasainen;Keskitaso;187,59;87,92;85,00;5,31
1271;7874,80;6274,74;2857,82;875,98;656,98;Lomalaudoitus;Avoräystäs;ei;Helppo, 2 seinää;Pohjamaalaus, 4 seinää;ei;Haastava;Keskitaso;218,13;64,13;90,54;5,66
1272;7875,85;6275,58;2843,45;895,90;671,93;Lomalaudoitus;Umpiräystäs;ei;Helppo, 4 seinää;Pohjamaalaus, 4 seinää;ei;Lievä rinne;Korkea;218,13;62,98;90,09;5,63
1273;7877,58;6276,95;2895,69;827,49;620,62;Rimalaudoitus;Avoräystäs;kyllä;Vaikea, 4 seinää;Pohjamaalaus, 4 seinää;ei;Lievä rinne;Korkea;187,59;56,59;91,74;5,73
1274;7877,74;6277,09;2741,17;1033,63;775,22;Rimalaudoitus;Avoräystäs;ei;Vaikea, 4 seinää;Ei pohjamaalausta;kyllä;Tasainen;Korkea;187,59;79,50;86,85;5,43
1275;7877,74;6277,09;2741,17;1033,63;775,22;Rimalaudoitus;Avoräystäs;ei;Vaikea, 4 seinää;Ei pohjamaalausta;kyllä;Lievä rinne;Keskitaso;187,59;79,50;86,85;5,43
1276;7882,36;6280,77;2763,77;1006,83;755,13;Rimalaudoitus;Avoräystäs;ei;Helppo, 2 seinää;Ei pohjamaalausta;kyllä;Lievä rinne;Korkea;187,59;79,50;87,56;5,47
1277;7883,39;6281,59;2927,35;789,46;592,09;Rimalaudoitus;Umpiräystäs;kyllä;Helppo, 2 seinää;Pohjamaalaus, 4 seinää;ei;Haastava;Korkea;187,59;55,44;92,75;5,80
1278;7884,04;6282,11;2686,58;1110,96;833,22;Panelointi;Umpiräystäs;kyllä;Helppo, 4 seinää;Pohjamaalaus, 4 seinää;kyllä;Tasainen;Keskitaso;174,50;88,74;85,12;5,32
1279;7889,53;6286,48;2908,52;819,00;614,25;Lomalaudoitus;Avoräystäs;kyllä;Vaikea, 4 seinää;Pohjamaalaus, 2 seinää;ei;Lievä rinne;Korkea;218,13;54,34;92,15;5,76
1280;7890,50;6287,25;2898,10;833,58;625,19;Lomalaudoitus;Umpiräystäs;ei;Ei maalinpoistoa;Pohjamaalaus, 4 seinää;ei;Haastava;Korkea;218,13;62,98;91,82;5,74
1281;7892,34;6288,71;2672,30;1135,98;851,98;Lomalaudoitus;Umpiräystäs;kyllä;Ei maalinpoistoa;Pohjamaalaus, 2 seinää;kyllä;Tasainen;Keskitaso;218,13;96,58;84,67;5,29
1282;7895,45;6291,20;2748,10;1037,15;777,86;Panelointi;Avoräystäs;kyllä;Helppo, 2 seinää;Pohjamaalaus, 2 seinää;kyllä;Tasainen;Korkea;174,50;83,22;87,07;5,44
1283;7895,45;6291,20;2748,10;1037,15;777,86;Panelointi;Avoräystäs;kyllä;Helppo, 2 seinää;Pohjamaalaus, 2 seinää;kyllä;Lievä rinne;Keskitaso;174,50;83,22;87,07;5,44
1284;7896,54;6292,07;2693,93;1110,16;832,62;Lomalaudoitus;Umpiräystäs;kyllä;Helppo, 4 seinää;Ei pohjamaalausta;kyllä;Tasainen;Keskitaso;218,13;86,79;85,35;5,33
1285;7902,86;6297,10;2654,62;1167,14;875,35;Lomalaudoitus;Umpiräystäs;ei;Helppo, 2 seinää;Pohjamaalaus, 2 seinää;kyllä;Tasainen;Keskitaso;218,13;96,58;84,11;5,26
1286;7904,97;6298,78;2918,92;816,26;612,19;Rimalaudoitus;Umpiräystäs;kyllä;Vaikea, 4 seinää;Pohjamaalaus, 4 seinää;ei;Haastava;Keskitaso;187,59;55,44;92,48;5,78
1287;7907,87;6301,09;2720,70;1082,63;811,98;Rimalaudoitus;Avoräystäs;ei;Helppo, 2 seinää;Pohjamaalaus, 2 seinää;kyllä;Tasainen;Korkea;187,59;87,92;86,20;5,39
1288;7907,87;6301,09;2720,70;1082,63;811,98;Rimalaudoitus;Avoräystäs;ei;Helppo, 2 seinää;Pohjamaalaus, 2 seinää;kyllä;Lievä rinne;Keskitaso;187,59;87,92;86,20;5,39
1289;7908,26;6301,40;2664,06;1158,44;868,83;Rimalaudoitus;Avoräystäs;ei;Helppo, 2 seinää;Pohjamaalaus, 4 seinää;kyllä;Tasainen;Keskitaso;187,59;96,34;84,41;5,28
1290;7909,66;6302,52;2808,67;966,64;724,98;Panelointi;Avoräystäs;kyllä;Helppo, 2 seinää;Ei pohjamaalausta;kyllä;Lievä rinne;Korkea;174,50;75,39;88,99;5,56
1291;7909,99;6302,78;2938,81;793,36;595,02;Panelointi;Avoräystäs;ei;Vaikea, 4 seinää;Pohjamaalaus, 4 seinää;ei;Haastava;Korkea;174,50;53,36;93,11;5,82
1292;7913,42;6305,51;2739,85;1061,10;795,83;Panelointi;Umpiräystäs;kyllä;Ei maalinpoistoa;Pohjamaalaus, 4 seinää;kyllä;Tasainen;Korkea;174,50;88,74;86,81;5,43
1293;7913,42;6305,51;2739,85;1061,10;795,83;Panelointi;Umpiräystäs;kyllä;Ei maalinpoistoa;Pohjamaalaus, 4 seinää;kyllä;Lievä rinne;Keskitaso;174,50;88,74;86,81;5,43
1294;7915,75;6307,37;2761,29;1034,21;775,65;Rimalaudoitus;Umpiräystäs;ei;Ei maalinpoistoa;Pohjamaalaus, 2 seinää;kyllä;Lievä rinne;Korkea;187,59;85,61;87,49;5,47
1295;7917,69;6308,92;2932,17;807,76;605,82;Lomalaudoitus;Umpiräystäs;kyllä;Vaikea, 4 seinää;Pohjamaalaus, 2 seinää;ei;Haastava;Keskitaso;218,13;53,19;92,90;5,81
1296;7919,98;6310,74;2758,89;1040,45;780,34;Panelointi;Umpiräystäs;kyllä;Helppo, 4 seinää;Pohjamaalaus, 2 seinää;kyllä;Tasainen;Korkea;174,50;80,91;87,41;5,46
1297;7919,98;6310,74;2758,89;1040,45;780,34;Panelointi;Umpiräystäs;kyllä;Helppo, 4 seinää;Pohjamaalaus, 2 seinää;kyllä;Lievä rinne;Keskitaso;174,50;80,91;87,41;5,46
1298;7920,01;6310,77;2804,22;980,04;735,03;Rimalaudoitus;Avoräystäs;kyllä;Ei maalinpoistoa;Ei pohjamaalausta;kyllä;Lievä rinne;Korkea;187,59;79,50;88,85;5,55
1299;7920,73;6311,34;2867,71;895,90;671,93;Lomalaudoitus;Umpiräystäs;kyllä;Vaikea, 4 seinää;Pohjamaalaus, 4 seinää;ei;Tasainen;Korkea;218,13;62,98;90,86;5,68
1300;7920,73;6311,34;2867,71;895,90;671,93;Lomalaudoitus;Umpiräystäs;kyllä;Vaikea, 4 seinää;Pohjamaalaus, 4 seinää;ei;Lievä rinne;Keskitaso;218,13;62,98;90,86;5,68
1301;7926,09;6315,61;2799,60;990,59;742,94;Panelointi;Umpiräystäs;kyllä;Ei maalinpoistoa;Pohjamaalaus, 2 seinää;kyllä;Lievä rinne;Korkea;174,50;80,91;88,70;5,54
1302;7926,59;6316,01;2783,80;1012,00;759,00;Rimalaudoitus;Umpiräystäs;ei;Helppo, 4 seinää;Ei pohjamaalausta;kyllä;Lievä rinne;Korkea;187,59;77,19;88,20;5,51
1303;7927,59;6316,80;2717,88;1100,63;825,47;Lomalaudoitus;Avoräystäs;kyllä;Vaikea, 2 seinää;Ei pohjamaalausta;kyllä;Tasainen;Keskitaso;218,13;89,10;86,11;5,38
1304;7928,95;6317,89;2980,32;751,69;563,77;Rimalaudoitus;Avoräystäs;kyllä;Vaikea, 4 seinää;Pohjamaalaus, 2 seinää;ei;Haastava;Korkea;187,59;48,17;94,43;5,90
1305;7932,90;6321,04;2697,50;1131,64;848,73;Rimalaudoitus;Avoräystäs;kyllä;Ei maalinpoistoa;Pohjamaalaus, 4 seinää;kyllä;Tasainen;Keskitaso;187,59;96,34;85,47;5,34
1306;7936,17;6323,64;2820,54;969,94;727,45;Panelointi;Umpiräystäs;kyllä;Helppo, 4 seinää;Ei pohjamaalausta;kyllä;Lievä rinne;Korkea;174,50;73,08;89,36;5,59
1307;7936,51;6323,91;2716,10;1109,43;832,07;Rimalaudoitus;Avoräystäs;kyllä;Helppo, 4 seinää;Pohjamaalaus, 2 seinää;kyllä;Tasainen;Keskitaso;187,59;87,92;86,05;5,38
1308;7937,13;6324,41;2732,66;1087,80;815,85;Rimalaudoitus;Umpiräystäs;kyllä;Vaikea, 4 seinää;Pohjamaalaus, 2 seinää;kyllä;Tasainen;Keskitaso;187,59;85,61;86,58;5,41
1309;7937,14;6324,41;2809,62;985,20;738,90;Rimalaudoitus;Umpiräystäs;ei;Vaikea, 2 seinää;Ei pohjamaalausta;kyllä;Haastava;Keskitaso;187,59;77,19;89,02;5,56
1310;7938,68;6325,64;2757,48;1055,84;791,88;Rimalaudoitus;Avoräystäs;kyllä;Ei maalinpoistoa;Pohjamaalaus, 2 seinää;kyllä;Tasainen;Korkea;187,59;87,92;87,37;5,46
1311;7938,68;6325,64;2757,48;1055,84;791,88;Rimalaudoitus;Avoräystäs;kyllä;Ei maalinpoistoa;Pohjamaalaus, 2 seinää;kyllä;Lievä rinne;Keskitaso;187,59;87,92;87,37;5,46
1312;7940,09;6326,77;2740,87;1079,00;809,25;Lomalaudoitus;Umpiräystäs;ei;Vaikea, 2 seinää;Ei pohjamaalausta;kyllä;Tasainen;Korkea;218,13;86,79;86,84;5,43
1313;7940,09;6326,77;2740,87;1079,00;809,25;Lomalaudoitus;Umpiräystäs;ei;Vaikea, 2 seinää;Ei pohjamaalausta;kyllä;Lievä rinne;Keskitaso;218,13;86,79;86,84;5,43
1314;7941,64;6328,00;2718,45;1110,01;832,51;Rimalaudoitus;Umpiräystäs;ei;Ei maalinpoistoa;Pohjamaalaus, 4 seinää;kyllä;Tasainen;Korkea;187,59;94,03;86,13;5,38
1315;7941,64;6328,00;2718,45;1110,01;832,51;Rimalaudoitus;Umpiräystäs;ei;Ei maalinpoistoa;Pohjamaalaus, 4 seinää;kyllä;Lievä rinne;Keskitaso;187,59;94,03;86,13;5,38
1316;7944,52;6330,30;2721,77;1107,66;830,75;Panelointi;Avoräystäs;kyllä;Vaikea, 2 seinää;Pohjamaalaus, 4 seinää;kyllä;Tasainen;Keskitaso;174,50;91,05;86,23;5,39
1317;7945,73;6331,26;2777,95;1033,63;775,22;Rimalaudoitus;Avoräystäs;kyllä;Helppo, 4 seinää;Ei pohjamaalausta;kyllä;Tasainen;Korkea;187,59;79,50;88,01;5,50
1318;7945,73;6331,26;2777,95;1033,63;775,22;Rimalaudoitus;Avoräystäs;kyllä;Helppo, 4 seinää;Ei pohjamaalausta;kyllä;Lievä rinne;Keskitaso;187,59;79,50;88,01;5,50
1319;7946,01;6331,48;2680,62;1163,60;872,70;Rimalaudoitus;Umpiräystäs;ei;Helppo, 4 seinää;Pohjamaalaus, 4 seinää;kyllä;Tasainen;Keskitaso;187,59;94,03;84,93;5,31
1320;7948,68;6333,61;2738,92;1087,80;815,85;Rimalaudoitus;Umpiräystäs;ei;Helppo, 4 seinää;Pohjamaalaus, 2 seinää;kyllä;Tasainen;Korkea;187,59;85,61;86,78;5,42
1321;7948,68;6333,61;2738,92;1087,80;815,85;Rimalaudoitus;Umpiräystäs;ei;Helppo, 4 seinää;Pohjamaalaus, 2 seinää;kyllä;Lievä rinne;Keskitaso;187,59;85,61;86,78;5,42
1322;7949,41;6334,19;2796,17;1012,00;759,00;Rimalaudoitus;Umpiräystäs;kyllä;Vaikea, 4 seinää;Ei pohjamaalausta;kyllä;Tasainen;Korkea;187,59;77,19;88,59;5,54
1323;7949,41;6334,19;2796,17;1012,00;759,00;Rimalaudoitus;Umpiräystäs;kyllä;Vaikea, 4 seinää;Ei pohjamaalausta;kyllä;Lievä rinne;Keskitaso;187,59;77,19;88,59;5,54
1324;7955,41;6338,97;2975,97;776,60;582,45;Lomalaudoitus;Umpiräystäs;kyllä;Vaikea, 2 seinää;Pohjamaalaus, 2 seinää;ei;Haastava;Korkea;218,13;53,19;94,29;5,89
1325;7957,74;6340,82;2745,16;1086,03;814,52;Panelointi;Umpiräystäs;ei;Vaikea, 2 seinää;Pohjamaalaus, 4 seinää;kyllä;Tasainen;Korkea;174,50;88,74;86,98;5,44
1326;7957,74;6340,82;2745,16;1086,03;814,52;Panelointi;Umpiräystäs;ei;Vaikea, 2 seinää;Pohjamaalaus, 4 seinää;kyllä;Lievä rinne;Keskitaso;174,50;88,74;86,98;5,44
1327;7959,33;6342,09;2851,79;945,01;708,76;Panelointi;Umpiräystäs;kyllä;Vaikea, 2 seinää;Ei pohjamaalausta;kyllä;Haastava;Keskitaso;174,50;73,08;90,35;5,65
1328;7961,99;6344,21;2947,74;819,00;614,25;Lomalaudoitus;Avoräystäs;ei;Helppo, 4 seinää;Pohjamaalaus, 2 seinää;ei;Haastava;Korkea;218,13;54,34;93,39;5,84
1329;7963,72;6345,60;2972,05;787,84;590,88;Lomalaudoitus;Avoräystäs;kyllä;Helppo, 2 seinää;Pohjamaalaus, 2 seinää;ei;Haastava;Korkea;218,13;54,34;94,16;5,89
1330;7964,16;6345,94;2824,26;985,20;738,90;Rimalaudoitus;Umpiräystäs;kyllä;Helppo, 2 seinää;Ei pohjamaalausta;kyllä;Lievä rinne;Korkea;187,59;77,19;89,48;5,59
1331;7970,61;6351,09;2714,06;1136,81;852,60;Rimalaudoitus;Umpiräystäs;kyllä;Helppo, 2 seinää;Pohjamaalaus, 4 seinää;kyllä;Tasainen;Keskitaso;187,59;94,03;85,99;5,37
1332;7971,37;6351,69;2805,43;1015,52;761,64;Panelointi;Umpiräystäs;ei;Vaikea, 2 seinää;Pohjamaalaus, 2 seinää;kyllä;Lievä rinne;Korkea;174,50;80,91;88,88;5,56
1333;7979,44;6358,12;2775,70;1061,00;795,75;Rimalaudoitus;Umpiräystäs;kyllä;Helppo, 2 seinää;Pohjamaalaus, 2 seinää;kyllä;Tasainen;Korkea;187,59;85,61;87,94;5,50
1334;7979,44;6358,12;2775,70;1061,00;795,75;Rimalaudoitus;Umpiräystäs;kyllä;Helppo, 2 seinää;Pohjamaalaus, 2 seinää;kyllä;Lievä rinne;Keskitaso;187,59;85,61;87,94;5,50
1335;7979,53;6358,19;2865,22;941,71;706,28;Panelointi;Avoräystäs;ei;Ei maalinpoistoa;Ei pohjamaalausta;kyllä;Haastava;Korkea;174,50;75,39;90,78;5,67
1336;7986,78;6363,97;2954,82;827,49;620,62;Rimalaudoitus;Avoräystäs;ei;Helppo, 4 seinää;Pohjamaalaus, 4 seinää;ei;Haastava;Korkea;187,59;56,59;93,62;5,85
1337;7986,85;6364,02;2797,61;1037,15;777,86;Panelointi;Avoräystäs;kyllä;Vaikea, 2 seinää;Pohjamaalaus, 2 seinää;kyllä;Tasainen;Korkea;174,50;83,22;88,64;5,54
1338;7986,85;6364,02;2797,61;1037,15;777,86;Panelointi;Avoräystäs;kyllä;Vaikea, 2 seinää;Pohjamaalaus, 2 seinää;kyllä;Lievä rinne;Keskitaso;174,50;83,22;88,64;5,54
1339;7987,89;6364,85;2726,59;1132,59;849,44;Panelointi;Avoräystäs;ei;Vaikea, 4 seinää;Pohjamaalaus, 4 seinää;kyllä;Tasainen;Keskitaso;174,50;91,05;86,39;5,40
1340;7990,46;6366,90;2822,31;1006,83;755,13;Rimalaudoitus;Avoräystäs;ei;Vaikea, 2 seinää;Ei pohjamaalausta;kyllä;Lievä rinne;Korkea;187,59;79,50;89,42;5,59
1341;7993,84;6369,59;2793,39;1047,84;785,88;Lomalaudoitus;Umpiräystäs;ei;Ei maalinpoistoa;Ei pohjamaalausta;kyllä;Lievä rinne;Korkea;218,13;86,79;88,50;5,53
1342;7997,53;6372,53;2712,44;1158,44;868,83;Rimalaudoitus;Avoräystäs;ei;Vaikea, 2 seinää;Pohjamaalaus, 4 seinää;kyllä;Tasainen;Keskitaso;187,59;96,34;85,94;5,37
1343;7997,89;6372,82;2932,91;864,74;648,56;Lomalaudoitus;Umpiräystäs;kyllä;Vaikea, 2 seinää;Pohjamaalaus, 4 seinää;ei;Lievä rinne;Korkea;218,13;62,98;92,92;5,81
1344;8000,86;6375,19;2823,91;1012,22;759,17;Panelointi;Avoräystäs;ei;Ei maalinpoistoa;Pohjamaalaus, 2 seinää;kyllä;Haastava;Keskitaso;174,50;83,22;89,47;5,59
1345;8004,63;6378,19;2928,14;875,98;656,98;Lomalaudoitus;Avoräystäs;ei;Vaikea, 2 seinää;Pohjamaalaus, 4 seinää;ei;Haastava;Keskitaso;218,13;64,13;92,77;5,80
1346;8004,89;6378,40;2857,81;969,94;727,45;Panelointi;Umpiräystäs;ei;Vaikea, 4 seinää;Ei pohjamaalausta;kyllä;Haastava;Keskitaso;174,50;73,08;90,54;5,66
1347;8006,05;6379,32;2773,92;1082,63;811,98;Rimalaudoitus;Avoräystäs;ei;Vaikea, 2 seinää;Pohjamaalaus, 2 seinää;kyllä;Tasainen;Korkea;187,59;87,92;87,89;5,49
1348;8006,05;6379,32;2773,92;1082,63;811,98;Rimalaudoitus;Avoräystäs;ei;Vaikea, 2 seinää;Pohjamaalaus, 2 seinää;kyllä;Lievä rinne;Keskitaso;187,59;87,92;87,89;5,49
1349;8006,19;6379,43;2993,88;789,46;592,09;Rimalaudoitus;Umpiräystäs;kyllä;Vaikea, 2 seinää;Pohjamaalaus, 4 seinää;ei;Haastava;Korkea;187,59;55,44;94,86;5,93
1350;8006,66;6379,81;2710,87;1167,14;875,35;Lomalaudoitus;Umpiräystäs;ei;Vaikea, 2 seinää;Pohjamaalaus, 2 seinää;kyllä;Tasainen;Keskitaso;218,13;96,58;85,89;5,37
1351;8007,06;6380,13;2929,46;875,98;656,98;Lomalaudoitus;Avoräystäs;kyllä;Helppo, 2 seinää;Pohjamaalaus, 4 seinää;ei;Lievä rinne;Korkea;218,13;64,13;92,81;5,80
1352;8008,93;6381,62;2878,71;945,01;708,76;Panelointi;Umpiräystäs;ei;Helppo, 2 seinää;Ei pohjamaalausta;kyllä;Haastava;Korkea;174,50;73,08;91,21;5,70
1353;8010,12;6382,56;2863,13;966,64;724,98;Panelointi;Avoräystäs;kyllä;Vaikea, 2 seinää;Ei pohjamaalausta;kyllä;Lievä rinne;Korkea;174,50;75,39;90,71;5,67
1354;8010,70;6383,02;2908,07;907,14;680,35;Lomalaudoitus;Avoräystäs;ei;Helppo, 4 seinää;Pohjamaalaus, 4 seinää;ei;Lievä rinne;Korkea;218,13;64,13;92,14;5,76
1355;8011,32;6383,52;2786,66;1069,47;802,10;Lomalaudoitus;Avoräystäs;kyllä;Ei maalinpoistoa;Ei pohjamaalausta;kyllä;Tasainen;Korkea;218,13;89,10;88,29;5,52
1356;8011,32;6383,52;2786,66;1069,47;802,10;Lomalaudoitus;Avoräystäs;kyllä;Ei maalinpoistoa;Ei pohjamaalausta;kyllä;Lievä rinne;Keskitaso;218,13;89,10;88,29;5,52
1357;8011,91;6383,99;2994,06;793,36;595,02;Panelointi;Avoräystäs;kyllä;Helppo, 4 seinää;Pohjamaalaus, 4 seinää;ei;Haastava;Korkea;174,50;53,36;94,86;5,93
1358;8012,18;6384,20;2845,55;991,57;743,67;Panelointi;Avoräystäs;ei;Helppo, 4 seinää;Ei pohjamaalausta;kyllä;Haastava;Keskitaso;174,50;75,39;90,16;5,63
1359;8018,12;6388,94;2873,65;958,41;718,80;Rimalaudoitus;Umpiräystäs;ei;Ei maalinpoistoa;Ei pohjamaalausta;kyllä;Haastava;Korkea;187,59;77,19;91,05;5,69
1360;8018,54;6389,27;2767,21;1100,63;825,47;Lomalaudoitus;Avoräystäs;ei;Helppo, 2 seinää;Ei pohjamaalausta;kyllä;Tasainen;Korkea;218,13;89,10;87,67;5,48
1361;8018,54;6389,27;2767,21;1100,63;825,47;Lomalaudoitus;Avoräystäs;ei;Helppo, 2 seinää;Ei pohjamaalausta;kyllä;Lievä rinne;Keskitaso;218,13;89,10;87,67;5,48
1362;8027,98;6396,80;2836,18;1015,52;761,64;Panelointi;Umpiräystäs;ei;Helppo, 2 seinää;Pohjamaalaus, 2 seinää;kyllä;Haastava;Keskitaso;174,50;80,91;89,86;5,62
1363;8031,02;6399,22;2802,91;1062,08;796,56;Panelointi;Avoräystäs;ei;Vaikea, 4 seinää;Pohjamaalaus, 2 seinää;kyllä;Tasainen;Korkea;174,50;83,22;88,81;5,55
1364;8031,02;6399,22;2802,91;1062,08;796,56;Panelointi;Avoräystäs;ei;Vaikea, 4 seinää;Pohjamaalaus, 2 seinää;kyllä;Lievä rinne;Keskitaso;174,50;83,22;88,81;5,55
1365;8034,40;6401,91;3000,79;800,69;600,52;Rimalaudoitus;Avoräystäs;kyllä;Helppo, 2 seinää;Pohjamaalaus, 4 seinää;ei;Haastava;Korkea;187,59;56,59;95,07;5,94
1366;8036,34;6403,46;2953,81;864,74;648,56;Lomalaudoitus;Umpiräystäs;kyllä;Helppo, 2 seinää;Pohjamaalaus, 4 seinää;ei;Haastava;Keskitaso;218,13;62,98;93,59;5,85
1367;8038,68;6405,32;2931,70;895,90;671,93;Lomalaudoitus;Umpiräystäs;ei;Helppo, 4 seinää;Pohjamaalaus, 4 seinää;ei;Haastava;Keskitaso;218,13;62,98;92,89;5,81
1368;8040,30;6406,62;2849,39;1006,83;755,13;Rimalaudoitus;Avoräystäs;ei;Helppo, 2 seinää;Ei pohjamaalausta;kyllä;Haastava;Keskitaso;187,59;79,50;90,28;5,64
1369;8041,47;6407,54;2971,54;844,82;633,61;Lomalaudoitus;Avoräystäs;ei;Ei maalinpoistoa;Pohjamaalaus, 4 seinää;ei;Haastava;Korkea;218,13;64,13;94,15;5,88
1370;8041,73;6407,76;2756,45;1131,79;848,84;Lomalaudoitus;Avoräystäs;ei;Vaikea, 4 seinää;Ei pohjamaalausta;kyllä;Tasainen;Keskitaso;218,13;89,10;87,33;5,46
1371;8043,57;6409,22;2985,67;827,49;620,62;Rimalaudoitus;Avoräystäs;kyllä;Vaikea, 4 seinää;Pohjamaalaus, 4 seinää;ei;Haastava;Keskitaso;187,59;56,59;94,60;5,91
1372;8044,52;6409,98;2926,46;907,14;680,35;Lomalaudoitus;Avoräystäs;kyllä;Vaikea, 4 seinää;Pohjamaalaus, 4 seinää;ei;Tasainen;Korkea;218,13;64,13;92,72;5,79
1373;8044,52;6409,98;2926,46;907,14;680,35;Lomalaudoitus;Avoräystäs;kyllä;Vaikea, 4 seinää;Pohjamaalaus, 4 seinää;ei;Lievä rinne;Keskitaso;218,13;64,13;92,72;5,79
1374;8050,03;6414,37;2776,59;1110,96;833,22;Panelointi;Umpiräystäs;kyllä;Vaikea, 4 seinää;Pohjamaalaus, 4 seinää;kyllä;Tasainen;Keskitaso;174,50;88,74;87,97;5,50
1375;8055,22;6418,50;2868,96;991,57;743,67;Panelointi;Avoräystäs;ei;Vaikea, 4 seinää;Ei pohjamaalausta;kyllä;Lievä rinne;Korkea;174,50;75,39;90,90;5,68
1376;8056,21;6419,29;2998,93;819,00;614,25;Lomalaudoitus;Avoräystäs;kyllä;Vaikea, 4 seinää;Pohjamaalaus, 2 seinää;ei;Haastava;Keskitaso;218,13;54,34;95,02;5,94
1377;8058,86;6421,40;2783,87;1107,66;830,75;Panelointi;Avoräystäs;ei;Helppo, 2 seinää;Pohjamaalaus, 4 seinää;kyllä;Tasainen;Korkea;174,50;91,05;88,20;5,51
1378;8058,86;6421,40;2783,87;1107,66;830,75;Panelointi;Avoräystäs;ei;Helppo, 2 seinää;Pohjamaalaus, 4 seinää;kyllä;Lievä rinne;Keskitaso;174,50;91,05;88,20;5,51
1379;8059,64;6422,03;2762,44;1136,81;852,60;Rimalaudoitus;Umpiräystäs;kyllä;Vaikea, 2 seinää;Pohjamaalaus, 4 seinää;kyllä;Tasainen;Keskitaso;187,59;94,03;87,52;5,47
1380;8061,81;6423,75;2766,78;1132,59;849,44;Panelointi;Avoräystäs;kyllä;Helppo, 4 seinää;Pohjamaalaus, 4 seinää;kyllä;Tasainen;Keskitaso;174,50;91,05;87,66;5,48
1381;8070,04;6430,31;2752,50;1157,61;868,21;Lomalaudoitus;Avoräystäs;kyllä;Ei maalinpoistoa;Pohjamaalaus, 2 seinää;kyllä;Tasainen;Keskitaso;218,13;98,89;87,21;5,45
1382;8070,14;6430,39;2895,78;966,64;724,98;Panelointi;Avoräystäs;kyllä;Helppo, 2 seinää;Ei pohjamaalausta;kyllä;Haastava;Keskitaso;174,50;75,39;91,75;5,73
1383;8071,87;6431,77;2882,80;985,20;738,90;Rimalaudoitus;Umpiräystäs;kyllä;Vaikea, 2 seinää;Ei pohjamaalausta;kyllä;Lievä rinne;Korkea;187,59;77,19;91,34;5,71
1384;8073,31;6432,92;2846,83;1034,21;775,65;Rimalaudoitus;Umpiräystäs;ei;Ei maalinpoistoa;Pohjamaalaus, 2 seinää;kyllä;Haastava;Keskitaso;187,59;85,61;90,20;5,64
1385;8074,21;6433,63;2774,13;1131,79;848,84;Lomalaudoitus;Avoräystäs;kyllä;Helppo, 4 seinää;Ei pohjamaalausta;kyllä;Tasainen;Keskitaso;218,13;89,10;87,89;5,49
1386;8076,12;6435,16;2933,96;920,08;690,06;Panelointi;Umpiräystäs;kyllä;Ei maalinpoistoa;Ei pohjamaalausta;kyllä;Haastava;Korkea;174,50;73,08;92,96;5,81
1387;8077,32;6436,11;2828,92;1061,00;795,75;Rimalaudoitus;Umpiräystäs;kyllä;Vaikea, 2 seinää;Pohjamaalaus, 2 seinää;kyllä;Tasainen;Korkea;187,59;85,61;89,63;5,60
1388;8077,32;6436,11;2828,92;1061,00;795,75;Rimalaudoitus;Umpiräystäs;kyllä;Vaikea, 2 seinää;Pohjamaalaus, 2 seinää;kyllä;Lievä rinne;Keskitaso;187,59;85,61;89,63;5,60
1389;8079,53;6437,88;2848,02;1037,15;777,86;Panelointi;Avoräystäs;ei;Helppo, 2 seinää;Pohjamaalaus, 2 seinää;kyllä;Lievä rinne;Korkea;174,50;83,22;90,23;5,64
1390;8080,14;6438,36;2891,18;980,04;735,03;Rimalaudoitus;Avoräystäs;kyllä;Ei maalinpoistoa;Ei pohjamaalausta;kyllä;Haastava;Keskitaso;187,59;79,50;91,60;5,73
1391;8080,48;6438,63;2734,82;1188,77;891,58;Lomalaudoitus;Avoräystäs;ei;Helppo, 2 seinää;Pohjamaalaus, 2 seinää;kyllä;Tasainen;Keskitaso;218,13;98,89;86,65;5,42
1392;8080,90;6438,96;3014,43;816,26;612,19;Rimalaudoitus;Umpiräystäs;ei;Vaikea, 4 seinää;Pohjamaalaus, 4 seinää;ei;Haastava;Korkea;187,59;55,44;95,51;5,97
1393;8083,21;6440,81;2794,66;1110,96;833,22;Panelointi;Umpiräystäs;ei;Helppo, 4 seinää;Pohjamaalaus, 4 seinää;kyllä;Tasainen;Korkea;174,50;88,74;88,54;5,53
1394;8083,21;6440,81;2794,66;1110,96;833,22;Panelointi;Umpiräystäs;ei;Helppo, 4 seinää;Pohjamaalaus, 4 seinää;kyllä;Lievä rinne;Keskitaso;174,50;88,74;88,54;5,53
1395;8085,44;6442,58;2870,09;1012,00;759,00;Rimalaudoitus;Umpiräystäs;ei;Helppo, 4 seinää;Ei pohjamaalausta;kyllä;Haastava;Keskitaso;187,59;77,19;90,93;5,68
1396;8085,90;6442,95;2886,41;990,59;742,94;Panelointi;Umpiräystäs;kyllä;Ei maalinpoistoa;Pohjamaalaus, 2 seinää;kyllä;Haastava;Keskitaso;174,50;80,91;91,45;5,72
1397;8088,81;6445,27;2778,95;1135,98;851,98;Lomalaudoitus;Umpiräystäs;ei;Ei maalinpoistoa;Pohjamaalaus, 2 seinää;kyllä;Tasainen;Korkea;218,13;96,58;88,05;5,50
1398;8088,81;6445,27;2778,95;1135,98;851,98;Lomalaudoitus;Umpiräystäs;ei;Ei maalinpoistoa;Pohjamaalaus, 2 seinää;kyllä;Lievä rinne;Keskitaso;218,13;96,58;88,05;5,50
1399;8089,76;6446,03;2822,20;1079,00;809,25;Lomalaudoitus;Umpiräystäs;kyllä;Helppo, 2 seinää;Ei pohjamaalausta;kyllä;Tasainen;Korkea;218,13;86,79;89,42;5,59
1400;8089,76;6446,03;2822,20;1079,00;809,25;Lomalaudoitus;Umpiräystäs;kyllä;Helppo, 2 seinää;Ei pohjamaalausta;kyllä;Lievä rinne;Keskitaso;218,13;86,79;89,42;5,59
1401;8095,84;6450,87;2838,94;1061,10;795,83;Panelointi;Umpiräystäs;ei;Ei maalinpoistoa;Pohjamaalaus, 4 seinää;kyllä;Lievä rinne;Korkea;174,50;88,74;89,95;5,62
1402;8095,96;6450,96;3029,01;807,76;605,82;Lomalaudoitus;Umpiräystäs;ei;Vaikea, 4 seinää;Pohjamaalaus, 2 seinää;ei;Haastava;Korkea;218,13;53,19;95,97;6,00
1403;8096,95;6451,75;2802,75;1110,16;832,62;Lomalaudoitus;Umpiräystäs;ei;Helppo, 4 seinää;Ei pohjamaalausta;kyllä;Tasainen;Korkea;218,13;86,79;88,80;5,55
1404;8096,95;6451,75;2802,75;1110,16;832,62;Lomalaudoitus;Umpiräystäs;ei;Helppo, 4 seinää;Ei pohjamaalausta;kyllä;Lievä rinne;Keskitaso;218,13;86,79;88,80;5,55
1405;8097,18;6451,93;2908,04;969,94;727,45;Panelointi;Umpiräystäs;kyllä;Helppo, 4 seinää;Ei pohjamaalausta;kyllä;Haastava;Keskitaso;174,50;73,08;92,14;5,76
1406;8102,21;6455,94;2857,90;1040,45;780,34;Panelointi;Umpiräystäs;kyllä;Vaikea, 4 seinää;Pohjamaalaus, 2 seinää;kyllä;Tasainen;Korkea;174,50;80,91;90,55;5,66
1407;8102,21;6455,94;2857,90;1040,45;780,34;Panelointi;Umpiräystäs;kyllä;Vaikea, 4 seinää;Pohjamaalaus, 2 seinää;kyllä;Lievä rinne;Keskitaso;174,50;80,91;90,55;5,66
1408;8103,72;6457,15;2806,45;1110,16;832,62;Lomalaudoitus;Umpiräystäs;kyllä;Vaikea, 4 seinää;Ei pohjamaalausta;kyllä;Tasainen;Keskitaso;218,13;86,79;88,92;5,56
1409;8105,66;6458,69;2828,07;1082,73;812,05;Panelointi;Avoräystäs;kyllä;Ei maalinpoistoa;Pohjamaalaus, 4 seinää;kyllä;Tasainen;Korkea;174,50;91,05;89,60;5,60
1410;8105,66;6458,69;2828,07;1082,73;812,05;Panelointi;Avoräystäs;kyllä;Ei maalinpoistoa;Pohjamaalaus, 4 seinää;kyllä;Lievä rinne;Keskitaso;174,50;91,05;89,60;5,60
1411;8105,84;6458,84;2859,89;1040,45;780,34;Panelointi;Umpiräystäs;ei;Helppo, 4 seinää;Pohjamaalaus, 2 seinää;kyllä;Lievä rinne;Korkea;174,50;80,91;90,61;5,66
1412;8112,16;6463,88;2847,11;1062,08;796,56;Panelointi;Avoräystäs;kyllä;Helppo, 4 seinää;Pohjamaalaus, 2 seinää;kyllä;Tasainen;Korkea;174,50;83,22;90,21;5,64
1413;8112,16;6463,88;2847,11;1062,08;796,56;Panelointi;Avoräystäs;kyllä;Helppo, 4 seinää;Pohjamaalaus, 2 seinää;kyllä;Lievä rinne;Keskitaso;174,50;83,22;90,21;5,64
1414;8114,49;6465,73;2812,87;1109,43;832,07;Rimalaudoitus;Avoräystäs;kyllä;Vaikea, 4 seinää;Pohjamaalaus, 2 seinää;kyllä;Tasainen;Keskitaso;187,59;87,92;89,12;5,57
1415;8122,55;6472,15;2940,59;945,01;708,76;Panelointi;Umpiräystäs;ei;Vaikea, 2 seinää;Ei pohjamaalausta;kyllä;Haastava;Korkea;174,50;73,08;93,17;5,82
1416;8123,30;6472,75;2760,82;1185,23;888,93;Rimalaudoitus;Avoräystäs;ei;Helppo, 4 seinää;Pohjamaalaus, 4 seinää;kyllä;Tasainen;Keskitaso;187,59;96,34;87,47;5,47
1417;8123,92;6473,24;2777,38;1163,60;872,70;Rimalaudoitus;Umpiräystäs;ei;Vaikea, 4 seinää;Pohjamaalaus, 4 seinää;kyllä;Tasainen;Keskitaso;187,59;94,03;88,00;5,50
1418;8124,14;6473,42;2858,33;1055,84;791,88;Rimalaudoitus;Avoräystäs;ei;Ei maalinpoistoa;Pohjamaalaus, 2 seinää;kyllä;Lievä rinne;Korkea;187,59;87,92;90,56;5,66
1419;8125,20;6474,26;2911,88;985,20;738,90;Rimalaudoitus;Umpiräystäs;kyllä;Helppo, 2 seinää;Ei pohjamaalausta;kyllä;Haastava;Keskitaso;187,59;77,19;92,26;5,77
1420;8126,53;6475,32;2979,59;895,90;671,93;Lomalaudoitus;Umpiräystäs;ei;Vaikea, 4 seinää;Pohjamaalaus, 4 seinää;ei;Lievä rinne;Korkea;218,13;62,98;94,40;5,90
1421;8129,96;6478,06;2838,86;1086,03;814,52;Panelointi;Umpiräystäs;kyllä;Helppo, 2 seinää;Pohjamaalaus, 4 seinää;kyllä;Tasainen;Korkea;174,50;88,74;89,94;5,62
1422;8129,96;6478,06;2838,86;1086,03;814,52;Panelointi;Umpiräystäs;kyllä;Helppo, 2 seinää;Pohjamaalaus, 4 seinää;kyllä;Lievä rinne;Keskitaso;174,50;88,74;89,94;5,62
1423;8130,14;6478,20;3044,40;812,12;609,09;Panelointi;Umpiräystäs;kyllä;Vaikea, 4 seinää;Pohjamaalaus, 4 seinää;ei;Haastava;Korkea;174,50;52,21;96,46;6,03
1424;8131,21;6479,05;2892,43;1015,52;761,64;Panelointi;Umpiräystäs;ei;Vaikea, 2 seinää;Pohjamaalaus, 2 seinää;kyllä;Haastava;Keskitaso;174,50;80,91;91,64;5,73
1425;8132,02;6479,70;2997,53;875,98;656,98;Lomalaudoitus;Avoräystäs;kyllä;Vaikea, 2 seinää;Pohjamaalaus, 4 seinää;ei;Lievä rinne;Korkea;218,13;64,13;94,97;5,94
1426;8132,11;6479,77;2829,09;1100,63;825,47;Lomalaudoitus;Avoräystäs;ei;Vaikea, 2 seinää;Ei pohjamaalausta;kyllä;Tasainen;Korkea;218,13;89,10;89,63;5,60
1427;8132,11;6479,77;2829,09;1100,63;825,47;Lomalaudoitus;Avoräystäs;ei;Vaikea, 2 seinää;Ei pohjamaalausta;kyllä;Lievä rinne;Keskitaso;218,13;89,10;89,63;5,60
1428;8133,64;6480,99;2806,67;1131,64;848,73;Rimalaudoitus;Avoräystäs;ei;Ei maalinpoistoa;Pohjamaalaus, 4 seinää;kyllä;Tasainen;Korkea;187,59;96,34;88,92;5,56
1429;8133,64;6480,99;2806,67;1131,64;848,73;Rimalaudoitus;Avoräystäs;ei;Ei maalinpoistoa;Pohjamaalaus, 4 seinää;kyllä;Lievä rinne;Keskitaso;187,59;96,34;88,92;5,56
1430;8134,39;6481,58;2896,64;1012,22;759,17;Panelointi;Avoräystäs;kyllä;Ei maalinpoistoa;Pohjamaalaus, 2 seinää;kyllä;Lievä rinne;Korkea;174,50;83,22;91,77;5,74
1431;8134,87;6481,97;2880,85;1033,63;775,22;Rimalaudoitus;Avoräystäs;ei;Helppo, 4 seinää;Ei pohjamaalausta;kyllä;Lievä rinne;Korkea;187,59;79,50;91,27;5,70
1432;8136,40;6483,19;2929,45;969,94;727,45;Panelointi;Umpiräystäs;kyllä;Vaikea, 4 seinää;Ei pohjamaalausta;kyllä;Lievä rinne;Korkea;174,50;73,08;92,81;5,80
1433;8140,63;6486,56;2827,14;1109,43;832,07;Rimalaudoitus;Avoräystäs;ei;Helppo, 4 seinää;Pohjamaalaus, 2 seinää;kyllä;Tasainen;Korkea;187,59;87,92;89,57;5,60
1434;8140,63;6486,56;2827,14;1109,43;832,07;Rimalaudoitus;Avoräystäs;ei;Helppo, 4 seinää;Pohjamaalaus, 2 seinää;kyllä;Lievä rinne;Keskitaso;187,59;87,92;89,57;5,60
1435;8141,35;6487,13;2884,39;1033,63;775,22;Rimalaudoitus;Avoräystäs;kyllä;Vaikea, 4 seinää;Ei pohjamaalausta;kyllä;Tasainen;Korkea;187,59;79,50;91,39;5,71
1436;8141,35;6487,13;2884,39;1033,63;775,22;Rimalaudoitus;Avoräystäs;kyllä;Vaikea, 4 seinää;Ei pohjamaalausta;kyllä;Lievä rinne;Keskitaso;187,59;79,50;91,39;5,71
1437;8141,86;6487,54;2900,89;1012,00;759,00;Rimalaudoitus;Umpiräystäs;ei;Vaikea, 4 seinää;Ei pohjamaalausta;kyllä;Lievä rinne;Korkea;187,59;77,19;91,91;5,74
1438;8142,36;6487,94;2784,81;1167,14;875,35;Lomalaudoitus;Umpiräystäs;kyllä;Helppo, 2 seinää;Pohjamaalaus, 2 seinää;kyllä;Tasainen;Keskitaso;218,13;96,58;88,23;5,51
1439;8144,28;6489,46;2845,36;1087,80;815,85;Rimalaudoitus;Umpiräystäs;ei;Vaikea, 4 seinää;Pohjamaalaus, 2 seinää;kyllä;Tasainen;Korkea;187,59;85,61;90,15;5,63
1440;8144,28;6489,46;2845,36;1087,80;815,85;Rimalaudoitus;Umpiräystäs;ei;Vaikea, 4 seinää;Pohjamaalaus, 2 seinää;kyllä;Lievä rinne;Keskitaso;187,59;85,61;90,15;5,63
1441;8144,37;6489,53;2917,58;991,57;743,67;Panelointi;Avoräystäs;kyllä;Helppo, 4 seinää;Ei pohjamaalausta;kyllä;Lievä rinne;Korkea;174,50;75,39;92,44;5,78
1442;8147,15;6491,75;3049,40;817,84;613,38;Lomalaudoitus;Avoräystäs;kyllä;Vaikea, 2 seinää;Pohjamaalaus, 2 seinää;ei;Haastava;Korkea;218,13;54,34;96,61;6,04
1443;8147,71;6492,20;2794,26;1158,44;868,83;Rimalaudoitus;Avoräystäs;kyllä;Helppo, 2 seinää;Pohjamaalaus, 4 seinää;kyllä;Tasainen;Keskitaso;187,59;96,34;88,53;5,53
1444;8148,61;6492,92;2745,49;1224,12;918,09;Lomalaudoitus;Umpiräystäs;ei;Ei maalinpoistoa;Pohjamaalaus, 4 seinää;kyllä;Tasainen;Keskitaso;218,13;106,37;86,99;5,44
1445;8149,61;6493,71;2833,38;1107,66;830,75;Panelointi;Avoräystäs;ei;Vaikea, 2 seinää;Pohjamaalaus, 4 seinää;kyllä;Tasainen;Korkea;174,50;91,05;89,77;5,61
1446;8149,61;6493,71;2833,38;1107,66;830,75;Panelointi;Avoräystäs;ei;Vaikea, 2 seinää;Pohjamaalaus, 4 seinää;kyllä;Lievä rinne;Keskitaso;174,50;91,05;89,77;5,61
1447;8151,20;6494,98;2909,87;1006,83;755,13;Rimalaudoitus;Avoräystäs;ei;Vaikea, 2 seinää;Ei pohjamaalausta;kyllä;Haastava;Keskitaso;187,59;79,50;92,19;5,76
1448;8152,77;6496,23;2767,13;1198,30;898,72;Lomalaudoitus;Umpiräystäs;ei;Helppo, 4 seinää;Pohjamaalaus, 2 seinää;kyllä;Tasainen;Keskitaso;218,13;96,58;87,67;5,48
1449;8152,80;6496,26;2879,99;1047,84;785,88;Lomalaudoitus;Umpiräystäs;ei;Ei maalinpoistoa;Ei pohjamaalausta;kyllä;Haastava;Keskitaso;218,13;86,79;91,25;5,70
1450;8160,63;6502,49;2908,51;1015,52;761,64;Panelointi;Umpiräystäs;kyllä;Helppo, 2 seinää;Pohjamaalaus, 2 seinää;kyllä;Lievä rinne;Korkea;174,50;80,91;92,15;5,76
1451;8165,26;6506,19;3024,13;864,74;648,56;Lomalaudoitus;Umpiräystäs;kyllä;Vaikea, 2 seinää;Pohjamaalaus, 4 seinää;ei;Haastava;Keskitaso;218,13;62,98;95,81;5,99
1452;8165,67;6506,51;3000,98;895,90;671,93;Lomalaudoitus;Umpiräystäs;kyllä;Helppo, 4 seinää;Pohjamaalaus, 4 seinää;ei;Lievä rinne;Korkea;218,13;62,98;95,08;5,94
1453;8167,90;6508,28;2878,37;1061,00;795,75;Rimalaudoitus;Umpiräystäs;ei;Helppo, 2 seinää;Pohjamaalaus, 2 seinää;kyllä;Lievä rinne;Korkea;187,59;85,61;91,20;5,70
1454;8171,13;6510,86;2863,92;1082,63;811,98;Rimalaudoitus;Avoräystäs;kyllä;Helppo, 2 seinää;Pohjamaalaus, 2 seinää;kyllä;Tasainen;Korkea;187,59;87,92;90,74;5,67
1455;8171,13;6510,86;2863,92;1082,63;811,98;Rimalaudoitus;Avoräystäs;kyllä;Helppo, 2 seinää;Pohjamaalaus, 2 seinää;kyllä;Lievä rinne;Keskitaso;187,59;87,92;90,74;5,67
1456;8172,11;6511,64;2921,30;1006,83;755,13;Rimalaudoitus;Avoräystäs;kyllä;Helppo, 2 seinää;Ei pohjamaalausta;kyllä;Lievä rinne;Korkea;187,59;79,50;92,56;5,78
1457;8173,18;6512,49;2952,04;966,64;724,98;Panelointi;Avoräystäs;kyllä;Vaikea, 2 seinää;Ei pohjamaalausta;kyllä;Haastava;Keskitaso;174,50;75,39;93,53;5,85
1458;8174,05;6513,19;2824,89;1136,81;852,60;Rimalaudoitus;Umpiräystäs;ei;Helppo, 2 seinää;Pohjamaalaus, 4 seinää;kyllä;Tasainen;Korkea;187,59;94,03;89,50;5,59
1459;8174,05;6513,19;2824,89;1136,81;852,60;Rimalaudoitus;Umpiräystäs;ei;Helppo, 2 seinää;Pohjamaalaus, 4 seinää;kyllä;Lievä rinne;Keskitaso;187,59;94,03;89,50;5,59
1460;8174,15;6513,27;3020,56;875,98;656,98;Lomalaudoitus;Avoräystäs;kyllä;Helppo, 2 seinää;Pohjamaalaus, 4 seinää;ei;Haastava;Keskitaso;218,13;64,13;95,70;5,98
1461;8176,47;6515,12;2998,46;907,14;680,35;Lomalaudoitus;Avoräystäs;ei;Helppo, 4 seinää;Pohjamaalaus, 4 seinää;ei;Haastava;Keskitaso;218,13;64,13;95,00;5,94
1462;8179,25;6517,33;2902,47;1037,15;777,86;Panelointi;Avoräystäs;ei;Vaikea, 2 seinää;Pohjamaalaus, 2 seinää;kyllä;Lievä rinne;Korkea;174,50;83,22;91,96;5,75
1463;8181,64;6519,23;3053,32;837,76;628,32;Lomalaudoitus;Umpiräystäs;kyllä;Helppo, 4 seinää;Pohjamaalaus, 2 seinää;ei;Haastava;Korkea;218,13;53,19;96,74;6,05
1464;8183,47;6520,70;2791,07;1188,77;891,58;Lomalaudoitus;Avoräystäs;ei;Vaikea, 2 seinää;Pohjamaalaus, 2 seinää;kyllä;Tasainen;Keskitaso;218,13;98,89;88,43;5,53
1465;8185,07;6521,97;2810,82;1163,60;872,70;Rimalaudoitus;Umpiräystäs;kyllä;Helppo, 4 seinää;Pohjamaalaus, 4 seinää;kyllä;Tasainen;Keskitaso;187,59;94,03;89,06;5,57
1466;8197,50;6531,87;3067,31;830,69;623,02;Rimalaudoitus;Avoräystäs;kyllä;Vaikea, 2 seinää;Pohjamaalaus, 4 seinää;ei;Haastava;Korkea;187,59;56,59;97,18;6,07
1467;8201,52;6535,07;2890,43;1069,47;802,10;Lomalaudoitus;Avoräystäs;ei;Ei maalinpoistoa;Ei pohjamaalausta;kyllä;Lievä rinne;Korkea;218,13;89,10;91,58;5,72
1468;8202,99;6536,24;2884,09;1079,00;809,25;Lomalaudoitus;Umpiräystäs;kyllä;Vaikea, 2 seinää;Ei pohjamaalausta;kyllä;Tasainen;Korkea;218,13;86,79;91,38;5,71
1469;8202,99;6536,24;2884,09;1079,00;809,25;Lomalaudoitus;Umpiräystäs;kyllä;Vaikea, 2 seinää;Ei pohjamaalausta;kyllä;Lievä rinne;Keskitaso;218,13;86,79;91,38;5,71
1470;8204,51;6537,46;2861,67;1110,01;832,51;Rimalaudoitus;Umpiräystäs;kyllä;Ei maalinpoistoa;Pohjamaalaus, 4 seinää;kyllä;Tasainen;Korkea;187,59;94,03;90,67;5,67
1471;8204,51;6537,46;2861,67;1110,01;832,51;Rimalaudoitus;Umpiräystäs;kyllä;Ei maalinpoistoa;Pohjamaalaus, 4 seinää;kyllä;Lievä rinne;Keskitaso;187,59;94,03;90,67;5,67
1472;8205,08;6537,91;2918,83;1034,21;775,65;Rimalaudoitus;Umpiräystäs;kyllä;Ei maalinpoistoa;Pohjamaalaus, 2 seinää;kyllä;Lievä rinne;Korkea;187,59;85,61;92,48;5,78
1473;8206,20;6538,80;3060,40;846,26;634,69;Rimalaudoitus;Umpiräystäs;kyllä;Helppo, 4 seinää;Pohjamaalaus, 4 seinää;ei;Haastava;Korkea;187,59;55,44;96,96;6,06
1474;8211,48;6543,01;2882,13;1087,80;815,85;Rimalaudoitus;Umpiräystäs;kyllä;Helppo, 4 seinää;Pohjamaalaus, 2 seinää;kyllä;Tasainen;Korkea;187,59;85,61;91,32;5,71
1475;8211,48;6543,01;2882,13;1087,80;815,85;Rimalaudoitus;Umpiräystäs;kyllä;Helppo, 4 seinää;Pohjamaalaus, 2 seinää;kyllä;Lievä rinne;Keskitaso;187,59;85,61;91,32;5,71
1476;8215,77;6546,43;2941,34;1012,00;759,00;Rimalaudoitus;Umpiräystäs;kyllä;Helppo, 4 seinää;Ei pohjamaalausta;kyllä;Lievä rinne;Korkea;187,59;77,19;93,19;5,82
1477;8218,32;6548,46;2958,06;991,57;743,67;Panelointi;Avoräystäs;ei;Vaikea, 4 seinää;Ei pohjamaalausta;kyllä;Haastava;Keskitaso;174,50;75,39;93,72;5,86
1478;8220,43;6550,14;2888,37;1086,03;814,52;Panelointi;Umpiräystäs;kyllä;Vaikea, 2 seinää;Pohjamaalaus, 4 seinää;kyllä;Tasainen;Korkea;174,50;88,74;91,51;5,72
1479;8220,43;6550,14;2888,37;1086,03;814,52;Panelointi;Umpiräystäs;kyllä;Vaikea, 2 seinää;Pohjamaalaus, 4 seinää;kyllä;Lievä rinne;Keskitaso;174,50;88,74;91,51;5,72
1480;8226,51;6554,99;2856,79;1132,59;849,44;Panelointi;Avoräystäs;kyllä;Vaikea, 4 seinää;Pohjamaalaus, 4 seinää;kyllä;Tasainen;Keskitaso;174,50;91,05;90,51;5,66
1481;8235,69;6562,30;2972,36;985,20;738,90;Rimalaudoitus;Umpiräystäs;kyllä;Vaikea, 2 seinää;Ei pohjamaalausta;kyllä;Haastava;Keskitaso;187,59;77,19;94,17;5,89
1482;8236,05;6562,59;2842,64;1158,44;868,83;Rimalaudoitus;Avoräystäs;kyllä;Vaikea, 2 seinää;Pohjamaalaus, 4 seinää;kyllä;Tasainen;Keskitaso;187,59;96,34;90,06;5,63
1483;8240,60;6566,21;2988,98;966,64;724,98;Panelointi;Avoräystäs;ei;Helppo, 2 seinää;Ei pohjamaalausta;kyllä;Haastava;Korkea;174,50;75,39;94,70;5,92
1484;8241,20;6566,69;2936,43;1037,15;777,86;Panelointi;Avoräystäs;ei;Helppo, 2 seinää;Pohjamaalaus, 2 seinää;kyllä;Haastava;Keskitaso;174,50;83,22;93,04;5,81
1485;8245,08;6569,79;2841,07;1167,14;875,35;Lomalaudoitus;Umpiräystäs;kyllä;Vaikea, 2 seinää;Pohjamaalaus, 2 seinää;kyllä;Tasainen;Keskitaso;218,13;96,58;90,01;5,63
1486;8249,69;6573,46;2983,92;980,04;735,03;Rimalaudoitus;Avoräystäs;ei;Ei maalinpoistoa;Ei pohjamaalausta;kyllä;Haastava;Korkea;187,59;79,50;94,54;5,91
1487;8254,54;6577,32;2978,67;990,59;742,94;Panelointi;Umpiräystäs;ei;Ei maalinpoistoa;Pohjamaalaus, 2 seinää;kyllä;Haastava;Korkea;174,50;80,91;94,37;5,90
1488;8256,85;6579,16;2927,05;1061,10;795,83;Panelointi;Umpiräystäs;ei;Ei maalinpoistoa;Pohjamaalaus, 4 seinää;kyllä;Haastava;Keskitaso;174,50;88,74;92,74;5,80
1489;8258,64;6580,59;3052,81;894,74;671,06;Lomalaudoitus;Umpiräystäs;ei;Helppo, 2 seinää;Pohjamaalaus, 4 seinää;ei;Haastava;Korkea;218,13;62,98;96,72;6,05
1490;8259,99;6581,67;2962,97;1015,52;761,64;Panelointi;Umpiräystäs;kyllä;Vaikea, 2 seinää;Pohjamaalaus, 2 seinää;kyllä;Lievä rinne;Korkea;174,50;80,91;93,88;5,87
1491;8260,36;6581,96;3077,12;863,58;647,69;Lomalaudoitus;Umpiräystäs;kyllä;Ei maalinpoistoa;Pohjamaalaus, 4 seinää;ei;Haastava;Korkea;218,13;62,98;97,49;6,09
1492;8264,15;6584,98;2893,67;1110,96;833,22;Panelointi;Umpiräystäs;ei;Vaikea, 4 seinää;Pohjamaalaus, 4 seinää;kyllä;Tasainen;Korkea;174,50;88,74;91,68;5,73
1493;8264,15;6584,98;2893,67;1110,96;833,22;Panelointi;Umpiräystäs;ei;Vaikea, 4 seinää;Pohjamaalaus, 4 seinää;kyllä;Lievä rinne;Keskitaso;174,50;88,74;91,68;5,73
1494;8268,04;6588,08;2948,69;1040,45;780,34;Panelointi;Umpiräystäs;ei;Helppo, 4 seinää;Pohjamaalaus, 2 seinää;kyllä;Haastava;Keskitaso;174,50;80,91;93,42;5,84
1495;8268,19;6588,20;2917,14;1082,63;811,98;Rimalaudoitus;Avoräystäs;kyllä;Vaikea, 2 seinää;Pohjamaalaus, 2 seinää;kyllä;Tasainen;Korkea;187,59;87,92;92,42;5,78
1496;8268,19;6588,20;2917,14;1082,63;811,98;Rimalaudoitus;Avoräystäs;kyllä;Vaikea, 2 seinää;Pohjamaalaus, 2 seinää;kyllä;Lievä rinne;Keskitaso;187,59;87,92;92,42;5,78
1497;8269,67;6589,38;3002,47;969,94;727,45;Panelointi;Umpiräystäs;ei;Helppo, 4 seinää;Ei pohjamaalausta;kyllä;Haastava;Korkea;174,50;73,08;95,13;5,95
1498;8271,10;6590,52;2878,11;1136,81;852,60;Rimalaudoitus;Umpiräystäs;ei;Vaikea, 2 seinää;Pohjamaalaus, 4 seinää;kyllä;Tasainen;Korkea;187,59;94,03;91,19;5,70
1499;8271,10;6590,52;2878,11;1136,81;852,60;Rimalaudoitus;Umpiräystäs;ei;Vaikea, 2 seinää;Pohjamaalaus, 4 seinää;kyllä;Lievä rinne;Keskitaso;187,59;94,03;91,19;5,70
1500;8271,60;6590,91;3087,86;857,49;643,12;Rimalaudoitus;Avoräystäs;ei;Vaikea, 4 seinää;Pohjamaalaus, 4 seinää;ei;Haastava;Korkea;187,59;56,59;97,83;6,11
1501;8274,04;6592,86;2882,88;1132,59;849,44;Panelointi;Avoräystäs;ei;Helppo, 4 seinää;Pohjamaalaus, 4 seinää;kyllä;Tasainen;Korkea;174,50;91,05;91,34;5,71
1502;8274,04;6592,86;2882,88;1132,59;849,44;Panelointi;Avoräystäs;ei;Helppo, 4 seinää;Pohjamaalaus, 4 seinää;kyllä;Lievä rinne;Keskitaso;174,50;91,05;91,34;5,71
1503;8274,66;6593,35;2936,91;1061,00;795,75;Rimalaudoitus;Umpiräystäs;ei;Vaikea, 2 seinää;Pohjamaalaus, 2 seinää;kyllä;Lievä rinne;Korkea;187,59;85,61;93,05;5,82
1504;8278,85;6596,69;2979,84;1006,83;755,13;Rimalaudoitus;Avoräystäs;kyllä;Vaikea, 2 seinää;Ei pohjamaalausta;kyllä;Lievä rinne;Korkea;187,59;79,50;94,41;5,90
1505;8279,54;6597,24;3117,83;823,36;617,52;Panelointi;Avoräystäs;kyllä;Vaikea, 4 seinää;Pohjamaalaus, 4 seinää;ei;Haastava;Korkea;174,50;53,36;98,78;6,17
1506;8279,60;6597,29;2867,17;1157,61;868,21;Lomalaudoitus;Avoräystäs;ei;Ei maalinpoistoa;Pohjamaalaus, 2 seinää;kyllä;Tasainen;Korkea;218,13;98,89;90,84;5,68
1507;8279,60;6597,29;2867,17;1157,61;868,21;Lomalaudoitus;Avoräystäs;ei;Ei maalinpoistoa;Pohjamaalaus, 2 seinää;kyllä;Lievä rinne;Keskitaso;218,13;98,89;90,84;5,68
1508;8279,80;6597,45;2886,65;1131,79;848,84;Lomalaudoitus;Avoräystäs;kyllä;Vaikea, 4 seinää;Ei pohjamaalausta;kyllä;Tasainen;Keskitaso;218,13;89,10;91,46;5,72
1509;8280,53;6598,04;2910,42;1100,63;825,47;Lomalaudoitus;Avoräystäs;kyllä;Helppo, 2 seinää;Ei pohjamaalausta;kyllä;Tasainen;Korkea;218,13;89,10;92,21;5,76
1510;8280,53;6598,04;2910,42;1100,63;825,47;Lomalaudoitus;Avoräystäs;kyllä;Helppo, 2 seinää;Ei pohjamaalausta;kyllä;Lievä rinne;Keskitaso;218,13;89,10;92,21;5,76
1511;8282,18;6599,35;2950,92;1047,84;785,88;Lomalaudoitus;Umpiräystäs;kyllä;Ei maalinpoistoa;Ei pohjamaalausta;kyllä;Lievä rinne;Korkea;218,13;86,79;93,49;5,84
1512;8285,78;6602,21;2929,53;1079,00;809,25;Lomalaudoitus;Umpiräystäs;ei;Helppo, 2 seinää;Ei pohjamaalausta;kyllä;Lievä rinne;Korkea;218,13;86,79;92,82;5,80
1513;8286,11;6602,48;2947,08;1055,84;791,88;Rimalaudoitus;Avoräystäs;ei;Ei maalinpoistoa;Pohjamaalaus, 2 seinää;kyllä;Haastava;Keskitaso;187,59;87,92;93,37;5,84
1514;8286,53;6602,81;3102,44;849,00;636,75;Lomalaudoitus;Avoräystäs;ei;Vaikea, 4 seinää;Pohjamaalaus, 2 seinää;ei;Haastava;Korkea;218,13;54,34;98,30;6,14
1515;8287,67;6603,72;2890,97;1131,79;848,84;Lomalaudoitus;Avoräystäs;ei;Helppo, 4 seinää;Ei pohjamaalausta;kyllä;Tasainen;Korkea;218,13;89,10;91,60;5,72
1516;8287,67;6603,72;2890,97;1131,79;848,84;Lomalaudoitus;Avoräystäs;ei;Helppo, 4 seinää;Ei pohjamaalausta;kyllä;Lievä rinne;Keskitaso;218,13;89,10;91,60;5,72
1517;8292,88;6607,87;2946,13;1062,08;796,56;Panelointi;Avoräystäs;kyllä;Vaikea, 4 seinää;Pohjamaalaus, 2 seinää;kyllä;Tasainen;Korkea;174,50;83,22;93,34;5,83
1518;8292,88;6607,87;2946,13;1062,08;796,56;Panelointi;Avoräystäs;kyllä;Vaikea, 4 seinää;Pohjamaalaus, 2 seinää;kyllä;Lievä rinne;Keskitaso;174,50;83,22;93,34;5,83
1519;8298,12;6612,05;2970,34;1033,63;775,22;Rimalaudoitus;Avoräystäs;ei;Helppo, 4 seinää;Ei pohjamaalausta;kyllä;Haastava;Keskitaso;187,59;79,50;94,11;5,88
1520;8298,18;6612,09;3006,69;985,20;738,90;Rimalaudoitus;Umpiräystäs;ei;Helppo, 2 seinää;Ei pohjamaalausta;kyllä;Haastava;Korkea;187,59;77,19;95,26;5,95
1521;8298,59;6612,42;2986,66;1012,22;759,17;Panelointi;Avoräystäs;kyllä;Ei maalinpoistoa;Pohjamaalaus, 2 seinää;kyllä;Haastava;Keskitaso;174,50;83,22;94,63;5,91
1522;8299,84;6613,42;2857,59;1185,23;888,93;Rimalaudoitus;Avoräystäs;ei;Vaikea, 4 seinää;Pohjamaalaus, 4 seinää;kyllä;Tasainen;Keskitaso;187,59;96,34;90,54;5,66
1523;8300,84;6614,21;3044,21;937,14;702,85;Lomalaudoitus;Avoräystäs;ei;Vaikea, 4 seinää;Pohjamaalaus, 4 seinää;ei;Lievä rinne;Korkea;218,13;64,13;96,45;6,03
1524;8302,56;6615,59;3020,56;969,94;727,45;Panelointi;Umpiräystäs;kyllä;Vaikea, 4 seinää;Ei pohjamaalausta;kyllä;Haastava;Keskitaso;174,50;73,08;95,70;5,98
1525;8302,61;6615,62;2935,98;1082,73;812,05;Panelointi;Avoräystäs;ei;Ei maalinpoistoa;Pohjamaalaus, 4 seinää;kyllä;Lievä rinne;Korkea;174,50;91,05;93,02;5,81
1526;8304,61;6617,22;2968,80;1040,45;780,34;Panelointi;Umpiräystäs;ei;Vaikea, 4 seinää;Pohjamaalaus, 2 seinää;kyllä;Lievä rinne;Korkea;174,50;80,91;94,06;5,88
1527;8306,26;6618,54;2991,04;1012,00;759,00;Rimalaudoitus;Umpiräystäs;ei;Vaikea, 4 seinää;Ei pohjamaalausta;kyllä;Haastava;Keskitaso;187,59;77,19;94,77;5,92
1528;8309,75;6621,32;3008,29;991,57;743,67;Panelointi;Avoräystäs;kyllä;Helppo, 4 seinää;Ei pohjamaalausta;kyllä;Haastava;Keskitaso;174,50;75,39;95,31;5,96
1529;8312,51;6623,52;2956,93;1062,08;796,56;Panelointi;Avoräystäs;ei;Helppo, 4 seinää;Pohjamaalaus, 2 seinää;kyllä;Lievä rinne;Korkea;174,50;83,22;93,68;5,86
1530;8318,14;6628,00;2865,01;1188,77;891,58;Lomalaudoitus;Avoräystäs;kyllä;Helppo, 2 seinää;Pohjamaalaus, 2 seinää;kyllä;Tasainen;Keskitaso;218,13;98,89;90,77;5,67
1531;8320,40;6629,80;2927,08;1107,66;830,75;Panelointi;Avoräystäs;kyllä;Helppo, 2 seinää;Pohjamaalaus, 4 seinää;kyllä;Tasainen;Korkea;174,50;91,05;92,74;5,80
1532;8320,40;6629,80;2927,08;1107,66;830,75;Panelointi;Avoräystäs;kyllä;Helppo, 2 seinää;Pohjamaalaus, 4 seinää;kyllä;Lievä rinne;Keskitaso;174,50;91,05;92,74;5,80
1533;8322,78;6631,69;2926,52;1110,16;832,62;Lomalaudoitus;Umpiräystäs;ei;Vaikea, 4 seinää;Ei pohjamaalausta;kyllä;Tasainen;Korkea;218,13;86,79;92,72;5,80
1534;8322,78;6631,69;2926,52;1110,16;832,62;Lomalaudoitus;Umpiräystäs;ei;Vaikea, 4 seinää;Ei pohjamaalausta;kyllä;Lievä rinne;Keskitaso;218,13;86,79;92,72;5,80
1535;8324,35;6632,95;2825,69;1245,75;934,31;Lomalaudoitus;Avoräystäs;ei;Ei maalinpoistoa;Pohjamaalaus, 4 seinää;kyllä;Tasainen;Keskitaso;218,13;108,68;89,53;5,60
1536;8325,36;6633,75;2998,92;1015,52;761,64;Panelointi;Umpiräystäs;kyllä;Helppo, 2 seinää;Pohjamaalaus, 2 seinää;kyllä;Haastava;Keskitaso;174,50;80,91;95,02;5,94
1537;8328,47;6636,23;2847,33;1219,93;914,95;Lomalaudoitus;Avoräystäs;ei;Helppo, 4 seinää;Pohjamaalaus, 2 seinää;kyllä;Tasainen;Keskitaso;218,13;98,89;90,21;5,64
1538;8328,66;6636,38;2947,85;1086,03;814,52;Panelointi;Umpiräystäs;ei;Helppo, 2 seinää;Pohjamaalaus, 4 seinää;kyllä;Lievä rinne;Korkea;174,50;88,74;93,40;5,84
1539;8330,70;6638,01;3126,75;849,00;636,75;Lomalaudoitus;Avoräystäs;kyllä;Helppo, 4 seinää;Pohjamaalaus, 2 seinää;ei;Haastava;Korkea;218,13;54,34;99,07;6,19
1540;8330,76;6638,06;2967,78;1061,00;795,75;Rimalaudoitus;Umpiräystäs;ei;Helppo, 2 seinää;Pohjamaalaus, 2 seinää;kyllä;Haastava;Keskitaso;187,59;85,61;94,03;5,88
1541;8334,60;6641,12;2933,58;1109,43;832,07;Rimalaudoitus;Avoräystäs;ei;Vaikea, 4 seinää;Pohjamaalaus, 2 seinää;kyllä;Tasainen;Korkea;187,59;87,92;92,95;5,81
1542;8334,60;6641,12;2933,58;1109,43;832,07;Rimalaudoitus;Avoräystäs;ei;Vaikea, 4 seinää;Pohjamaalaus, 2 seinää;kyllä;Lievä rinne;Keskitaso;187,59;87,92;92,95;5,81
1543;8336,64;6642,74;3072,35;925,90;694,43;Lomalaudoitus;Umpiräystäs;ei;Vaikea, 4 seinää;Pohjamaalaus, 4 seinää;ei;Haastava;Keskitaso;218,13;62,98;97,34;6,08
1544;8337,52;6643,44;3012,13;1006,83;755,13;Rimalaudoitus;Avoräystäs;kyllä;Helppo, 2 seinää;Ei pohjamaalausta;kyllä;Haastava;Keskitaso;187,59;79,50;95,43;5,96
1545;8339,69;6645,17;3065,60;937,14;702,85;Lomalaudoitus;Avoräystäs;kyllä;Helppo, 4 seinää;Pohjamaalaus, 4 seinää;ei;Lievä rinne;Korkea;218,13;64,13;97,13;6,07
1546;8342,80;6647,65;3026,50;991,57;743,67;Panelointi;Avoräystäs;kyllä;Vaikea, 4 seinää;Ei pohjamaalausta;kyllä;Lievä rinne;Korkea;174,50;75,39;95,89;5,99
1547;8343,16;6647,93;3090,89;905,98;679,48;Lomalaudoitus;Avoräystäs;kyllä;Vaikea, 2 seinää;Pohjamaalaus, 4 seinää;ei;Haastava;Keskitaso;218,13;64,13;97,93;6,12
1548;8343,48;6648,19;2992,68;1037,15;777,86;Panelointi;Avoräystäs;ei;Vaikea, 2 seinää;Pohjamaalaus, 2 seinää;kyllä;Haastava;Keskitaso;174,50;83,22;94,82;5,93
1549;8344,48;6648,99;2937,88;1110,96;833,22;Panelointi;Umpiräystäs;kyllä;Helppo, 4 seinää;Pohjamaalaus, 4 seinää;kyllä;Tasainen;Korkea;174,50;88,74;93,08;5,82
1550;8344,48;6648,99;2937,88;1110,96;833,22;Panelointi;Umpiräystäs;kyllä;Helppo, 4 seinää;Pohjamaalaus, 4 seinää;kyllä;Lievä rinne;Keskitaso;174,50;88,74;93,08;5,82
1551;8347,96;6651,76;3044,23;971,71;728,78;Panelointi;Avoräystäs;kyllä;Ei maalinpoistoa;Ei pohjamaalausta;kyllä;Haastava;Korkea;174,50;75,39;96,45;6,03
1552;8348,21;6651,96;2997,93;1033,63;775,22;Rimalaudoitus;Avoräystäs;ei;Vaikea, 4 seinää;Ei pohjamaalausta;kyllä;Lievä rinne;Korkea;187,59;79,50;94,98;5,94
1553;8350,02;6653,40;2922,17;1135,98;851,98;Lomalaudoitus;Umpiräystäs;kyllä;Ei maalinpoistoa;Pohjamaalaus, 2 seinää;kyllä;Tasainen;Korkea;218,13;96,58;92,58;5,79
1554;8350,02;6653,40;2922,17;1135,98;851,98;Lomalaudoitus;Umpiräystäs;kyllä;Ei maalinpoistoa;Pohjamaalaus, 2 seinää;kyllä;Lievä rinne;Keskitaso;218,13;96,58;92,58;5,79
1555;8355,10;6657,45;3133,84;857,49;643,12;Rimalaudoitus;Avoräystäs;kyllä;Helppo, 4 seinää;Pohjamaalaus, 4 seinää;ei;Haastava;Korkea;187,59;56,59;99,29;6,21
1556;8357,13;6659,07;2902,72;1167,14;875,35;Lomalaudoitus;Umpiräystäs;ei;Helppo, 2 seinää;Pohjamaalaus, 2 seinää;kyllä;Tasainen;Korkea;218,13;96,58;91,97;5,75
1557;8357,13;6659,07;2902,72;1167,14;875,35;Lomalaudoitus;Umpiräystäs;ei;Helppo, 2 seinää;Pohjamaalaus, 2 seinää;kyllä;Lievä rinne;Keskitaso;218,13;96,58;91,97;5,75
1558;8357,66;6659,49;2879,64;1198,30;898,72;Lomalaudoitus;Umpiräystäs;ei;Vaikea, 4 seinää;Pohjamaalaus, 2 seinää;kyllä;Tasainen;Keskitaso;218,13;96,58;91,24;5,70
1559;8358,06;6659,81;2945,97;1110,16;832,62;Lomalaudoitus;Umpiräystäs;kyllä;Helppo, 4 seinää;Ei pohjamaalausta;kyllä;Tasainen;Korkea;218,13;86,79;93,34;5,83
1560;8358,06;6659,81;2945,97;1110,16;832,62;Lomalaudoitus;Umpiräystäs;kyllä;Helppo, 4 seinää;Ei pohjamaalausta;kyllä;Lievä rinne;Keskitaso;218,13;86,79;93,34;5,83
1561;8360,52;6661,77;2891,02;1185,23;888,93;Rimalaudoitus;Avoräystäs;kyllä;Helppo, 4 seinää;Pohjamaalaus, 4 seinää;kyllä;Tasainen;Keskitaso;187,59;96,34;91,60;5,72
1562;8361,14;6662,26;2907,58;1163,60;872,70;Rimalaudoitus;Umpiräystäs;kyllä;Vaikea, 4 seinää;Pohjamaalaus, 4 seinää;kyllä;Tasainen;Keskitaso;187,59;94,03;92,12;5,76
1563;8364,13;6664,65;2913,11;1158,44;868,83;Rimalaudoitus;Avoräystäs;ei;Helppo, 2 seinää;Pohjamaalaus, 4 seinää;kyllä;Tasainen;Korkea;187,59;96,34;92,30;5,77
1564;8364,13;6664,65;2913,11;1158,44;868,83;Rimalaudoitus;Avoräystäs;ei;Helppo, 2 seinää;Pohjamaalaus, 4 seinää;kyllä;Lievä rinne;Keskitaso;187,59;96,34;92,30;5,77
1565;8364,87;6665,24;2980,24;1069,47;802,10;Lomalaudoitus;Avoräystäs;ei;Ei maalinpoistoa;Ei pohjamaalausta;kyllä;Haastava;Keskitaso;218,13;89,10;94,42;5,90
1566;8366,81;6666,78;3005,55;1037,15;777,86;Panelointi;Avoräystäs;kyllä;Helppo, 2 seinää;Pohjamaalaus, 2 seinää;kyllä;Lievä rinne;Korkea;174,50;83,22;95,23;5,95
1567;8370,11;6669,41;3009,58;1034,21;775,65;Rimalaudoitus;Umpiräystäs;kyllä;Ei maalinpoistoa;Pohjamaalaus, 2 seinää;kyllä;Haastava;Keskitaso;187,59;85,61;95,35;5,96
1568;8374,02;6672,52;2975,41;1082,63;811,98;Rimalaudoitus;Avoräystäs;ei;Helppo, 2 seinää;Pohjamaalaus, 2 seinää;kyllä;Lievä rinne;Korkea;187,59;87,92;94,27;5,89
1569;8376,71;6674,67;3094,45;925,90;694,43;Lomalaudoitus;Umpiräystäs;kyllä;Helppo, 4 seinää;Pohjamaalaus, 4 seinää;ei;Haastava;Keskitaso;218,13;62,98;98,04;6,13
1570;8376,90;6674,82;3057,72;975,01;731,26;Panelointi;Umpiräystäs;kyllä;Helppo, 2 seinää;Ei pohjamaalausta;kyllä;Haastava;Korkea;174,50;73,08;96,88;6,05
1571;8382,92;6679,62;2996,48;1061,10;795,83;Panelointi;Umpiräystäs;kyllä;Ei maalinpoistoa;Pohjamaalaus, 4 seinää;kyllä;Lievä rinne;Korkea;174,50;88,74;94,94;5,93
1572;8385,58;6681,74;2875,69;1224,12;918,09;Lomalaudoitus;Umpiräystäs;kyllä;Ei maalinpoistoa;Pohjamaalaus, 4 seinää;kyllä;Tasainen;Keskitaso;218,13;106,37;91,11;5,69
1573;8385,94;6682,02;3052,67;988,41;741,30;Rimalaudoitus;Umpiräystäs;kyllä;Ei maalinpoistoa;Ei pohjamaalausta;kyllä;Haastava;Korkea;187,59;77,19;96,72;6,04
1574;8389,70;6685,02;2897,32;1198,30;898,72;Lomalaudoitus;Umpiräystäs;kyllä;Helppo, 4 seinää;Pohjamaalaus, 2 seinää;kyllä;Tasainen;Keskitaso;218,13;96,58;91,80;5,74
1575;8392,79;6687,49;3017,42;1040,45;780,34;Panelointi;Umpiräystäs;kyllä;Helppo, 4 seinää;Pohjamaalaus, 2 seinää;kyllä;Lievä rinne;Korkea;174,50;80,91;95,60;5,98
1576;8392,83;6687,51;2972,31;1100,63;825,47;Lomalaudoitus;Avoräystäs;kyllä;Vaikea, 2 seinää;Ei pohjamaalausta;kyllä;Tasainen;Korkea;218,13;89,10;94,17;5,89
1577;8392,83;6687,51;2972,31;1100,63;825,47;Lomalaudoitus;Avoräystäs;kyllä;Vaikea, 2 seinää;Ei pohjamaalausta;kyllä;Lievä rinne;Keskitaso;218,13;89,10;94,17;5,89
1578;8393,85;6688,33;3050,86;996,64;747,48;Panelointi;Avoräystäs;ei;Vaikea, 2 seinää;Ei pohjamaalausta;kyllä;Haastava;Korkea;174,50;75,39;96,66;6,04
1579;8394,34;6688,72;2949,89;1131,64;848,73;Rimalaudoitus;Avoräystäs;kyllä;Ei maalinpoistoa;Pohjamaalaus, 4 seinää;kyllä;Tasainen;Korkea;187,59;96,34;93,46;5,84
1580;8394,34;6688,72;2949,89;1131,64;848,73;Rimalaudoitus;Avoräystäs;kyllä;Ei maalinpoistoa;Pohjamaalaus, 4 seinää;kyllä;Lievä rinne;Keskitaso;187,59;96,34;93,46;5,84
1581;8395,88;6689,95;2858,01;1255,28;941,46;Lomalaudoitus;Umpiräystäs;ei;Helppo, 2 seinää;Pohjamaalaus, 4 seinää;kyllä;Tasainen;Keskitaso;218,13;106,37;90,55;5,66
1582;8399,06;6692,48;3130,16;894,74;671,06;Lomalaudoitus;Umpiräystäs;ei;Vaikea, 2 seinää;Pohjamaalaus, 4 seinää;ei;Haastava;Korkea;218,13;62,98;99,17;6,20
1583;8401,25;6694,22;2970,35;1109,43;832,07;Rimalaudoitus;Avoräystäs;kyllä;Helppo, 4 seinää;Pohjamaalaus, 2 seinää;kyllä;Tasainen;Korkea;187,59;87,92;94,11;5,88
1584;8401,25;6694,22;2970,35;1109,43;832,07;Rimalaudoitus;Avoräystäs;kyllä;Helppo, 4 seinää;Pohjamaalaus, 2 seinää;kyllä;Lievä rinne;Keskitaso;187,59;87,92;94,11;5,88
1585;8404,14;6696,53;2931,33;1163,60;872,70;Rimalaudoitus;Umpiräystäs;ei;Helppo, 4 seinää;Pohjamaalaus, 4 seinää;kyllä;Tasainen;Korkea;187,59;94,03;92,87;5,80
1586;8404,14;6696,53;2931,33;1163,60;872,70;Rimalaudoitus;Umpiräystäs;ei;Helppo, 4 seinää;Pohjamaalaus, 4 seinää;kyllä;Lievä rinne;Keskitaso;187,59;94,03;92,87;5,80
1587;8404,86;6697,10;2988,57;1087,80;815,85;Rimalaudoitus;Umpiräystäs;kyllä;Vaikea, 4 seinää;Pohjamaalaus, 2 seinää;kyllä;Tasainen;Korkea;187,59;85,61;94,69;5,92
1588;8404,86;6697,10;2988,57;1087,80;815,85;Rimalaudoitus;Umpiräystäs;kyllä;Vaikea, 4 seinää;Pohjamaalaus, 2 seinää;kyllä;Lievä rinne;Keskitaso;187,59;85,61;94,69;5,92
1589;8406,70;6698,56;2972,94;1110,01;832,51;Rimalaudoitus;Umpiräystäs;ei;Ei maalinpoistoa;Pohjamaalaus, 4 seinää;kyllä;Lievä rinne;Korkea;187,59;94,03;94,19;5,89
1590;8407,21;6698,97;3126,24;905,98;679,48;Lomalaudoitus;Avoräystäs;ei;Helppo, 2 seinää;Pohjamaalaus, 4 seinää;ei;Haastava;Korkea;218,13;64,13;99,05;6,19
1591;8408,92;6700,33;3150,56;874,82;656,11;Lomalaudoitus;Avoräystäs;kyllä;Ei maalinpoistoa;Pohjamaalaus, 4 seinää;ei;Haastava;Korkea;218,13;64,13;99,82;6,24
1592;8409,24;6700,59;2997,60;1079,00;809,25;Lomalaudoitus;Umpiräystäs;ei;Vaikea, 2 seinää;Ei pohjamaalausta;kyllä;Lievä rinne;Korkea;218,13;86,79;94,97;5,94
1593;8410,13;6701,30;2976,59;1107,66;830,75;Panelointi;Avoräystäs;kyllä;Vaikea, 2 seinää;Pohjamaalaus, 4 seinää;kyllä;Tasainen;Korkea;174,50;91,05;94,31;5,89
1594;8410,13;6701,30;2976,59;1107,66;830,75;Panelointi;Avoräystäs;kyllä;Vaikea, 2 seinää;Pohjamaalaus, 4 seinää;kyllä;Lievä rinne;Keskitaso;174,50;91,05;94,31;5,89
1595;8410,86;6701,88;3015,87;1055,84;791,88;Rimalaudoitus;Avoräystäs;kyllä;Ei maalinpoistoa;Pohjamaalaus, 2 seinää;kyllä;Lievä rinne;Korkea;187,59;87,92;95,55;5,97
1596;8417,30;6707,01;2995,45;1087,80;815,85;Rimalaudoitus;Umpiräystäs;ei;Helppo, 4 seinää;Pohjamaalaus, 2 seinää;kyllä;Lievä rinne;Korkea;187,59;85,61;94,91;5,93
1597;8420,09;6709,23;2921,27;1188,77;891,58;Lomalaudoitus;Avoräystäs;kyllä;Vaikea, 2 seinää;Pohjamaalaus, 2 seinää;kyllä;Tasainen;Keskitaso;218,13;98,89;92,56;5,78
1598;8422,79;6711,38;3032,84;1042,00;781,50;Rimalaudoitus;Umpiräystäs;kyllä;Helppo, 4 seinää;Ei pohjamaalausta;kyllä;Haastava;Keskitaso;187,59;77,19;96,09;6,01
1599;8427,30;6714,98;3002,31;1086,03;814,52;Panelointi;Umpiräystäs;ei;Vaikea, 2 seinää;Pohjamaalaus, 4 seinää;kyllä;Lievä rinne;Korkea;174,50;88,74;95,12;5,95
1600;8434,30;6720,56;2968,10;1136,81;852,60;Rimalaudoitus;Umpiräystäs;kyllä;Helppo, 2 seinää;Pohjamaalaus, 4 seinää;kyllä;Tasainen;Korkea;187,59;94,03;94,04;5,88
1601;8434,30;6720,56;2968,10;1136,81;852,60;Rimalaudoitus;Umpiräystäs;kyllä;Helppo, 2 seinää;Pohjamaalaus, 4 seinää;kyllä;Lievä rinne;Keskitaso;187,59;94,03;94,04;5,88
1602;8440,27;6725,32;3028,26;1061,00;795,75;Rimalaudoitus;Umpiräystäs;ei;Vaikea, 2 seinää;Pohjamaalaus, 2 seinää;kyllä;Haastava;Keskitaso;187,59;85,61;95,94;6,00
1603;8447,73;6731,26;3193,45;846,26;634,69;Rimalaudoitus;Umpiräystäs;kyllä;Vaikea, 4 seinää;Pohjamaalaus, 4 seinää;ei;Haastava;Korkea;187,59;55,44;101,18;6,32
1604;8450,87;6733,76;3020,63;1079,00;809,25;Lomalaudoitus;Umpiräystäs;ei;Helppo, 2 seinää;Ei pohjamaalausta;kyllä;Haastava;Keskitaso;218,13;86,79;95,70;5,98
1605;8453,50;6735,85;2981,89;1132,59;849,44;Panelointi;Avoräystäs;ei;Vaikea, 4 seinää;Pohjamaalaus, 4 seinää;kyllä;Tasainen;Korkea;174,50;91,05;94,48;5,90
1606;8453,50;6735,85;2981,89;1132,59;849,44;Panelointi;Avoräystäs;ei;Vaikea, 4 seinää;Pohjamaalaus, 4 seinää;kyllä;Lievä rinne;Keskitaso;174,50;91,05;94,48;5,90
1607;8453,88;6736,16;3137,12;925,90;694,43;Lomalaudoitus;Umpiräystäs;kyllä;Vaikea, 4 seinää;Pohjamaalaus, 4 seinää;ei;Lievä rinne;Korkea;218,13;62,98;99,39;6,21
1608;8459,43;6740,58;3073,22;1015,20;761,40;Rimalaudoitus;Umpiräystäs;ei;Vaikea, 2 seinää;Ei pohjamaalausta;kyllä;Haastava;Korkea;187,59;77,19;97,37;6,09
1609;8460,39;6741,35;2966,33;1158,44;868,83;Rimalaudoitus;Avoräystäs;ei;Vaikea, 2 seinää;Pohjamaalaus, 4 seinää;kyllä;Tasainen;Korkea;187,59;96,34;93,98;5,87
1610;8460,39;6741,35;2966,33;1158,44;868,83;Rimalaudoitus;Avoräystäs;ei;Vaikea, 2 seinää;Pohjamaalaus, 4 seinää;kyllä;Lievä rinne;Keskitaso;187,59;96,34;93,98;5,87
1611;8462,11;6742,72;3038,38;1063,63;797,72;Rimalaudoitus;Avoräystäs;kyllä;Helppo, 4 seinää;Ei pohjamaalausta;kyllä;Lievä rinne;Korkea;187,59;79,50;96,27;6,02
1612;8462,55;6743,06;3208,03;837,76;628,32;Lomalaudoitus;Umpiräystäs;kyllä;Vaikea, 4 seinää;Pohjamaalaus, 2 seinää;ei;Haastava;Korkea;218,13;53,19;101,64;6,35
1613;8467,90;6747,33;3055,18;1045,52;784,14;Panelointi;Umpiräystäs;kyllä;Vaikea, 2 seinää;Pohjamaalaus, 2 seinää;kyllä;Haastava;Keskitaso;174,50;80,91;96,80;6,05
1614;8467,97;6747,38;3027,30;1082,73;812,05;Panelointi;Avoräystäs;ei;Ei maalinpoistoa;Pohjamaalaus, 4 seinää;kyllä;Haastava;Keskitaso;174,50;91,05;95,91;5,99
1615;8469,00;6748,21;3058,42;1042,00;781,50;Rimalaudoitus;Umpiräystäs;kyllä;Vaikea, 4 seinää;Ei pohjamaalausta;kyllä;Lievä rinne;Korkea;187,59;77,19;96,90;6,06
1616;8469,05;6748,25;2964,60;1167,14;875,35;Lomalaudoitus;Umpiräystäs;ei;Vaikea, 2 seinää;Pohjamaalaus, 2 seinää;kyllä;Tasainen;Korkea;218,13;96,58;93,93;5,87
1617;8469,05;6748,25;2964,60;1167,14;875,35;Lomalaudoitus;Umpiräystäs;ei;Vaikea, 2 seinää;Pohjamaalaus, 2 seinää;kyllä;Lievä rinne;Keskitaso;218,13;96,58;93,93;5,87
1618;8472,67;6751,13;3139,10;937,14;702,85;Lomalaudoitus;Avoräystäs;ei;Vaikea, 4 seinää;Pohjamaalaus, 4 seinää;ei;Haastava;Keskitaso;218,13;64,13;99,46;6,22
1619;8487,60;6763,03;3072,61;1036,83;777,63;Rimalaudoitus;Avoräystäs;kyllä;Vaikea, 2 seinää;Ei pohjamaalausta;kyllä;Haastava;Keskitaso;187,59;79,50;97,35;6,08
1620;8488,72;6763,92;3119,61;975,01;731,26;Panelointi;Umpiräystäs;kyllä;Vaikea, 2 seinää;Ei pohjamaalausta;kyllä;Haastava;Korkea;174,50;73,08;98,84;6,18
1621;8489,18;6764,29;3042,74;1077,84;808,38;Lomalaudoitus;Umpiräystäs;kyllä;Ei maalinpoistoa;Ei pohjamaalausta;kyllä;Haastava;Keskitaso;218,13;86,79;96,40;6,03
1622;8490,85;6765,62;3026,57;1100,63;825,47;Lomalaudoitus;Avoräystäs;ei;Helppo, 2 seinää;Ei pohjamaalausta;kyllä;Lievä rinne;Korkea;218,13;89,10;95,89;5,99
1623;8494,67;6768,66;3035,91;1091,00;818,25;Rimalaudoitus;Umpiräystäs;kyllä;Helppo, 2 seinää;Pohjamaalaus, 2 seinää;kyllä;Lievä rinne;Korkea;187,59;85,61;96,19;6,01
1624;8497,48;6770,90;2914,26;1255,28;941,46;Lomalaudoitus;Umpiräystäs;ei;Vaikea, 2 seinää;Pohjamaalaus, 4 seinää;kyllä;Tasainen;Keskitaso;218,13;106,37;92,33;5,77
1625;8505,86;6777,58;3060,01;1067,15;800,36;Panelointi;Avoräystäs;kyllä;Vaikea, 2 seinää;Pohjamaalaus, 2 seinää;kyllä;Lievä rinne;Korkea;174,50;83,22;96,95;6,06
1626;8511,64;6782,19;3014,74;1131,79;848,84;Lomalaudoitus;Avoräystäs;ei;Vaikea, 4 seinää;Ei pohjamaalausta;kyllä;Tasainen;Korkea;218,13;89,10;95,52;5,97
1627;8511,64;6782,19;3014,74;1131,79;848,84;Lomalaudoitus;Avoräystäs;ei;Vaikea, 4 seinää;Ei pohjamaalausta;kyllä;Lievä rinne;Keskitaso;218,13;89,10;95,52;5,97
1628;8512,47;6782,84;3061,20;1070,45;802,84;Panelointi;Umpiräystäs;ei;Vaikea, 4 seinää;Pohjamaalaus, 2 seinää;kyllä;Haastava;Keskitaso;174,50;80,91;96,99;6,06
1629;8512,51;6782,87;3161,21;937,14;702,85;Lomalaudoitus;Avoräystäs;kyllä;Helppo, 4 seinää;Pohjamaalaus, 4 seinää;ei;Haastava;Keskitaso;218,13;64,13;100,16;6,26
1630;8519,60;6788,52;3048,94;1092,08;819,06;Panelointi;Avoräystäs;ei;Helppo, 4 seinää;Pohjamaalaus, 2 seinää;kyllä;Haastava;Keskitaso;174,50;83,22;96,60;6,04
1631;8520,37;6789,14;3033,95;1112,63;834,48;Rimalaudoitus;Avoräystäs;ei;Vaikea, 2 seinää;Pohjamaalaus, 2 seinää;kyllä;Lievä rinne;Korkea;187,59;87,92;96,13;6,01
1632;8524,30;6792,27;3088,94;1042,22;781,67;Panelointi;Avoräystäs;ei;Ei maalinpoistoa;Pohjamaalaus, 2 seinää;kyllä;Haastava;Korkea;174,50;83,22;97,87;6,12
1633;8527,82;6795,08;3047,97;1099,47;824,60;Lomalaudoitus;Avoräystäs;kyllä;Ei maalinpoistoa;Ei pohjamaalausta;kyllä;Lievä rinne;Korkea;218,13;89,10;96,57;6,04
1634;8530,27;6797,03;3021,32;1136,81;852,60;Rimalaudoitus;Umpiräystäs;kyllä;Vaikea, 2 seinää;Pohjamaalaus, 4 seinää;kyllä;Tasainen;Korkea;187,59;94,03;95,73;5,98
1635;8530,27;6797,03;3021,32;1136,81;852,60;Rimalaudoitus;Umpiräystäs;kyllä;Vaikea, 2 seinää;Pohjamaalaus, 4 seinää;kyllä;Lievä rinne;Keskitaso;187,59;94,03;95,73;5,98
1636;8531,82;6798,26;2959,84;1219,93;914,95;Lomalaudoitus;Avoräystäs;ei;Vaikea, 4 seinää;Pohjamaalaus, 2 seinää;kyllä;Tasainen;Keskitaso;218,13;98,89;93,78;5,86
1637;8533,17;6799,34;3026,10;1132,59;849,44;Panelointi;Avoräystäs;kyllä;Helppo, 4 seinää;Pohjamaalaus, 4 seinää;kyllä;Tasainen;Korkea;174,50;91,05;95,88;5,99
1638;8533,17;6799,34;3026,10;1132,59;849,44;Panelointi;Avoräystäs;kyllä;Helppo, 4 seinää;Pohjamaalaus, 4 seinää;kyllä;Lievä rinne;Keskitaso;174,50;91,05;95,88;5,99
1639;8534,34;6800,27;3126,24;999,94;749,95;Panelointi;Umpiräystäs;ei;Vaikea, 4 seinää;Ei pohjamaalausta;kyllä;Haastava;Korkea;174,50;73,08;99,05;6,19
1640;8535,06;6800,84;3039,57;1116,03;837,02;Panelointi;Umpiräystäs;ei;Helppo, 2 seinää;Pohjamaalaus, 4 seinää;kyllä;Haastava;Keskitaso;174,50;88,74;96,30;6,02
1641;8535,27;6801,01;2987,78;1185,23;888,93;Rimalaudoitus;Avoräystäs;kyllä;Vaikea, 4 seinää;Pohjamaalaus, 4 seinää;kyllä;Tasainen;Keskitaso;187,59;96,34;94,66;5,92
1642;8538,67;6803,72;3010,39;1157,61;868,21;Lomalaudoitus;Avoräystäs;kyllä;Ei maalinpoistoa;Pohjamaalaus, 2 seinää;kyllä;Tasainen;Korkea;218,13;98,89;95,38;5,96
1643;8538,67;6803,72;3010,39;1157,61;868,21;Lomalaudoitus;Avoräystäs;kyllä;Ei maalinpoistoa;Pohjamaalaus, 2 seinää;kyllä;Lievä rinne;Keskitaso;218,13;98,89;95,38;5,96
1644;8539,25;6804,19;3112,75;1021,57;766,17;Panelointi;Avoräystäs;ei;Helppo, 4 seinää;Ei pohjamaalausta;kyllä;Haastava;Korkea;174,50;75,39;98,62;6,16
1645;8545,72;6809,34;2990,94;1188,77;891,58;Lomalaudoitus;Avoräystäs;ei;Helppo, 2 seinää;Pohjamaalaus, 2 seinää;kyllä;Tasainen;Korkea;218,13;98,89;94,76;5,92
1646;8545,72;6809,34;2990,94;1188,77;891,58;Lomalaudoitus;Avoräystäs;ei;Helppo, 2 seinää;Pohjamaalaus, 2 seinää;kyllä;Lievä rinne;Keskitaso;218,13;98,89;94,76;5,92
1647;8546,73;6810,15;3203,60;905,98;679,48;Lomalaudoitus;Avoräystäs;ei;Vaikea, 2 seinää;Pohjamaalaus, 4 seinää;ei;Haastava;Korkea;218,13;64,13;101,50;6,34
1648;8550,01;6812,76;3065,84;1092,08;819,06;Panelointi;Avoräystäs;ei;Vaikea, 4 seinää;Pohjamaalaus, 2 seinää;kyllä;Lievä rinne;Korkea;174,50;83,22;97,14;6,07
1649;8553,02;6815,15;3102,43;1045,52;784,14;Panelointi;Umpiräystäs;ei;Helppo, 2 seinää;Pohjamaalaus, 2 seinää;kyllä;Haastava;Korkea;174,50;80,91;98,29;6,14
1650;8553,75;6815,74;3120,81;1021,57;766,17;Panelointi;Avoräystäs;kyllä;Vaikea, 4 seinää;Ei pohjamaalausta;kyllä;Haastava;Keskitaso;174,50;75,39;98,88;6,18
1651;8557,41;6818,66;3091,29;1063,63;797,72;Rimalaudoitus;Avoräystäs;ei;Vaikea, 4 seinää;Ei pohjamaalausta;kyllä;Haastava;Keskitaso;187,59;79,50;97,94;6,12
1652;8559,53;6820,34;2955,89;1245,75;934,31;Lomalaudoitus;Avoräystäs;kyllä;Ei maalinpoistoa;Pohjamaalaus, 4 seinää;kyllä;Tasainen;Keskitaso;218,13;108,68;93,65;5,85
1653;8563,62;6823,60;2977,52;1219,93;914,95;Lomalaudoitus;Avoräystäs;kyllä;Helppo, 4 seinää;Pohjamaalaus, 2 seinää;kyllä;Tasainen;Keskitaso;218,13;98,89;94,34;5,90
1654;8563,86;6823,80;3036,89;1140,96;855,72;Panelointi;Umpiräystäs;kyllä;Vaikea, 4 seinää;Pohjamaalaus, 4 seinää;kyllä;Tasainen;Korkea;174,50;88,74;96,22;6,01
1655;8563,86;6823,80;3036,89;1140,96;855,72;Panelointi;Umpiräystäs;kyllä;Vaikea, 4 seinää;Pohjamaalaus, 4 seinää;kyllä;Lievä rinne;Keskitaso;174,50;88,74;96,22;6,01
1656;8567,44;6826,64;3116,97;1036,83;777,63;Rimalaudoitus;Avoräystäs;ei;Helppo, 2 seinää;Ei pohjamaalausta;kyllä;Haastava;Korkea;187,59;79,50;98,76;6,17
1657;8569,75;6828,49;2938,21;1276,91;957,68;Lomalaudoitus;Avoräystäs;ei;Helppo, 2 seinää;Pohjamaalaus, 4 seinää;kyllä;Tasainen;Keskitaso;218,13;108,68;93,09;5,82
1658;8573,81;6831,72;3044,90;1137,66;853,25;Panelointi;Avoräystäs;ei;Helppo, 2 seinää;Pohjamaalaus, 4 seinää;kyllä;Lievä rinne;Korkea;174,50;91,05;96,47;6,03
1659;8576,30;6833,71;3099,17;1067,15;800,36;Panelointi;Avoräystäs;kyllä;Helppo, 2 seinää;Pohjamaalaus, 2 seinää;kyllä;Haastava;Keskitaso;174,50;83,22;98,19;6,14
1660;8580,63;6837,16;3207,52;925,90;694,43;Lomalaudoitus;Umpiräystäs;ei;Helppo, 4 seinää;Pohjamaalaus, 4 seinää;ei;Haastava;Korkea;218,13;62,98;101,62;6,35
1661;8581,65;6837,97;3068,03;1112,63;834,48;Rimalaudoitus;Avoräystäs;ei;Helppo, 2 seinää;Pohjamaalaus, 2 seinää;kyllä;Haastava;Keskitaso;187,59;87,92;97,21;6,08
1662;8582,32;6838,50;3231,83;894,74;671,06;Lomalaudoitus;Umpiräystäs;kyllä;Helppo, 2 seinää;Pohjamaalaus, 4 seinää;ei;Haastava;Korkea;218,13;62,98;102,39;6,40
1663;8585,40;6840,95;3201,74;937,14;702,85;Lomalaudoitus;Avoräystäs;kyllä;Vaikea, 4 seinää;Pohjamaalaus, 4 seinää;ei;Lievä rinne;Korkea;218,13;64,13;101,44;6,34
1664;8587,07;6842,29;3034,19;1161,79;871,34;Lomalaudoitus;Avoräystäs;kyllä;Helppo, 4 seinää;Ei pohjamaalausta;kyllä;Tasainen;Korkea;218,13;89,10;96,13;6,01
1665;8587,07;6842,29;3034,19;1161,79;871,34;Lomalaudoitus;Avoräystäs;kyllä;Helppo, 4 seinää;Ei pohjamaalausta;kyllä;Lievä rinne;Keskitaso;218,13;89,10;96,13;6,01
1666;8591,73;6846,00;3089,80;1091,10;818,33;Panelointi;Umpiräystäs;kyllä;Ei maalinpoistoa;Pohjamaalaus, 4 seinää;kyllä;Haastava;Keskitaso;174,50;88,74;97,89;6,12
1667;8592,35;6846,50;3019,55;1185,23;888,93;Rimalaudoitus;Avoräystäs;ei;Helppo, 4 seinää;Pohjamaalaus, 4 seinää;kyllä;Tasainen;Korkea;187,59;96,34;95,67;5,98
1668;8592,35;6846,50;3019,55;1185,23;888,93;Rimalaudoitus;Avoräystäs;ei;Helppo, 4 seinää;Pohjamaalaus, 4 seinää;kyllä;Lievä rinne;Keskitaso;187,59;96,34;95,67;5,98
1669;8592,51;6846,63;3009,84;1198,30;898,72;Lomalaudoitus;Umpiräystäs;kyllä;Vaikea, 4 seinää;Pohjamaalaus, 2 seinää;kyllä;Tasainen;Keskitaso;218,13;96,58;95,36;5,96
1670;8595,10;6848,68;3266,88;857,49;643,12;Rimalaudoitus;Avoräystäs;kyllä;Vaikea, 4 seinää;Pohjamaalaus, 4 seinää;ei;Haastava;Korkea;187,59;56,59;103,51;6,47
1671;8599,24;6851,99;3114,16;1064,21;798,15;Rimalaudoitus;Umpiräystäs;ei;Ei maalinpoistoa;Pohjamaalaus, 2 seinää;kyllä;Haastava;Korkea;187,59;85,61;98,67;6,17
1672;8599,56;6852,24;3056,77;1140,96;855,72;Panelointi;Umpiräystäs;ei;Helppo, 4 seinää;Pohjamaalaus, 4 seinää;kyllä;Lievä rinne;Korkea;174,50;88,74;96,85;6,05
1673;8599,94;6852,54;3094,45;1091,00;818,25;Rimalaudoitus;Umpiräystäs;kyllä;Vaikea, 2 seinää;Pohjamaalaus, 2 seinää;kyllä;Lievä rinne;Korkea;187,59;85,61;98,04;6,13
1674;8602,22;6854,36;3039,49;1165,98;874,48;Lomalaudoitus;Umpiräystäs;ei;Ei maalinpoistoa;Pohjamaalaus, 2 seinää;kyllä;Lievä rinne;Korkea;218,13;96,58;96,30;6,02
1675;8602,76;6854,79;3111,43;1070,45;802,84;Panelointi;Umpiräystäs;kyllä;Helppo, 4 seinää;Pohjamaalaus, 2 seinää;kyllä;Haastava;Keskitaso;174,50;80,91;98,58;6,16
1676;8604,92;6856,51;3168,00;996,64;747,48;Panelointi;Avoräystäs;kyllä;Helppo, 2 seinää;Ei pohjamaalausta;kyllä;Haastava;Korkea;174,50;75,39;100,37;6,27
1677;8609,82;6860,42;3281,46;849,00;636,75;Lomalaudoitus;Avoräystäs;kyllä;Vaikea, 4 seinää;Pohjamaalaus, 2 seinää;ei;Haastava;Korkea;218,13;54,34;103,97;6,50
1678;8610,91;6861,28;3087,06;1109,00;831,75;Lomalaudoitus;Umpiräystäs;kyllä;Helppo, 2 seinää;Ei pohjamaalausta;kyllä;Lievä rinne;Korkea;218,13;86,79;97,81;6,11
1679;8613,87;6863,65;3162,94;1010,04;757,53;Rimalaudoitus;Avoräystäs;kyllä;Ei maalinpoistoa;Ei pohjamaalausta;kyllä;Haastava;Korkea;187,59;79,50;100,21;6,26
1680;8613,90;6863,66;3065,48;1140,01;855,01;Rimalaudoitus;Umpiräystäs;ei;Ei maalinpoistoa;Pohjamaalaus, 4 seinää;kyllä;Haastava;Keskitaso;187,59;94,03;97,12;6,07
1681;8614,41;6864,08;3002,68;1224,12;918,09;Lomalaudoitus;Umpiräystäs;ei;Ei maalinpoistoa;Pohjamaalaus, 4 seinää;kyllä;Tasainen;Korkea;218,13;106,37;95,13;5,95
1682;8614,41;6864,08;3002,68;1224,12;918,09;Lomalaudoitus;Umpiräystäs;ei;Ei maalinpoistoa;Pohjamaalaus, 4 seinää;kyllä;Lievä rinne;Keskitaso;218,13;106,37;95,13;5,95
1683;8614,45;6864,10;3065,67;1140,16;855,12;Lomalaudoitus;Umpiräystäs;ei;Helppo, 4 seinää;Ei pohjamaalausta;kyllä;Lievä rinne;Korkea;218,13;86,79;97,13;6,07
1684;8615,27;6864,75;3139,74;1042,00;781,50;Rimalaudoitus;Umpiräystäs;ei;Helppo, 4 seinää;Ei pohjamaalausta;kyllä;Haastava;Korkea;187,59;77,19;99,48;6,22
1685;8617,88;6866,84;3090,95;1109,00;831,75;Lomalaudoitus;Umpiräystäs;ei;Vaikea, 2 seinää;Ei pohjamaalausta;kyllä;Haastava;Keskitaso;218,13;86,79;97,93;6,12
1686;8618,65;6867,45;3157,69;1020,59;765,44;Panelointi;Umpiräystäs;kyllä;Ei maalinpoistoa;Pohjamaalaus, 2 seinää;kyllä;Haastava;Korkea;174,50;80,91;100,05;6,25
1687;8620,57;6868,98;3109,83;1085,84;814,38;Rimalaudoitus;Avoräystäs;kyllä;Ei maalinpoistoa;Pohjamaalaus, 2 seinää;kyllä;Haastava;Keskitaso;187,59;87,92;98,53;6,16
1688;8621,73;6869,91;3069,73;1140,16;855,12;Lomalaudoitus;Umpiräystäs;kyllä;Vaikea, 4 seinää;Ei pohjamaalausta;kyllä;Tasainen;Korkea;218,13;86,79;97,26;6,08
1689;8621,73;6869,91;3069,73;1140,16;855,12;Lomalaudoitus;Umpiräystäs;kyllä;Vaikea, 4 seinää;Ei pohjamaalausta;kyllä;Lievä rinne;Keskitaso;218,13;86,79;97,26;6,08
1690;8622,37;6870,41;3026,48;1198,30;898,72;Lomalaudoitus;Umpiräystäs;ei;Helppo, 4 seinää;Pohjamaalaus, 2 seinää;kyllä;Tasainen;Korkea;218,13;96,58;95,89;5,99
1691;8622,37;6870,41;3026,48;1198,30;898,72;Lomalaudoitus;Umpiräystäs;ei;Helppo, 4 seinää;Pohjamaalaus, 2 seinää;kyllä;Lievä rinne;Keskitaso;218,13;96,58;95,89;5,99
1692;8625,74;6873,10;3088,74;1117,80;838,35;Rimalaudoitus;Umpiräystäs;ei;Helppo, 4 seinää;Pohjamaalaus, 2 seinää;kyllä;Haastava;Keskitaso;187,59;85,61;97,86;6,12
1693;8627,50;6874,50;3093,52;1112,73;834,55;Panelointi;Avoräystäs;kyllä;Ei maalinpoistoa;Pohjamaalaus, 4 seinää;kyllä;Lievä rinne;Korkea;174,50;91,05;98,01;6,13
1694;8629,48;6876,08;3126,34;1070,45;802,84;Panelointi;Umpiräystäs;kyllä;Vaikea, 4 seinää;Pohjamaalaus, 2 seinää;kyllä;Lievä rinne;Korkea;174,50;80,91;99,05;6,19
1695;8630,09;6876,57;3235,09;925,90;694,43;Lomalaudoitus;Umpiräystäs;kyllä;Vaikea, 4 seinää;Pohjamaalaus, 4 seinää;ei;Haastava;Keskitaso;218,13;62,98;102,50;6,41
1696;8630,35;6876,77;2988,20;1255,28;941,46;Lomalaudoitus;Umpiräystäs;kyllä;Helppo, 2 seinää;Pohjamaalaus, 4 seinää;kyllä;Tasainen;Keskitaso;218,13;106,37;94,68;5,92
1697;8632,41;6878,42;3133,09;1063,63;797,72;Rimalaudoitus;Avoräystäs;kyllä;Helppo, 4 seinää;Ei pohjamaalausta;kyllä;Haastava;Keskitaso;187,59;79,50;99,27;6,20
1698;8633,41;6879,21;3076,79;1139,43;854,57;Rimalaudoitus;Avoräystäs;kyllä;Vaikea, 4 seinää;Pohjamaalaus, 2 seinää;kyllä;Tasainen;Korkea;187,59;87,92;97,48;6,09
1699;8633,41;6879,21;3076,79;1139,43;854,57;Rimalaudoitus;Avoräystäs;kyllä;Vaikea, 4 seinää;Pohjamaalaus, 2 seinää;kyllä;Lievä rinne;Keskitaso;187,59;87,92;97,48;6,09
1700;8633,54;6879,32;3181,49;999,94;749,95;Panelointi;Umpiräystäs;kyllä;Helppo, 4 seinää;Ei pohjamaalausta;kyllä;Haastava;Korkea;174,50;73,08;100,80;6,30
1701;8636,06;6881,32;3095,82;1116,03;837,02;Panelointi;Umpiräystäs;ei;Vaikea, 2 seinää;Pohjamaalaus, 4 seinää;kyllä;Haastava;Keskitaso;174,50;88,74;98,09;6,13
1702;8636,28;6881,49;3037,76;1193,60;895,20;Rimalaudoitus;Umpiräystäs;ei;Vaikea, 4 seinää;Pohjamaalaus, 4 seinää;kyllä;Tasainen;Korkea;187,59;94,03;96,25;6,02
1703;8636,28;6881,49;3037,76;1193,60;895,20;Rimalaudoitus;Umpiräystäs;ei;Vaikea, 4 seinää;Pohjamaalaus, 4 seinää;kyllä;Lievä rinne;Keskitaso;187,59;94,03;96,25;6,02
1704;8637,27;6882,29;3114,47;1092,08;819,06;Panelointi;Avoräystäs;kyllä;Helppo, 4 seinää;Pohjamaalaus, 2 seinää;kyllä;Lievä rinne;Korkea;174,50;83,22;98,68;6,17
1705;8640,44;6884,81;3153,79;1042,00;781,50;Rimalaudoitus;Umpiräystäs;kyllä;Vaikea, 4 seinää;Ei pohjamaalausta;kyllä;Haastava;Keskitaso;187,59;77,19;99,92;6,25
1706;8640,54;6884,89;2970,52;1286,44;964,83;Lomalaudoitus;Umpiräystäs;ei;Helppo, 4 seinää;Pohjamaalaus, 4 seinää;kyllä;Tasainen;Keskitaso;218,13;106,37;94,12;5,88
1707;8651,03;6893,25;3069,98;1161,64;871,23;Rimalaudoitus;Avoräystäs;ei;Ei maalinpoistoa;Pohjamaalaus, 4 seinää;kyllä;Lievä rinne;Korkea;187,59;96,34;97,27;6,08
1708;8653,19;6894,98;3105,39;1116,03;837,02;Panelointi;Umpiräystäs;kyllä;Helppo, 2 seinää;Pohjamaalaus, 4 seinää;kyllä;Lievä rinne;Korkea;174,50;88,74;98,39;6,15
1709;8653,55;6895,26;3094,64;1130,63;847,97;Lomalaudoitus;Avoräystäs;ei;Vaikea, 2 seinää;Ei pohjamaalausta;kyllä;Lievä rinne;Korkea;218,13;89,10;98,05;6,13
1710;8655,65;6896,93;3045,93;1197,14;897,85;Lomalaudoitus;Umpiräystäs;kyllä;Helppo, 2 seinää;Pohjamaalaus, 2 seinää;kyllä;Tasainen;Korkea;218,13;96,58;96,50;6,03
1711;8655,65;6896,93;3045,93;1197,14;897,85;Lomalaudoitus;Umpiräystäs;kyllä;Helppo, 2 seinää;Pohjamaalaus, 2 seinää;kyllä;Lievä rinne;Keskitaso;218,13;96,58;96,50;6,03
1712;8661,52;6901,61;3092,49;1139,43;854,57;Rimalaudoitus;Avoräystäs;ei;Helppo, 4 seinää;Pohjamaalaus, 2 seinää;kyllä;Lievä rinne;Korkea;187,59;87,92;97,98;6,12
1713;8661,61;6901,68;3185,71;1015,20;761,40;Rimalaudoitus;Umpiräystäs;kyllä;Helppo, 2 seinää;Ei pohjamaalausta;kyllä;Haastava;Korkea;187,59;77,19;100,93;6,31
1714;8662,56;6902,44;3056,32;1188,44;891,33;Rimalaudoitus;Avoräystäs;kyllä;Helppo, 2 seinää;Pohjamaalaus, 4 seinää;kyllä;Tasainen;Korkea;187,59;96,34;96,83;6,05
1715;8662,56;6902,44;3056,32;1188,44;891,33;Rimalaudoitus;Avoräystäs;kyllä;Helppo, 2 seinää;Pohjamaalaus, 4 seinää;kyllä;Lievä rinne;Keskitaso;187,59;96,34;96,83;6,05
1716;8664,01;6903,59;3164,32;1045,52;784,14;Panelointi;Umpiräystäs;ei;Vaikea, 2 seinää;Pohjamaalaus, 2 seinää;kyllä;Haastava;Korkea;174,50;80,91;100,26;6,27
1717;8664,59;6904,06;3130,53;1091,00;818,25;Rimalaudoitus;Umpiräystäs;kyllä;Helppo, 2 seinää;Pohjamaalaus, 2 seinää;kyllä;Haastava;Keskitaso;187,59;85,61;99,19;6,20
1718;8668,35;6907,05;3112,53;1117,80;838,35;Rimalaudoitus;Umpiräystäs;ei;Vaikea, 4 seinää;Pohjamaalaus, 2 seinää;kyllä;Lievä rinne;Korkea;187,59;85,61;98,61;6,16
1719;8670,60;6908,85;2994,46;1276,91;957,68;Lomalaudoitus;Avoräystäs;ei;Vaikea, 2 seinää;Pohjamaalaus, 4 seinää;kyllä;Tasainen;Keskitaso;218,13;108,68;94,87;5,93
1720;8671,42;6909,50;3099,35;1137,66;853,25;Panelointi;Avoräystäs;ei;Vaikea, 2 seinää;Pohjamaalaus, 4 seinää;kyllä;Lievä rinne;Korkea;174,50;91,05;98,20;6,14
1721;8672,47;6910,34;3155,46;1063,63;797,72;Rimalaudoitus;Avoräystäs;kyllä;Vaikea, 4 seinää;Ei pohjamaalausta;kyllä;Lievä rinne;Korkea;187,59;79,50;99,98;6,25
1722;8677,12;6914,04;3155,43;1067,15;800,36;Panelointi;Avoräystäs;kyllä;Vaikea, 2 seinää;Pohjamaalaus, 2 seinää;kyllä;Haastava;Keskitaso;174,50;83,22;99,97;6,25
1723;8682,88;6918,63;3150,63;1077,84;808,38;Lomalaudoitus;Umpiräystäs;ei;Ei maalinpoistoa;Ei pohjamaalausta;kyllä;Haastava;Korkea;218,13;86,79;99,82;6,24
1724;8686,66;6921,64;3183,49;1036,83;777,63;Rimalaudoitus;Avoräystäs;ei;Vaikea, 2 seinää;Ei pohjamaalausta;kyllä;Haastava;Korkea;187,59;79,50;100,86;6,30
1725;8689,99;6924,30;3128,51;1112,63;834,48;Rimalaudoitus;Avoräystäs;ei;Vaikea, 2 seinää;Pohjamaalaus, 2 seinää;kyllä;Haastava;Keskitaso;187,59;87,92;99,12;6,20
1726;8693,81;6927,34;3090,02;1166,81;875,10;Rimalaudoitus;Umpiräystäs;ei;Helppo, 2 seinää;Pohjamaalaus, 4 seinää;kyllä;Lievä rinne;Korkea;187,59;94,03;97,90;6,12
1727;8696,98;6929,86;3052,82;1218,77;914,08;Lomalaudoitus;Avoräystäs;ei;Vaikea, 2 seinää;Pohjamaalaus, 2 seinää;kyllä;Tasainen;Korkea;218,13;98,89;96,72;6,05
1728;8696,98;6929,86;3052,82;1218,77;914,08;Lomalaudoitus;Avoräystäs;ei;Vaikea, 2 seinää;Pohjamaalaus, 2 seinää;kyllä;Lievä rinne;Keskitaso;218,13;98,89;96,72;6,05
1729;8697,92;6930,62;3132,95;1112,63;834,48;Rimalaudoitus;Avoräystäs;kyllä;Helppo, 2 seinää;Pohjamaalaus, 2 seinää;kyllä;Lievä rinne;Korkea;187,59;87,92;99,26;6,20
1730;8698,21;6930,85;3142,99;1099,47;824,60;Lomalaudoitus;Avoräystäs;kyllä;Ei maalinpoistoa;Ei pohjamaalausta;kyllä;Haastava;Keskitaso;218,13;89,10;99,58;6,22
1731;8700,48;6932,65;3120,88;1130,63;847,97;Lomalaudoitus;Avoräystäs;ei;Helppo, 2 seinää;Ei pohjamaalausta;kyllä;Haastava;Keskitaso;218,13;89,10;98,88;6,18
1732;8702,07;6933,92;3074,54;1193,60;895,20;Rimalaudoitus;Umpiräystäs;kyllä;Helppo, 4 seinää;Pohjamaalaus, 4 seinää;kyllä;Tasainen;Korkea;187,59;94,03;97,41;6,09
1733;8702,07;6933,92;3074,54;1193,60;895,20;Rimalaudoitus;Umpiräystäs;kyllä;Helppo, 4 seinää;Pohjamaalaus, 4 seinää;kyllä;Lievä rinne;Keskitaso;187,59;94,03;97,41;6,09
1734;8715,67;6944,75;3229,88;996,64;747,48;Panelointi;Avoräystäs;kyllä;Vaikea, 2 seinää;Ei pohjamaalausta;kyllä;Haastava;Korkea;174,50;75,39;102,33;6,40
1735;8720,80;6948,85;3309,18;894,74;671,06;Lomalaudoitus;Umpiräystäs;kyllä;Vaikea, 2 seinää;Pohjamaalaus, 4 seinää;ei;Haastava;Korkea;218,13;62,98;104,85;6,55
1736;8721,29;6949,24;3161,45;1092,08;819,06;Panelointi;Avoräystäs;ei;Vaikea, 4 seinää;Pohjamaalaus, 2 seinää;kyllä;Haastava;Keskitaso;174,50;83,22;100,16;6,26
1737;8727,17;6953,92;3280,95;937,14;702,85;Lomalaudoitus;Avoräystäs;ei;Helppo, 4 seinää;Pohjamaalaus, 4 seinää;ei;Haastava;Korkea;218,13;64,13;103,95;6,50
1738;8728,85;6955,26;3305,26;905,98;679,48;Lomalaudoitus;Avoräystäs;kyllä;Helppo, 2 seinää;Pohjamaalaus, 4 seinää;ei;Haastava;Korkea;218,13;64,13;104,72;6,55
1739;8730,16;6956,30;3130,47;1140,01;855,01;Rimalaudoitus;Umpiräystäs;kyllä;Ei maalinpoistoa;Pohjamaalaus, 4 seinää;kyllä;Lievä rinne;Korkea;187,59;94,03;99,18;6,20
1740;8732,67;6958,30;3155,14;1109,00;831,75;Lomalaudoitus;Umpiräystäs;kyllä;Vaikea, 2 seinää;Ei pohjamaalausta;kyllä;Lievä rinne;Korkea;218,13;86,79;99,96;6,25
1741;8740,62;6964,63;3152,99;1117,80;838,35;Rimalaudoitus;Umpiräystäs;kyllä;Helppo, 4 seinää;Pohjamaalaus, 2 seinää;kyllä;Lievä rinne;Korkea;187,59;85,61;99,90;6,24
1742;8743,69;6967,08;3139,82;1137,66;853,25;Panelointi;Avoräystäs;ei;Helppo, 2 seinää;Pohjamaalaus, 4 seinää;kyllä;Haastava;Keskitaso;174,50;91,05;99,48;6,22
1743;8750,48;6972,49;3159,85;1116,03;837,02;Panelointi;Umpiräystäs;kyllä;Vaikea, 2 seinää;Pohjamaalaus, 4 seinää;kyllä;Lievä rinne;Korkea;174,50;88,74;100,11;6,26
1744;8750,80;6972,75;3125,11;1162,59;871,94;Panelointi;Avoräystäs;kyllä;Vaikea, 4 seinää;Pohjamaalaus, 4 seinää;kyllä;Tasainen;Korkea;174,50;91,05;99,01;6,19
1745;8750,80;6972,75;3125,11;1162,59;871,94;Panelointi;Avoräystäs;kyllä;Vaikea, 4 seinää;Pohjamaalaus, 4 seinää;kyllä;Lievä rinne;Keskitaso;174,50;91,05;99,01;6,19
1746;8757,60;6978,17;3109,54;1188,44;891,33;Rimalaudoitus;Avoräystäs;kyllä;Vaikea, 2 seinää;Pohjamaalaus, 4 seinää;kyllä;Tasainen;Korkea;187,59;96,34;98,52;6,16
1747;8757,60;6978,17;3109,54;1188,44;891,33;Rimalaudoitus;Avoräystäs;kyllä;Vaikea, 2 seinää;Pohjamaalaus, 4 seinää;kyllä;Lievä rinne;Keskitaso;187,59;96,34;98,52;6,16
1748;8760,84;6980,75;3236,51;1021,57;766,17;Panelointi;Avoräystäs;ei;Vaikea, 4 seinää;Ei pohjamaalausta;kyllä;Haastava;Korkea;174,50;75,39;102,54;6,41
1749;8764,43;6983,61;3301,85;937,14;702,85;Lomalaudoitus;Avoräystäs;kyllä;Vaikea, 4 seinää;Pohjamaalaus, 4 seinää;ei;Haastava;Keskitaso;218,13;64,13;104,61;6,54
1750;8766,16;6984,98;3107,81;1197,14;897,85;Lomalaudoitus;Umpiräystäs;kyllä;Vaikea, 2 seinää;Pohjamaalaus, 2 seinää;kyllä;Tasainen;Korkea;218,13;96,58;98,47;6,15
1751;8766,16;6984,98;3107,81;1197,14;897,85;Lomalaudoitus;Umpiräystäs;kyllä;Vaikea, 2 seinää;Pohjamaalaus, 2 seinää;kyllä;Lievä rinne;Keskitaso;218,13;96,58;98,47;6,15
1752;8769,95;6988,01;3152,08;1140,96;855,72;Panelointi;Umpiräystäs;ei;Helppo, 4 seinää;Pohjamaalaus, 4 seinää;kyllä;Haastava;Keskitaso;174,50;88,74;99,87;6,24
1753;8771,05;6988,88;3044,46;1285,28;963,96;Lomalaudoitus;Umpiräystäs;kyllä;Vaikea, 2 seinää;Pohjamaalaus, 4 seinää;kyllä;Tasainen;Keskitaso;218,13;106,37;96,46;6,03
1754;8771,58;6989,30;3134,23;1165,98;874,48;Lomalaudoitus;Umpiräystäs;ei;Ei maalinpoistoa;Pohjamaalaus, 2 seinää;kyllä;Haastava;Keskitaso;218,13;96,58;99,30;6,21
1755;8772,55;6990,08;3191,00;1091,00;818,25;Rimalaudoitus;Umpiräystäs;kyllä;Vaikea, 2 seinää;Pohjamaalaus, 2 seinää;kyllä;Haastava;Keskitaso;187,59;85,61;101,10;6,32
1756;8779,34;6995,49;3212,71;1067,15;800,36;Panelointi;Avoräystäs;ei;Helppo, 2 seinää;Pohjamaalaus, 2 seinää;kyllä;Haastava;Korkea;174,50;83,22;101,79;6,36
1757;8780,35;6996,30;3252,24;1015,20;761,40;Rimalaudoitus;Umpiräystäs;kyllä;Vaikea, 2 seinää;Ei pohjamaalausta;kyllä;Haastava;Korkea;187,59;77,19;103,04;6,44
1758;8783,00;6998,41;3183,38;1109,00;831,75;Lomalaudoitus;Umpiräystäs;kyllä;Helppo, 2 seinää;Ei pohjamaalausta;kyllä;Haastava;Keskitaso;218,13;86,79;100,86;6,30
1759;8785,26;7000,20;3161,28;1140,16;855,12;Lomalaudoitus;Umpiräystäs;ei;Helppo, 4 seinää;Ei pohjamaalausta;kyllä;Haastava;Keskitaso;218,13;86,79;100,16;6,26
1760;8792,97;7006,35;3202,40;1091,10;818,33;Panelointi;Umpiräystäs;ei;Ei maalinpoistoa;Pohjamaalaus, 4 seinää;kyllä;Haastava;Korkea;174,50;88,74;101,46;6,34
1761;8794,17;7007,30;3165,68;1140,96;855,72;Panelointi;Umpiräystäs;ei;Vaikea, 4 seinää;Pohjamaalaus, 4 seinää;kyllä;Lievä rinne;Korkea;174,50;88,74;100,30;6,27
1762;8798,19;7010,51;3148,56;1166,81;875,10;Rimalaudoitus;Umpiräystäs;ei;Vaikea, 2 seinää;Pohjamaalaus, 4 seinää;kyllä;Lievä rinne;Korkea;187,59;94,03;99,76;6,23
1763;8799,85;7011,84;3190,05;1112,73;834,55;Panelointi;Avoräystäs;kyllä;Ei maalinpoistoa;Pohjamaalaus, 4 seinää;kyllä;Haastava;Keskitaso;174,50;91,05;101,07;6,32
1764;8801,91;7013,47;3153,81;1162,59;871,94;Panelointi;Avoräystäs;ei;Helppo, 4 seinää;Pohjamaalaus, 4 seinää;kyllä;Lievä rinne;Korkea;174,50;91,05;99,92;6,25
1765;8802,29;7013,78;3191,49;1112,63;834,48;Rimalaudoitus;Avoräystäs;kyllä;Vaikea, 2 seinää;Pohjamaalaus, 2 seinää;kyllä;Lievä rinne;Korkea;187,59;87,92;101,12;6,32
1766;8803,74;7014,93;3223,95;1070,45;802,84;Panelointi;Umpiräystäs;kyllä;Vaikea, 4 seinää;Pohjamaalaus, 2 seinää;kyllä;Haastava;Keskitaso;174,50;80,91;102,14;6,38
1767;8804,55;7015,58;3136,53;1187,61;890,71;Lomalaudoitus;Avoräystäs;ei;Ei maalinpoistoa;Pohjamaalaus, 2 seinää;kyllä;Lievä rinne;Korkea;218,13;98,89;99,38;6,21
1768;8804,99;7015,93;3090,04;1249,93;937,45;Lomalaudoitus;Avoräystäs;kyllä;Vaikea, 4 seinää;Pohjamaalaus, 2 seinää;kyllä;Tasainen;Keskitaso;218,13;98,89;97,90;6,12
1769;8807,75;7018,13;3226,20;1070,45;802,84;Panelointi;Umpiräystäs;ei;Helppo, 4 seinää;Pohjamaalaus, 2 seinää;kyllä;Haastava;Korkea;174,50;80,91;102,22;6,39
1770;8808,21;7018,49;3157,95;1161,79;871,34;Lomalaudoitus;Avoräystäs;kyllä;Vaikea, 4 seinää;Ei pohjamaalausta;kyllä;Tasainen;Korkea;218,13;89,10;100,05;6,25
1771;8808,21;7018,49;3157,95;1161,79;871,34;Lomalaudoitus;Avoräystäs;kyllä;Vaikea, 4 seinää;Ei pohjamaalausta;kyllä;Lievä rinne;Keskitaso;218,13;89,10;100,05;6,25
1772;8810,78;7020,55;3211,68;1092,08;819,06;Panelointi;Avoräystäs;kyllä;Helppo, 4 seinää;Pohjamaalaus, 2 seinää;kyllä;Haastava;Keskitaso;174,50;83,22;101,76;6,36
1773;8813,16;7022,44;3184,11;1130,63;847,97;Lomalaudoitus;Avoräystäs;kyllä;Helppo, 2 seinää;Ei pohjamaalausta;kyllä;Lievä rinne;Korkea;218,13;89,10;100,88;6,31
1774;8816,67;7025,24;3162,71;1161,79;871,34;Lomalaudoitus;Avoräystäs;ei;Helppo, 4 seinää;Ei pohjamaalausta;kyllä;Lievä rinne;Korkea;218,13;89,10;100,20;6,26
1775;8821,83;7029,35;3165,73;1161,64;871,23;Rimalaudoitus;Avoräystäs;ei;Ei maalinpoistoa;Pohjamaalaus, 4 seinää;kyllä;Haastava;Keskitaso;187,59;96,34;100,30;6,27
1776;8822,64;7029,99;3125,98;1215,23;911,43;Rimalaudoitus;Avoräystäs;ei;Vaikea, 4 seinää;Pohjamaalaus, 4 seinää;kyllä;Tasainen;Korkea;187,59;96,34;99,04;6,19
1777;8822,64;7029,99;3125,98;1215,23;911,43;Rimalaudoitus;Avoräystäs;ei;Vaikea, 4 seinää;Pohjamaalaus, 4 seinää;kyllä;Lievä rinne;Keskitaso;187,59;96,34;99,04;6,19
1778;8825,12;7031,97;3224,43;1085,84;814,38;Rimalaudoitus;Avoräystäs;ei;Ei maalinpoistoa;Pohjamaalaus, 2 seinää;kyllä;Haastava;Korkea;187,59;87,92;102,16;6,39
1779;8825,78;7032,49;3191,20;1130,63;847,97;Lomalaudoitus;Avoräystäs;ei;Vaikea, 2 seinää;Ei pohjamaalausta;kyllä;Haastava;Keskitaso;218,13;89,10;101,11;6,32
1780;8826,06;7032,71;3202,31;1116,03;837,02;Panelointi;Umpiräystäs;kyllä;Helppo, 2 seinää;Pohjamaalaus, 4 seinää;kyllä;Haastava;Keskitaso;174,50;88,74;101,46;6,34
1781;8831,57;7037,11;3223,38;1092,08;819,06;Panelointi;Avoräystäs;kyllä;Vaikea, 4 seinää;Pohjamaalaus, 2 seinää;kyllä;Lievä rinne;Korkea;174,50;83,22;102,13;6,38
1782;8833,57;7038,70;3188,99;1139,43;854,57;Rimalaudoitus;Avoräystäs;ei;Helppo, 4 seinää;Pohjamaalaus, 2 seinää;kyllä;Haastava;Keskitaso;187,59;87,92;101,04;6,31
1783;8840,94;7044,57;3090,90;1275,75;956,81;Lomalaudoitus;Avoräystäs;ei;Ei maalinpoistoa;Pohjamaalaus, 4 seinää;kyllä;Tasainen;Korkea;218,13;108,68;97,93;6,12
1784;8840,94;7044,57;3090,90;1275,75;956,81;Lomalaudoitus;Avoräystäs;ei;Ei maalinpoistoa;Pohjamaalaus, 4 seinää;kyllä;Lievä rinne;Keskitaso;218,13;108,68;97,93;6,12
1785;8840,99;7044,62;3250,02;1063,63;797,72;Rimalaudoitus;Avoräystäs;ei;Helppo, 4 seinää;Ei pohjamaalausta;kyllä;Haastava;Korkea;187,59;79,50;102,97;6,44
1786;8841,52;7045,04;3209,69;1117,80;838,35;Rimalaudoitus;Umpiräystäs;ei;Vaikea, 4 seinää;Pohjamaalaus, 2 seinää;kyllä;Haastava;Keskitaso;187,59;85,61;101,69;6,36
1787;8841,86;7045,31;3134,15;1218,77;914,08;Lomalaudoitus;Avoräystäs;kyllä;Helppo, 2 seinää;Pohjamaalaus, 2 seinää;kyllä;Tasainen;Korkea;218,13;98,89;99,30;6,21
1788;8841,86;7045,31;3134,15;1218,77;914,08;Lomalaudoitus;Avoräystäs;kyllä;Helppo, 2 seinää;Pohjamaalaus, 2 seinää;kyllä;Lievä rinne;Keskitaso;218,13;98,89;99,30;6,21
1789;8842,49;7045,81;3068,40;1306,91;980,18;Lomalaudoitus;Avoräystäs;kyllä;Helppo, 2 seinää;Pohjamaalaus, 4 seinää;kyllä;Tasainen;Keskitaso;218,13;108,68;97,22;6,08
1790;8843,79;7046,85;3196,07;1137,66;853,25;Panelointi;Avoräystäs;ei;Vaikea, 2 seinää;Pohjamaalaus, 4 seinää;kyllä;Haastava;Keskitaso;174,50;91,05;101,26;6,33
1791;8844,34;7047,29;3267,96;1042,22;781,67;Panelointi;Avoräystäs;kyllä;Ei maalinpoistoa;Pohjamaalaus, 2 seinää;kyllä;Haastava;Korkea;174,50;83,22;103,54;6,47
1792;8848,13;7050,31;3254,04;1063,63;797,72;Rimalaudoitus;Avoräystäs;kyllä;Vaikea, 4 seinää;Ei pohjamaalausta;kyllä;Haastava;Keskitaso;187,59;79,50;103,10;6,44
1793;8848,82;7050,85;3114,70;1249,93;937,45;Lomalaudoitus;Avoräystäs;ei;Helppo, 4 seinää;Pohjamaalaus, 2 seinää;kyllä;Tasainen;Korkea;218,13;98,89;98,68;6,17
1794;8848,82;7050,85;3114,70;1249,93;937,45;Lomalaudoitus;Avoräystäs;ei;Helppo, 4 seinää;Pohjamaalaus, 2 seinää;kyllä;Lievä rinne;Keskitaso;218,13;98,89;98,68;6,17
1795;8852,59;7053,85;3050,72;1338,07;1003,55;Lomalaudoitus;Avoräystäs;ei;Helppo, 4 seinää;Pohjamaalaus, 4 seinää;kyllä;Tasainen;Keskitaso;218,13;108,68;96,66;6,04
1796;8852,62;7053,88;3272,79;1042,00;781,50;Rimalaudoitus;Umpiräystäs;ei;Vaikea, 4 seinää;Ei pohjamaalausta;kyllä;Haastava;Korkea;187,59;77,19;103,69;6,48
1797;8854,24;7055,17;3305,25;999,94;749,95;Panelointi;Umpiräystäs;kyllä;Vaikea, 4 seinää;Ei pohjamaalausta;kyllä;Haastava;Korkea;174,50;73,08;104,72;6,55
1798;8855,09;7055,85;3202,43;1137,66;853,25;Panelointi;Avoräystäs;kyllä;Helppo, 2 seinää;Pohjamaalaus, 4 seinää;kyllä;Lievä rinne;Korkea;174,50;91,05;101,46;6,34
1799;8856,81;7057,22;3362,22;925,90;694,43;Lomalaudoitus;Umpiräystäs;ei;Vaikea, 4 seinää;Pohjamaalaus, 4 seinää;ei;Haastava;Korkea;218,13;62,98;106,53;6,66
1800;8857,30;7057,61;3201,81;1140,16;855,12;Lomalaudoitus;Umpiräystäs;ei;Vaikea, 4 seinää;Ei pohjamaalausta;kyllä;Lievä rinne;Korkea;218,13;86,79;101,44;6,34
1801;8859,09;7059,04;3291,76;1021,57;766,17;Panelointi;Avoräystäs;kyllä;Helppo, 4 seinää;Ei pohjamaalausta;kyllä;Haastava;Korkea;174,50;75,39;104,29;6,52
1802;8865,47;7064,12;3186,43;1166,81;875,10;Rimalaudoitus;Umpiräystäs;ei;Helppo, 2 seinää;Pohjamaalaus, 4 seinää;kyllä;Haastava;Keskitaso;187,59;94,03;100,96;6,31
1803;8866,47;7064,92;3382,61;905,98;679,48;Lomalaudoitus;Avoräystäs;kyllä;Vaikea, 2 seinää;Pohjamaalaus, 4 seinää;ei;Haastava;Korkea;218,13;64,13;107,17;6,70
1804;8870,12;7067,82;3209,58;1139,43;854,57;Rimalaudoitus;Avoräystäs;ei;Vaikea, 4 seinää;Pohjamaalaus, 2 seinää;kyllä;Lievä rinne;Korkea;187,59;87,92;101,69;6,36
1805;8872,08;7069,38;3230,78;1112,63;834,48;Rimalaudoitus;Avoräystäs;kyllä;Helppo, 2 seinää;Pohjamaalaus, 2 seinää;kyllä;Haastava;Keskitaso;187,59;87,92;102,36;6,40
1806;8872,43;7069,67;3247,20;1091,00;818,25;Rimalaudoitus;Umpiräystäs;ei;Helppo, 2 seinää;Pohjamaalaus, 2 seinää;kyllä;Haastava;Korkea;187,59;85,61;102,88;6,43
1807;8872,67;7069,86;3281,45;1045,52;784,14;Panelointi;Umpiräystäs;kyllä;Helppo, 2 seinää;Pohjamaalaus, 2 seinää;kyllä;Haastava;Korkea;174,50;80,91;103,97;6,50
1808;8880,53;7076,12;3214,30;1140,96;855,72;Panelointi;Umpiräystäs;kyllä;Helppo, 4 seinää;Pohjamaalaus, 4 seinää;kyllä;Lievä rinne;Korkea;174,50;88,74;101,84;6,36
1809;8881,13;7076,60;3083,03;1316,44;987,33;Lomalaudoitus;Umpiräystäs;ei;Vaikea, 4 seinää;Pohjamaalaus, 4 seinää;kyllä;Tasainen;Keskitaso;218,13;106,37;97,68;6,11
1810;8883,10;7078,17;3150,25;1228,30;921,22;Lomalaudoitus;Umpiräystäs;ei;Vaikea, 4 seinää;Pohjamaalaus, 2 seinää;kyllä;Tasainen;Korkea;218,13;96,58;99,81;6,24
1811;8883,10;7078,17;3150,25;1228,30;921,22;Lomalaudoitus;Umpiräystäs;ei;Vaikea, 4 seinää;Pohjamaalaus, 2 seinää;kyllä;Lievä rinne;Keskitaso;218,13;96,58;99,81;6,24
1812;8883,16;7078,22;3197,02;1165,98;874,48;Lomalaudoitus;Umpiräystäs;kyllä;Ei maalinpoistoa;Pohjamaalaus, 2 seinää;kyllä;Lievä rinne;Korkea;218,13;96,58;101,29;6,33
1813;8886,66;7081,01;3175,63;1197,14;897,85;Lomalaudoitus;Umpiräystäs;ei;Helppo, 2 seinää;Pohjamaalaus, 2 seinää;kyllä;Lievä rinne;Korkea;218,13;96,58;100,61;6,29
1814;8886,90;7081,19;3295,99;1036,83;777,63;Rimalaudoitus;Avoräystäs;kyllä;Helppo, 2 seinää;Ei pohjamaalausta;kyllä;Haastava;Korkea;187,59;79,50;104,43;6,53
1815;8887,91;7082,00;3162,76;1215,23;911,43;Rimalaudoitus;Avoräystäs;kyllä;Helppo, 4 seinää;Pohjamaalaus, 4 seinää;kyllä;Tasainen;Korkea;187,59;96,34;100,21;6,26
1816;8887,91;7082,00;3162,76;1215,23;911,43;Rimalaudoitus;Avoräystäs;kyllä;Helppo, 4 seinää;Pohjamaalaus, 4 seinää;kyllä;Lievä rinne;Keskitaso;187,59;96,34;100,21;6,26
1817;8889,27;7083,08;3274,59;1067,15;800,36;Panelointi;Avoräystäs;ei;Vaikea, 2 seinää;Pohjamaalaus, 2 seinää;kyllä;Haastava;Korkea;174,50;83,22;103,75;6,48
1818;8891,45;7084,82;3180,98;1193,60;895,20;Rimalaudoitus;Umpiräystäs;kyllä;Vaikea, 4 seinää;Pohjamaalaus, 4 seinää;kyllä;Tasainen;Korkea;187,59;94,03;100,78;6,30
1819;8891,45;7084,82;3180,98;1193,60;895,20;Rimalaudoitus;Umpiräystäs;kyllä;Vaikea, 4 seinää;Pohjamaalaus, 4 seinää;kyllä;Lievä rinne;Keskitaso;187,59;94,03;100,78;6,30
1820;8895,24;7087,84;3223,21;1140,16;855,12;Lomalaudoitus;Umpiräystäs;kyllä;Helppo, 4 seinää;Ei pohjamaalausta;kyllä;Lievä rinne;Korkea;218,13;86,79;102,12;6,38
1821;8895,35;7087,93;3187,06;1188,44;891,33;Rimalaudoitus;Avoräystäs;ei;Helppo, 2 seinää;Pohjamaalaus, 4 seinää;kyllä;Lievä rinne;Korkea;187,59;96,34;100,98;6,31
1822;8899,91;7091,57;3386,53;925,90;694,43;Lomalaudoitus;Umpiräystäs;kyllä;Helppo, 4 seinää;Pohjamaalaus, 4 seinää;ei;Haastava;Korkea;218,13;62,98;107,30;6,71
1823;8903,93;7094,76;3228,22;1140,01;855,01;Rimalaudoitus;Umpiräystäs;kyllä;Ei maalinpoistoa;Pohjamaalaus, 4 seinää;kyllä;Haastava;Keskitaso;187,59;94,03;102,28;6,39
1824;8907,86;7097,90;3253,70;1109,00;831,75;Lomalaudoitus;Umpiräystäs;kyllä;Vaikea, 2 seinää;Ei pohjamaalausta;kyllä;Haastava;Keskitaso;218,13;86,79;103,09;6,44
1825;8907,97;7097,98;3260,91;1099,47;824,60;Lomalaudoitus;Avoräystäs;ei;Ei maalinpoistoa;Ei pohjamaalausta;kyllä;Haastava;Korkea;218,13;89,10;103,32;6,46
1826;8909,70;7099,36;3145,90;1254,12;940,59;Lomalaudoitus;Umpiräystäs;kyllä;Ei maalinpoistoa;Pohjamaalaus, 4 seinää;kyllä;Tasainen;Korkea;218,13;106,37;99,67;6,23
1827;8909,70;7099,36;3145,90;1254,12;940,59;Lomalaudoitus;Umpiräystäs;kyllä;Ei maalinpoistoa;Pohjamaalaus, 4 seinää;kyllä;Lievä rinne;Keskitaso;218,13;106,37;99,67;6,23
1828;8912,46;7101,56;3100,71;1316,44;987,33;Lomalaudoitus;Umpiräystäs;kyllä;Helppo, 4 seinää;Pohjamaalaus, 4 seinää;kyllä;Tasainen;Keskitaso;218,13;106,37;98,24;6,14
1829;8915,63;7104,08;3251,48;1117,80;838,35;Rimalaudoitus;Umpiräystäs;kyllä;Helppo, 4 seinää;Pohjamaalaus, 2 seinää;kyllä;Haastava;Keskitaso;187,59;85,61;103,02;6,44
1830;8916,64;7104,89;3126,45;1285,28;963,96;Lomalaudoitus;Umpiräystäs;ei;Helppo, 2 seinää;Pohjamaalaus, 4 seinää;kyllä;Tasainen;Korkea;218,13;106,37;99,06;6,19
1831;8916,64;7104,89;3126,45;1285,28;963,96;Lomalaudoitus;Umpiräystäs;ei;Helppo, 2 seinää;Pohjamaalaus, 4 seinää;kyllä;Lievä rinne;Keskitaso;218,13;106,37;99,06;6,19
1832;8917,55;7105,62;3169,70;1228,30;921,22;Lomalaudoitus;Umpiräystäs;kyllä;Helppo, 4 seinää;Pohjamaalaus, 2 seinää;kyllä;Tasainen;Korkea;218,13;96,58;100,43;6,28
1833;8917,55;7105,62;3169,70;1228,30;921,22;Lomalaudoitus;Umpiräystäs;kyllä;Helppo, 4 seinää;Pohjamaalaus, 2 seinää;kyllä;Lievä rinne;Keskitaso;218,13;96,58;100,43;6,28
1834;8918,28;7106,20;3293,17;1064,21;798,15;Rimalaudoitus;Umpiräystäs;kyllä;Ei maalinpoistoa;Pohjamaalaus, 2 seinää;kyllä;Haastava;Korkea;187,59;85,61;104,34;6,52
1835;8925,82;7112,20;3258,57;1116,03;837,02;Panelointi;Umpiräystäs;kyllä;Vaikea, 2 seinää;Pohjamaalaus, 4 seinää;kyllä;Haastava;Keskitaso;174,50;88,74;103,24;6,45
1836;8931,39;7116,65;3227,51;1161,64;871,23;Rimalaudoitus;Avoräystäs;kyllä;Ei maalinpoistoa;Pohjamaalaus, 4 seinää;kyllä;Lievä rinne;Korkea;187,59;96,34;102,26;6,39
1837;8933,88;7118,63;3252,18;1130,63;847,97;Lomalaudoitus;Avoräystäs;kyllä;Vaikea, 2 seinää;Ei pohjamaalausta;kyllä;Lievä rinne;Korkea;218,13;89,10;103,04;6,44
1838;8934,08;7118,79;3318,76;1042,00;781,50;Rimalaudoitus;Umpiräystäs;kyllä;Helppo, 4 seinää;Ei pohjamaalausta;kyllä;Haastava;Korkea;187,59;77,19;105,15;6,57
1839;8937,69;7121,67;3207,10;1193,60;895,20;Rimalaudoitus;Umpiräystäs;ei;Helppo, 4 seinää;Pohjamaalaus, 4 seinää;kyllä;Lievä rinne;Korkea;187,59;94,03;101,61;6,35
1840;8941,76;7124,91;3250,03;1139,43;854,57;Rimalaudoitus;Avoräystäs;kyllä;Helppo, 4 seinää;Pohjamaalaus, 2 seinää;kyllä;Lievä rinne;Korkea;187,59;87,92;102,97;6,44
1841;8942,18;7125,24;3124,66;1306,91;980,18;Lomalaudoitus;Avoräystäs;kyllä;Vaikea, 2 seinää;Pohjamaalaus, 4 seinää;kyllä;Tasainen;Keskitaso;218,13;108,68;99,00;6,19
1842;8948,51;7130,29;3270,07;1117,80;838,35;Rimalaudoitus;Umpiräystäs;kyllä;Vaikea, 4 seinää;Pohjamaalaus, 2 seinää;kyllä;Lievä rinne;Korkea;187,59;85,61;103,61;6,48
1843;8951,50;7132,67;3196,04;1218,77;914,08;Lomalaudoitus;Avoräystäs;kyllä;Vaikea, 2 seinää;Pohjamaalaus, 2 seinää;kyllä;Tasainen;Korkea;218,13;98,89;101,26;6,33
1844;8951,50;7132,67;3196,04;1218,77;914,08;Lomalaudoitus;Avoräystäs;kyllä;Vaikea, 2 seinää;Pohjamaalaus, 2 seinää;kyllä;Lievä rinne;Keskitaso;218,13;98,89;101,26;6,33
1845;8951,54;7132,70;3256,89;1137,66;853,25;Panelointi;Avoräystäs;kyllä;Vaikea, 2 seinää;Pohjamaalaus, 4 seinää;kyllä;Lievä rinne;Korkea;174,50;91,05;103,19;6,45
1846;8969,53;7147,03;3264,59;1140,96;855,72;Panelointi;Umpiräystäs;ei;Vaikea, 4 seinää;Pohjamaalaus, 4 seinää;kyllä;Haastava;Keskitaso;174,50;88,74;103,43;6,46
1847;8972,52;7149,42;3246,90;1166,81;875,10;Rimalaudoitus;Umpiräystäs;ei;Vaikea, 2 seinää;Pohjamaalaus, 4 seinää;kyllä;Haastava;Keskitaso;187,59;94,03;102,87;6,43
1848;8973,67;7150,33;3247,55;1166,81;875,10;Rimalaudoitus;Umpiräystäs;kyllä;Helppo, 2 seinää;Pohjamaalaus, 4 seinää;kyllä;Lievä rinne;Korkea;187,59;94,03;102,89;6,43
1849;8976,52;7152,60;3252,33;1162,59;871,94;Panelointi;Avoräystäs;ei;Helppo, 4 seinää;Pohjamaalaus, 4 seinää;kyllä;Haastava;Keskitaso;174,50;91,05;103,04;6,44
1850;8978,13;7153,89;3234,48;1187,61;890,71;Lomalaudoitus;Avoräystäs;ei;Ei maalinpoistoa;Pohjamaalaus, 2 seinää;kyllä;Haastava;Keskitaso;218,13;98,89;102,48;6,40
1851;8979,09;7154,66;3291,25;1112,63;834,48;Rimalaudoitus;Avoräystäs;kyllä;Vaikea, 2 seinää;Pohjamaalaus, 2 seinää;kyllä;Haastava;Keskitaso;187,59;87,92;104,28;6,52
1852;8982,17;7157,11;3343,34;1045,52;784,14;Panelointi;Umpiräystäs;kyllä;Vaikea, 2 seinää;Pohjamaalaus, 2 seinää;kyllä;Haastava;Korkea;174,50;80,91;105,93;6,62
1853;8989,45;7162,91;3283,63;1130,63;847,97;Lomalaudoitus;Avoräystäs;kyllä;Helppo, 2 seinää;Ei pohjamaalausta;kyllä;Haastava;Keskitaso;218,13;89,10;104,04;6,50
1854;8990,13;7163,45;3313,73;1091,00;818,25;Rimalaudoitus;Umpiräystäs;ei;Vaikea, 2 seinää;Pohjamaalaus, 2 seinää;kyllä;Haastava;Korkea;187,59;85,61;104,99;6,56
1855;8991,69;7164,69;3261,53;1161,79;871,34;Lomalaudoitus;Avoräystäs;ei;Helppo, 4 seinää;Ei pohjamaalausta;kyllä;Haastava;Keskitaso;218,13;89,10;103,34;6,46
1856;8994,86;7167,22;3262,72;1162,59;871,94;Panelointi;Avoräystäs;ei;Vaikea, 4 seinää;Pohjamaalaus, 4 seinää;kyllä;Lievä rinne;Korkea;174,50;91,05;103,37;6,46
1857;8998,85;7170,40;3245,60;1188,44;891,33;Rimalaudoitus;Avoräystäs;ei;Vaikea, 2 seinää;Pohjamaalaus, 4 seinää;kyllä;Lievä rinne;Korkea;187,59;96,34;102,83;6,43
1858;8999,13;7170,62;3305,34;1109,00;831,75;Lomalaudoitus;Umpiräystäs;ei;Helppo, 2 seinää;Ei pohjamaalausta;kyllä;Haastava;Korkea;218,13;86,79;104,72;6,55
1859;9000,79;7171,95;3329,65;1077,84;808,38;Lomalaudoitus;Umpiräystäs;kyllä;Ei maalinpoistoa;Ei pohjamaalausta;kyllä;Haastava;Korkea;218,13;86,79;105,49;6,59
1860;9001,64;7172,62;3435,66;937,14;702,85;Lomalaudoitus;Avoräystäs;ei;Vaikea, 4 seinää;Pohjamaalaus, 4 seinää;ei;Haastava;Korkea;218,13;64,13;108,85;6,80
1861;9004,52;7174,91;3362,51;1036,83;777,63;Rimalaudoitus;Avoräystäs;kyllä;Vaikea, 2 seinää;Ei pohjamaalausta;kyllä;Haastava;Korkea;187,59;79,50;106,54;6,66
1862;9007,01;7176,90;3243,70;1197,14;897,85;Lomalaudoitus;Umpiräystäs;ei;Vaikea, 2 seinää;Pohjamaalaus, 2 seinää;kyllä;Lievä rinne;Korkea;218,13;96,58;102,77;6,42
1863;9010,02;7179,30;3324,20;1092,08;819,06;Panelointi;Avoräystäs;kyllä;Vaikea, 4 seinää;Pohjamaalaus, 2 seinää;kyllä;Haastava;Keskitaso;174,50;83,22;105,32;6,58
1864;9017,01;7184,87;3312,67;1112,73;834,55;Panelointi;Avoräystäs;ei;Ei maalinpoistoa;Pohjamaalaus, 4 seinää;kyllä;Haastava;Korkea;174,50;91,05;104,96;6,56
1865;9025,94;7191,98;3188,33;1285,28;963,96;Lomalaudoitus;Umpiräystäs;ei;Vaikea, 2 seinää;Pohjamaalaus, 4 seinää;kyllä;Tasainen;Korkea;218,13;106,37;101,02;6,31
1866;9025,94;7191,98;3188,33;1285,28;963,96;Lomalaudoitus;Umpiräystäs;ei;Vaikea, 2 seinää;Pohjamaalaus, 4 seinää;kyllä;Lievä rinne;Keskitaso;218,13;106,37;101,02;6,31
1867;9026,84;7192,70;3349,96;1070,45;802,84;Panelointi;Umpiräystäs;ei;Vaikea, 4 seinää;Pohjamaalaus, 2 seinää;kyllä;Haastava;Korkea;174,50;80,91;106,14;6,63
1868;9031,65;7196,54;3336,47;1092,08;819,06;Panelointi;Avoräystäs;ei;Helppo, 4 seinää;Pohjamaalaus, 2 seinää;kyllä;Haastava;Korkea;174,50;83,22;105,71;6,61
1869;9032,14;7196,92;3302,56;1137,66;853,25;Panelointi;Avoräystäs;kyllä;Helppo, 2 seinää;Pohjamaalaus, 4 seinää;kyllä;Haastava;Keskitaso;174,50;91,05;104,64;6,54
1870;9034,30;7198,65;3301,92;1140,16;855,12;Lomalaudoitus;Umpiräystäs;ei;Vaikea, 4 seinää;Ei pohjamaalausta;kyllä;Haastava;Keskitaso;218,13;86,79;104,62;6,54
1871;9044,49;7206,76;3459,97;937,14;702,85;Lomalaudoitus;Avoräystäs;kyllä;Helppo, 4 seinää;Pohjamaalaus, 4 seinää;ei;Haastava;Korkea;218,13;64,13;109,62;6,85
1872;9045,13;7207,28;3326,16;1116,03;837,02;Panelointi;Umpiräystäs;ei;Helppo, 2 seinää;Pohjamaalaus, 4 seinää;kyllä;Haastava;Korkea;174,50;88,74;105,38;6,59
1873;9047,47;7209,14;3309,94;1139,43;854,57;Rimalaudoitus;Avoräystäs;ei;Vaikea, 4 seinää;Pohjamaalaus, 2 seinää;kyllä;Haastava;Keskitaso;187,59;87,92;104,87;6,55
1874;9051,47;7212,33;3163,23;1338,07;1003,55;Lomalaudoitus;Avoräystäs;ei;Vaikea, 4 seinää;Pohjamaalaus, 4 seinää;kyllä;Tasainen;Keskitaso;218,13;108,68;100,22;6,26
1875;9057,47;7217,11;3298,85;1161,79;871,34;Lomalaudoitus;Avoräystäs;ei;Vaikea, 4 seinää;Ei pohjamaalausta;kyllä;Lievä rinne;Korkea;218,13;89,10;104,52;6,53
1876;9058,08;7217,60;3314,82;1140,96;855,72;Panelointi;Umpiräystäs;kyllä;Helppo, 4 seinää;Pohjamaalaus, 4 seinää;kyllä;Haastava;Keskitaso;174,50;88,74;105,02;6,56
1877;9059,69;7218,88;3296,97;1165,98;874,48;Lomalaudoitus;Umpiräystäs;kyllä;Ei maalinpoistoa;Pohjamaalaus, 2 seinää;kyllä;Haastava;Keskitaso;218,13;96,58;104,46;6,53
1878;9061,92;7220,65;3274,87;1197,14;897,85;Lomalaudoitus;Umpiräystäs;ei;Helppo, 2 seinää;Pohjamaalaus, 2 seinää;kyllä;Haastava;Keskitaso;218,13;96,58;103,76;6,48
1879;9067,53;7225,13;3238,47;1249,93;937,45;Lomalaudoitus;Avoräystäs;ei;Vaikea, 4 seinää;Pohjamaalaus, 2 seinää;kyllä;Tasainen;Korkea;218,13;98,89;102,60;6,41
1880;9067,53;7225,13;3238,47;1249,93;937,45;Lomalaudoitus;Avoräystäs;ei;Vaikea, 4 seinää;Pohjamaalaus, 2 seinää;kyllä;Lievä rinne;Keskitaso;218,13;98,89;102,60;6,41
1881;9071,21;7228,06;3286,68;1188,44;891,33;Rimalaudoitus;Avoräystäs;ei;Helppo, 2 seinää;Pohjamaalaus, 4 seinää;kyllä;Haastava;Keskitaso;187,59;96,34;104,13;6,51
1882;9072,85;7229,36;3323,22;1140,96;855,72;Panelointi;Umpiräystäs;kyllä;Vaikea, 4 seinää;Pohjamaalaus, 4 seinää;kyllä;Lievä rinne;Korkea;174,50;88,74;105,29;6,58
1883;9073,20;7229,64;3324,02;1140,16;855,12;Lomalaudoitus;Umpiräystäs;kyllä;Helppo, 4 seinää;Ei pohjamaalausta;kyllä;Haastava;Keskitaso;218,13;86,79;105,32;6,58
1884;9075,82;7231,73;3269,20;1215,23;911,43;Rimalaudoitus;Avoräystäs;kyllä;Vaikea, 4 seinää;Pohjamaalaus, 4 seinää;kyllä;Tasainen;Korkea;187,59;96,34;103,58;6,47
1885;9075,82;7231,73;3269,20;1215,23;911,43;Rimalaudoitus;Avoräystäs;kyllä;Vaikea, 4 seinää;Pohjamaalaus, 4 seinää;kyllä;Lievä rinne;Keskitaso;187,59;96,34;103,58;6,47
1886;9076,11;7231,96;3383,06;1063,63;797,72;Rimalaudoitus;Avoräystäs;ei;Vaikea, 4 seinää;Ei pohjamaalausta;kyllä;Haastava;Korkea;187,59;79,50;107,19;6,70
1887;9076,83;7232,53;3306,09;1166,81;875,10;Rimalaudoitus;Umpiräystäs;kyllä;Vaikea, 2 seinää;Pohjamaalaus, 4 seinää;kyllä;Lievä rinne;Korkea;187,59;94,03;104,75;6,55
1888;9077,71;7233,24;3415,53;1021,57;766,17;Panelointi;Avoräystäs;kyllä;Vaikea, 4 seinää;Ei pohjamaalausta;kyllä;Haastava;Korkea;174,50;75,39;108,21;6,76
1889;9080,50;7235,46;3311,35;1162,59;871,94;Panelointi;Avoräystäs;kyllä;Helppo, 4 seinää;Pohjamaalaus, 4 seinää;kyllä;Lievä rinne;Korkea;174,50;91,05;104,91;6,56
1890;9082,57;7237,11;3180,91;1338,07;1003,55;Lomalaudoitus;Avoräystäs;kyllä;Helppo, 4 seinää;Pohjamaalaus, 4 seinää;kyllä;Tasainen;Keskitaso;218,13;108,68;100,78;6,30
1891;9083,11;7237,54;3294,07;1187,61;890,71;Lomalaudoitus;Avoräystäs;kyllä;Ei maalinpoistoa;Pohjamaalaus, 2 seinää;kyllä;Lievä rinne;Korkea;218,13;98,89;104,37;6,52
1892;9086,58;7240,31;3272,67;1218,77;914,08;Lomalaudoitus;Avoräystäs;ei;Helppo, 2 seinää;Pohjamaalaus, 2 seinää;kyllä;Lievä rinne;Korkea;218,13;98,89;103,69;6,48
1893;9093,93;7246,16;3234,12;1275,75;956,81;Lomalaudoitus;Avoräystäs;kyllä;Ei maalinpoistoa;Pohjamaalaus, 4 seinää;kyllä;Tasainen;Korkea;218,13;108,68;102,47;6,40
1894;9093,93;7246,16;3234,12;1275,75;956,81;Lomalaudoitus;Avoräystäs;kyllä;Ei maalinpoistoa;Pohjamaalaus, 4 seinää;kyllä;Lievä rinne;Keskitaso;218,13;108,68;102,47;6,40
1895;9095,09;7247,08;3320,25;1161,79;871,34;Lomalaudoitus;Avoräystäs;kyllä;Helppo, 4 seinää;Ei pohjamaalausta;kyllä;Lievä rinne;Korkea;218,13;89,10;105,20;6,57
1896;9095,73;7247,60;3357,48;1112,63;834,48;Rimalaudoitus;Avoräystäs;ei;Helppo, 2 seinää;Pohjamaalaus, 2 seinää;kyllä;Haastava;Korkea;187,59;87,92;106,38;6,65
1897;9095,97;7247,79;3391,73;1067,15;800,36;Panelointi;Avoräystäs;kyllä;Helppo, 2 seinää;Pohjamaalaus, 2 seinää;kyllä;Haastava;Korkea;174,50;83,22;107,46;6,72
1898;9100,82;7251,65;3214,67;1306,91;980,18;Lomalaudoitus;Avoräystäs;ei;Helppo, 2 seinää;Pohjamaalaus, 4 seinää;kyllä;Tasainen;Korkea;218,13;108,68;101,85;6,37
1899;9100,82;7251,65;3214,67;1306,91;980,18;Lomalaudoitus;Avoräystäs;ei;Helppo, 2 seinää;Pohjamaalaus, 4 seinää;kyllä;Lievä rinne;Keskitaso;218,13;108,68;101,85;6,37
1900;9101,72;7252,37;3257,92;1249,93;937,45;Lomalaudoitus;Avoräystäs;kyllä;Helppo, 4 seinää;Pohjamaalaus, 2 seinää;kyllä;Tasainen;Korkea;218,13;98,89;103,22;6,45
1901;9101,72;7252,37;3257,92;1249,93;937,45;Lomalaudoitus;Avoräystäs;kyllä;Helppo, 4 seinää;Pohjamaalaus, 2 seinää;kyllä;Lievä rinne;Keskitaso;218,13;98,89;103,22;6,45
1902;9109,34;7258,43;3328,47;1161,64;871,23;Rimalaudoitus;Avoräystäs;kyllä;Ei maalinpoistoa;Pohjamaalaus, 4 seinää;kyllä;Haastava;Keskitaso;187,59;96,34;105,46;6,59
1903;9109,41;7258,50;3381,42;1091,10;818,33;Panelointi;Umpiräystäs;kyllä;Ei maalinpoistoa;Pohjamaalaus, 4 seinää;kyllä;Haastava;Korkea;174,50;88,74;107,13;6,70
1904;9110,84;7259,64;3213,23;1316,44;987,33;Lomalaudoitus;Umpiräystäs;kyllä;Vaikea, 4 seinää;Pohjamaalaus, 4 seinää;kyllä;Tasainen;Keskitaso;218,13;106,37;101,81;6,36
1905;9113,24;7261,54;3353,95;1130,63;847,97;Lomalaudoitus;Avoräystäs;kyllä;Vaikea, 2 seinää;Ei pohjamaalausta;kyllä;Haastava;Keskitaso;218,13;89,10;106,26;6,64
1906;9114,40;7262,47;3307,38;1193,60;895,20;Rimalaudoitus;Umpiräystäs;ei;Helppo, 4 seinää;Pohjamaalaus, 4 seinää;kyllä;Haastava;Keskitaso;187,59;94,03;104,79;6,55
1907;9120,93;7267,68;3351,73;1139,43;854,57;Rimalaudoitus;Avoräystäs;kyllä;Helppo, 4 seinää;Pohjamaalaus, 2 seinää;kyllä;Haastava;Keskitaso;187,59;87,92;106,19;6,64
1908;9124,00;7270,12;3405,22;1070,45;802,84;Panelointi;Umpiräystäs;kyllä;Helppo, 4 seinää;Pohjamaalaus, 2 seinää;kyllä;Haastava;Korkea;174,50;80,91;107,89;6,74
1909;9126,84;7272,38;3354,66;1140,01;855,01;Rimalaudoitus;Umpiräystäs;ei;Ei maalinpoistoa;Pohjamaalaus, 4 seinää;kyllä;Haastava;Korkea;187,59;94,03;106,29;6,64
1910;9128,79;7273,94;3372,43;1117,80;838,35;Rimalaudoitus;Umpiräystäs;kyllä;Vaikea, 4 seinää;Pohjamaalaus, 2 seinää;kyllä;Haastava;Keskitaso;187,59;85,61;106,85;6,68
1911;9131,04;7275,73;3358,82;1137,66;853,25;Panelointi;Avoräystäs;kyllä;Vaikea, 2 seinää;Pohjamaalaus, 4 seinää;kyllä;Haastava;Keskitaso;174,50;91,05;106,42;6,65
1912;9135,20;7279,05;3382,69;1109,00;831,75;Lomalaudoitus;Umpiräystäs;ei;Vaikea, 2 seinää;Ei pohjamaalausta;kyllä;Haastava;Korkea;218,13;86,79;107,17;6,70
1913;9135,25;7279,09;3359,35;1140,16;855,12;Lomalaudoitus;Umpiräystäs;kyllä;Vaikea, 4 seinää;Ei pohjamaalausta;kyllä;Lievä rinne;Korkea;218,13;86,79;106,43;6,65
1914;9135,64;7279,39;3293,46;1228,30;921,22;Lomalaudoitus;Umpiräystäs;kyllä;Vaikea, 4 seinää;Pohjamaalaus, 2 seinää;kyllä;Tasainen;Korkea;218,13;96,58;104,35;6,52
1915;9135,64;7279,39;3293,46;1228,30;921,22;Lomalaudoitus;Umpiräystäs;kyllä;Vaikea, 4 seinää;Pohjamaalaus, 2 seinää;kyllä;Lievä rinne;Keskitaso;218,13;96,58;104,35;6,52
1916;9137,18;7280,62;3304,14;1215,23;911,43;Rimalaudoitus;Avoräystäs;ei;Helppo, 4 seinää;Pohjamaalaus, 4 seinää;kyllä;Lievä rinne;Korkea;187,59;96,34;104,69;6,54
1917;9141,15;7283,78;3403,45;1085,84;814,38;Rimalaudoitus;Avoräystäs;kyllä;Ei maalinpoistoa;Pohjamaalaus, 2 seinää;kyllä;Haastava;Korkea;187,59;87,92;107,83;6,74
1918;9142,51;7284,87;3380,25;1117,80;838,35;Rimalaudoitus;Umpiräystäs;ei;Helppo, 4 seinää;Pohjamaalaus, 2 seinää;kyllä;Haastava;Korkea;187,59;85,61;107,10;6,69
1919;9143,88;7285,96;3324,18;1193,60;895,20;Rimalaudoitus;Umpiräystäs;ei;Vaikea, 4 seinää;Pohjamaalaus, 4 seinää;kyllä;Lievä rinne;Korkea;187,59;94,03;105,32;6,58
1920;9147,92;7289,18;3367,11;1139,43;854,57;Rimalaudoitus;Avoräystäs;kyllä;Vaikea, 4 seinää;Pohjamaalaus, 2 seinää;kyllä;Lievä rinne;Korkea;187,59;87,92;106,68;6,67
1921;9152,46;7292,79;3349,17;1166,81;875,10;Rimalaudoitus;Umpiräystäs;kyllä;Helppo, 2 seinää;Pohjamaalaus, 4 seinää;kyllä;Haastava;Keskitaso;187,59;94,03;106,11;6,63
1922;9153,84;7293,90;3388,05;1116,03;837,02;Panelointi;Umpiräystäs;ei;Vaikea, 2 seinää;Pohjamaalaus, 4 seinää;kyllä;Haastava;Korkea;174,50;88,74;107,34;6,71
1923;9155,79;7295,45;3285,59;1254,12;940,59;Lomalaudoitus;Umpiräystäs;ei;Ei maalinpoistoa;Pohjamaalaus, 4 seinää;kyllä;Lievä rinne;Korkea;218,13;106,37;104,10;6,51
1924;9156,81;7296,26;3429,04;1063,63;797,72;Rimalaudoitus;Avoräystäs;kyllä;Helppo, 4 seinää;Ei pohjamaalausta;kyllä;Haastava;Korkea;187,59;79,50;108,64;6,79
1925;9164,27;7302,21;3333,17;1197,14;897,85;Lomalaudoitus;Umpiräystäs;kyllä;Helppo, 2 seinää;Pohjamaalaus, 2 seinää;kyllä;Lievä rinne;Korkea;218,13;96,58;105,61;6,60
1926;9167,73;7304,97;3311,77;1228,30;921,22;Lomalaudoitus;Umpiräystäs;ei;Helppo, 4 seinää;Pohjamaalaus, 2 seinää;kyllä;Lievä rinne;Korkea;218,13;96,58;104,93;6,56
1927;9168,28;7305,41;3451,81;1042,00;781,50;Rimalaudoitus;Umpiräystäs;kyllä;Vaikea, 4 seinää;Ei pohjamaalausta;kyllä;Haastava;Korkea;187,59;77,19;109,36;6,84
1928;9168,83;7305,84;3269,66;1285,28;963,96;Lomalaudoitus;Umpiräystäs;kyllä;Helppo, 2 seinää;Pohjamaalaus, 4 seinää;kyllä;Tasainen;Korkea;218,13;106,37;103,59;6,47
1929;9168,83;7305,84;3269,66;1285,28;963,96;Lomalaudoitus;Umpiräystäs;kyllä;Helppo, 2 seinää;Pohjamaalaus, 4 seinää;kyllä;Lievä rinne;Keskitaso;218,13;106,37;103,59;6,47
1930;9172,86;7309,05;3344,60;1188,44;891,33;Rimalaudoitus;Avoräystäs;kyllä;Helppo, 2 seinää;Pohjamaalaus, 4 seinää;kyllä;Lievä rinne;Korkea;187,59;96,34;105,97;6,62
1931;9174,37;7310,26;3364,84;1162,59;871,94;Panelointi;Avoräystäs;ei;Vaikea, 4 seinää;Pohjamaalaus, 4 seinää;kyllä;Haastava;Keskitaso;174,50;91,05;106,61;6,66
1932;9175,69;7311,31;3250,21;1316,44;987,33;Lomalaudoitus;Umpiräystäs;ei;Helppo, 4 seinää;Pohjamaalaus, 4 seinää;kyllä;Tasainen;Korkea;218,13;106,37;102,98;6,44
1933;9175,69;7311,31;3250,21;1316,44;987,33;Lomalaudoitus;Umpiräystäs;ei;Helppo, 4 seinää;Pohjamaalaus, 4 seinää;kyllä;Lievä rinne;Keskitaso;218,13;106,37;102,98;6,44
1934;9177,34;7312,62;3347,15;1188,44;891,33;Rimalaudoitus;Avoräystäs;ei;Vaikea, 2 seinää;Pohjamaalaus, 4 seinää;kyllä;Haastava;Keskitaso;187,59;96,34;106,05;6,63
1935;9185,33;7318,99;3345,19;1197,14;897,85;Lomalaudoitus;Umpiräystäs;ei;Vaikea, 2 seinää;Pohjamaalaus, 2 seinää;kyllä;Haastava;Keskitaso;218,13;96,58;105,99;6,62
1936;9187,83;7320,98;3426,22;1091,00;818,25;Rimalaudoitus;Umpiräystäs;kyllä;Helppo, 2 seinää;Pohjamaalaus, 2 seinää;kyllä;Haastava;Korkea;187,59;85,61;108,55;6,78
1937;9204,45;7334,22;3453,61;1067,15;800,36;Panelointi;Avoräystäs;kyllä;Vaikea, 2 seinää;Pohjamaalaus, 2 seinää;kyllä;Haastava;Korkea;174,50;83,22;109,42;6,84
1938;9205,93;7335,40;3340,74;1218,77;914,08;Lomalaudoitus;Avoräystäs;ei;Vaikea, 2 seinää;Pohjamaalaus, 2 seinää;kyllä;Lievä rinne;Korkea;218,13;98,89;105,85;6,62
1939;9209,27;7338,07;3276,55;1306,91;980,18;Lomalaudoitus;Avoräystäs;ei;Vaikea, 2 seinää;Pohjamaalaus, 4 seinää;kyllä;Tasainen;Korkea;218,13;108,68;103,81;6,49
1940;9209,27;7338,07;3276,55;1306,91;980,18;Lomalaudoitus;Avoräystäs;ei;Vaikea, 2 seinää;Pohjamaalaus, 4 seinää;kyllä;Lievä rinne;Keskitaso;218,13;108,68;103,81;6,49
1941;9211,79;7340,07;3541,24;955,90;716,93;Lomalaudoitus;Umpiräystäs;kyllä;Vaikea, 4 seinää;Pohjamaalaus, 4 seinää;ei;Haastava;Korkea;218,13;62,98;112,20;7,01
1942;9212,33;7340,50;3424,00;1112,63;834,48;Rimalaudoitus;Avoräystäs;ei;Vaikea, 2 seinää;Pohjamaalaus, 2 seinää;kyllä;Haastava;Korkea;187,59;87,92;108,48;6,78
1943;9214,71;7342,40;3364,64;1193,60;895,20;Rimalaudoitus;Umpiräystäs;kyllä;Helppo, 4 seinää;Pohjamaalaus, 4 seinää;kyllä;Lievä rinne;Korkea;187,59;94,03;106,60;6,66
1944;9221,26;7347,61;3415,61;1130,63;847,97;Lomalaudoitus;Avoräystäs;ei;Helppo, 2 seinää;Ei pohjamaalausta;kyllä;Haastava;Korkea;218,13;89,10;108,22;6,76
1945;9222,90;7348,93;3439,93;1099,47;824,60;Lomalaudoitus;Avoräystäs;kyllä;Ei maalinpoistoa;Ei pohjamaalausta;kyllä;Haastava;Korkea;218,13;89,10;108,99;6,81
1946;9238,60;7361,43;3402,17;1161,79;871,34;Lomalaudoitus;Avoräystäs;ei;Vaikea, 4 seinää;Ei pohjamaalausta;kyllä;Haastava;Keskitaso;218,13;89,10;107,79;6,74
1947;9248,71;7369,49;3460,24;1092,08;819,06;Panelointi;Avoräystäs;ei;Vaikea, 4 seinää;Pohjamaalaus, 2 seinää;kyllä;Haastava;Korkea;174,50;83,22;109,63;6,85
1948;9255,27;7374,72;3427,34;1140,96;855,72;Panelointi;Umpiräystäs;kyllä;Vaikea, 4 seinää;Pohjamaalaus, 4 seinää;kyllä;Haastava;Keskitaso;174,50;88,74;108,59;6,79
1949;9258,23;7377,07;3409,65;1166,81;875,10;Rimalaudoitus;Umpiräystäs;kyllä;Vaikea, 2 seinää;Pohjamaalaus, 4 seinää;kyllä;Haastava;Keskitaso;187,59;94,03;108,03;6,75
1950;9262,18;7380,22;3415,07;1162,59;871,94;Panelointi;Avoräystäs;kyllä;Helppo, 4 seinää;Pohjamaalaus, 4 seinää;kyllä;Haastava;Keskitaso;174,50;91,05;108,20;6,76
1951;9263,77;7381,49;3397,22;1187,61;890,71;Lomalaudoitus;Avoräystäs;kyllä;Ei maalinpoistoa;Pohjamaalaus, 2 seinää;kyllä;Haastava;Keskitaso;218,13;98,89;107,63;6,73
1952;9265,98;7383,25;3375,12;1218,77;914,08;Lomalaudoitus;Avoräystäs;ei;Helppo, 2 seinää;Pohjamaalaus, 2 seinää;kyllä;Haastava;Keskitaso;218,13;98,89;106,93;6,68
1953;9266,83;7383,93;3436,44;1137,66;853,25;Panelointi;Avoräystäs;ei;Helppo, 2 seinää;Pohjamaalaus, 4 seinää;kyllä;Haastava;Korkea;174,50;91,05;108,88;6,80
1954;9271,22;7387,43;3420,26;1162,59;871,94;Panelointi;Avoräystäs;kyllä;Vaikea, 4 seinää;Pohjamaalaus, 4 seinää;kyllä;Lievä rinne;Korkea;174,50;91,05;108,36;6,77
1955;9275,17;7390,57;3403,14;1188,44;891,33;Rimalaudoitus;Avoräystäs;kyllä;Vaikea, 2 seinää;Pohjamaalaus, 4 seinää;kyllä;Lievä rinne;Korkea;187,59;96,34;107,82;6,74
1956;9276,98;7392,02;3331,54;1285,28;963,96;Lomalaudoitus;Umpiräystäs;kyllä;Vaikea, 2 seinää;Pohjamaalaus, 4 seinää;kyllä;Tasainen;Korkea;218,13;106,37;105,55;6,60
1957;9276,98;7392,02;3331,54;1285,28;963,96;Lomalaudoitus;Umpiräystäs;kyllä;Vaikea, 2 seinää;Pohjamaalaus, 4 seinää;kyllä;Lievä rinne;Keskitaso;218,13;106,37;105,55;6,60
1958;9277,17;7392,17;3424,27;1161,79;871,34;Lomalaudoitus;Avoräystäs;kyllä;Helppo, 4 seinää;Ei pohjamaalausta;kyllä;Haastava;Keskitaso;218,13;89,10;108,49;6,78
1959;9279,56;7394,07;3293,43;1338,07;1003,55;Lomalaudoitus;Avoräystäs;kyllä;Vaikea, 4 seinää;Pohjamaalaus, 4 seinää;kyllä;Tasainen;Keskitaso;218,13;108,68;104,35;6,52
1960;9283,24;7397,00;3401,24;1197,14;897,85;Lomalaudoitus;Umpiräystäs;kyllä;Vaikea, 2 seinää;Pohjamaalaus, 2 seinää;kyllä;Lievä rinne;Korkea;218,13;96,58;107,76;6,74
1961;9293,14;7404,90;3430,29;1165,98;874,48;Lomalaudoitus;Umpiräystäs;ei;Ei maalinpoistoa;Pohjamaalaus, 2 seinää;kyllä;Haastava;Korkea;218,13;96,58;108,68;6,79
1962;9294,66;7406,11;3449,93;1140,96;855,72;Panelointi;Umpiräystäs;ei;Helppo, 4 seinää;Pohjamaalaus, 4 seinää;kyllä;Haastava;Korkea;174,50;88,74;109,30;6,83
1963;9303,99;7413,54;3492,75;1091,00;818,25;Rimalaudoitus;Umpiräystäs;kyllä;Vaikea, 2 seinää;Pohjamaalaus, 2 seinää;kyllä;Haastava;Korkea;187,59;85,61;110,66;6,92
1964;9311,24;7419,31;3460,04;1140,16;855,12;Lomalaudoitus;Umpiräystäs;ei;Helppo, 4 seinää;Ei pohjamaalausta;kyllä;Haastava;Korkea;218,13;86,79;109,63;6,85
1965;9312,88;7420,62;3484,36;1109,00;831,75;Lomalaudoitus;Umpiräystäs;kyllä;Helppo, 2 seinää;Ei pohjamaalausta;kyllä;Haastava;Korkea;218,13;86,79;110,40;6,90
1966;9318,02;7424,71;3407,63;1215,23;911,43;Rimalaudoitus;Avoräystäs;ei;Helppo, 4 seinää;Pohjamaalaus, 4 seinää;kyllä;Haastava;Keskitaso;187,59;96,34;107,96;6,75
1967;9318,14;7424,82;3381,68;1249,93;937,45;Lomalaudoitus;Avoräystäs;kyllä;Vaikea, 4 seinää;Pohjamaalaus, 2 seinää;kyllä;Tasainen;Korkea;218,13;98,89;107,14;6,70
1968;9318,14;7424,82;3381,68;1249,93;937,45;Lomalaudoitus;Avoräystäs;kyllä;Vaikea, 4 seinää;Pohjamaalaus, 2 seinää;kyllä;Lievä rinne;Keskitaso;218,13;98,89;107,14;6,70
1969;9319,28;7425,72;3464,66;1140,16;855,12;Lomalaudoitus;Umpiräystäs;kyllä;Vaikea, 4 seinää;Ei pohjamaalausta;kyllä;Haastava;Keskitaso;218,13;86,79;109,77;6,86
1970;9325,81;7430,93;3428,33;1193,60;895,20;Rimalaudoitus;Umpiräystäs;ei;Vaikea, 4 seinää;Pohjamaalaus, 4 seinää;kyllä;Haastava;Keskitaso;187,59;94,03;108,62;6,79
1971;9330,52;7434,68;3491,69;1112,73;834,55;Panelointi;Avoräystäs;kyllä;Ei maalinpoistoa;Pohjamaalaus, 4 seinää;kyllä;Haastava;Korkea;174,50;91,05;110,63;6,91
1972;9332,29;7436,09;3472,68;1139,43;854,57;Rimalaudoitus;Avoräystäs;kyllä;Vaikea, 4 seinää;Pohjamaalaus, 2 seinää;kyllä;Haastava;Keskitaso;187,59;87,92;110,03;6,88
1973;9333,11;7436,74;3456,39;1161,79;871,34;Lomalaudoitus;Avoräystäs;kyllä;Vaikea, 4 seinää;Ei pohjamaalausta;kyllä;Lievä rinne;Korkea;218,13;89,10;109,51;6,84
1974;9335,42;7438,58;3388,47;1254,12;940,59;Lomalaudoitus;Umpiräystäs;ei;Ei maalinpoistoa;Pohjamaalaus, 4 seinää;kyllä;Haastava;Keskitaso;218,13;106,37;107,36;6,71
1975;9340,22;7442,41;3528,98;1070,45;802,84;Panelointi;Umpiräystäs;kyllä;Vaikea, 4 seinää;Pohjamaalaus, 2 seinää;kyllä;Haastava;Korkea;174,50;80,91;111,81;6,99
1976;9341,67;7443,56;3421,22;1215,23;911,43;Rimalaudoitus;Avoräystäs;ei;Vaikea, 4 seinää;Pohjamaalaus, 4 seinää;kyllä;Lievä rinne;Korkea;187,59;96,34;108,40;6,77
1977;9344,98;7446,20;3515,49;1092,08;819,06;Panelointi;Avoräystäs;kyllä;Helppo, 4 seinää;Pohjamaalaus, 2 seinää;kyllä;Haastava;Korkea;174,50;83,22;111,38;6,96
1978;9346,57;7447,47;3437,61;1197,14;897,85;Lomalaudoitus;Umpiräystäs;kyllä;Helppo, 2 seinää;Pohjamaalaus, 2 seinää;kyllä;Haastava;Keskitaso;218,13;96,58;108,91;6,81
1979;9347,79;7448,44;3464,94;1161,64;871,23;Rimalaudoitus;Avoräystäs;ei;Ei maalinpoistoa;Pohjamaalaus, 4 seinää;kyllä;Haastava;Korkea;187,59;96,34;109,78;6,86
1980;9348,78;7449,22;3415,51;1228,30;921,22;Lomalaudoitus;Umpiräystäs;ei;Helppo, 4 seinää;Pohjamaalaus, 2 seinää;kyllä;Haastava;Keskitaso;218,13;96,58;108,21;6,76
1981;9351,08;7451,06;3357,88;1306,91;980,18;Lomalaudoitus;Avoräystäs;kyllä;Helppo, 2 seinää;Pohjamaalaus, 4 seinää;kyllä;Tasainen;Korkea;218,13;108,68;106,39;6,65
1982;9351,08;7451,06;3357,88;1306,91;980,18;Lomalaudoitus;Avoräystäs;kyllä;Helppo, 2 seinää;Pohjamaalaus, 4 seinää;kyllä;Lievä rinne;Keskitaso;218,13;108,68;106,39;6,65
1983;9353,48;7452,97;3382,63;1275,75;956,81;Lomalaudoitus;Avoräystäs;ei;Ei maalinpoistoa;Pohjamaalaus, 4 seinää;kyllä;Lievä rinne;Korkea;218,13;108,68;107,17;6,70
1984;9354,50;7453,78;3614,67;967,14;725,35;Lomalaudoitus;Avoräystäs;kyllä;Vaikea, 4 seinää;Pohjamaalaus, 4 seinää;ei;Haastava;Korkea;218,13;64,13;114,52;7,16
1985;9355,75;7454,78;3449,42;1188,44;891,33;Rimalaudoitus;Avoräystäs;kyllä;Helppo, 2 seinää;Pohjamaalaus, 4 seinää;kyllä;Haastava;Keskitaso;187,59;96,34;109,29;6,83
1986;9356,08;7455,04;3492,97;1130,63;847,97;Lomalaudoitus;Avoräystäs;ei;Vaikea, 2 seinää;Ei pohjamaalausta;kyllä;Haastava;Korkea;218,13;89,10;110,67;6,92
1987;9357,90;7456,49;3338,43;1338,07;1003,55;Lomalaudoitus;Avoräystäs;ei;Helppo, 4 seinää;Pohjamaalaus, 4 seinää;kyllä;Tasainen;Korkea;218,13;108,68;105,77;6,61
1988;9357,90;7456,49;3338,43;1338,07;1003,55;Lomalaudoitus;Avoräystäs;ei;Helppo, 4 seinää;Pohjamaalaus, 4 seinää;kyllä;Lievä rinne;Keskitaso;218,13;108,68;105,77;6,61
1989;9358,28;7456,80;3505,18;1116,03;837,02;Panelointi;Umpiräystäs;kyllä;Helppo, 2 seinää;Pohjamaalaus, 4 seinää;kyllä;Haastava;Korkea;174,50;88,74;111,06;6,94
1990;9361,90;7459,68;3430,21;1218,77;914,08;Lomalaudoitus;Avoräystäs;kyllä;Helppo, 2 seinää;Pohjamaalaus, 2 seinää;kyllä;Lievä rinne;Korkea;218,13;98,89;108,68;6,79
1991;9363,31;7460,81;3490,53;1139,43;854,57;Rimalaudoitus;Avoräystäs;ei;Helppo, 4 seinää;Pohjamaalaus, 2 seinää;kyllä;Haastava;Korkea;187,59;87,92;110,59;6,91
1992;9365,33;7462,41;3408,81;1249,93;937,45;Lomalaudoitus;Avoräystäs;ei;Helppo, 4 seinää;Pohjamaalaus, 2 seinää;kyllä;Lievä rinne;Korkea;218,13;98,89;108,00;6,75
1993;9374,55;7469,76;3498,32;1137,66;853,25;Panelointi;Avoräystäs;ei;Vaikea, 2 seinää;Pohjamaalaus, 4 seinää;kyllä;Haastava;Korkea;174,50;91,05;110,84;6,93
1994;9374,69;7469,87;3513,30;1117,80;838,35;Rimalaudoitus;Umpiräystäs;ei;Vaikea, 4 seinää;Pohjamaalaus, 2 seinää;kyllä;Haastava;Korkea;187,59;85,61;111,31;6,96
1995;9388,35;7480,76;3445,44;1218,77;914,08;Lomalaudoitus;Avoräystäs;ei;Vaikea, 2 seinää;Pohjamaalaus, 2 seinää;kyllä;Haastava;Keskitaso;218,13;98,89;109,16;6,82
1996;9391,45;7483,23;3373,98;1316,44;987,33;Lomalaudoitus;Umpiräystäs;ei;Vaikea, 4 seinää;Pohjamaalaus, 4 seinää;kyllä;Tasainen;Korkea;218,13;106,37;106,90;6,68
1997;9391,45;7483,23;3373,98;1316,44;987,33;Lomalaudoitus;Umpiräystäs;ei;Vaikea, 4 seinää;Pohjamaalaus, 4 seinää;kyllä;Lievä rinne;Keskitaso;218,13;106,37;106,90;6,68
1998;9394,08;7485,32;3487,71;1166,81;875,10;Rimalaudoitus;Umpiräystäs;ei;Helppo, 2 seinää;Pohjamaalaus, 4 seinää;kyllä;Haastava;Korkea;187,59;94,03;110,50;6,91
1999;9398,43;7488,79;3470,12;1193,60;895,20;Rimalaudoitus;Umpiräystäs;kyllä;Helppo, 4 seinää;Pohjamaalaus, 4 seinää;kyllä;Haastava;Keskitaso;187,59;94,03;109,94;6,87
2000;9405,04;7494,06;3447,91;1228,30;921,22;Lomalaudoitus;Umpiräystäs;ei;Vaikea, 4 seinää;Pohjamaalaus, 2 seinää;kyllä;Lievä rinne;Korkea;218,13;96,58;109,24;6,83
2001;9411,92;7499,54;3461,68;1215,23;911,43;Rimalaudoitus;Avoräystäs;kyllä;Helppo, 4 seinää;Pohjamaalaus, 4 seinää;kyllä;Lievä rinne;Korkea;187,59;96,34;109,68;6,85
2002;9418,54;7504,81;3481,72;1193,60;895,20;Rimalaudoitus;Umpiräystäs;kyllä;Vaikea, 4 seinää;Pohjamaalaus, 4 seinää;kyllä;Lievä rinne;Korkea;187,59;94,03;110,31;6,89
2003;9425,19;7510,11;3393,43;1316,44;987,33;Lomalaudoitus;Umpiräystäs;kyllä;Helppo, 4 seinää;Pohjamaalaus, 4 seinää;kyllä;Tasainen;Korkea;218,13;106,37;107,51;6,72
2004;9425,19;7510,11;3393,43;1316,44;987,33;Lomalaudoitus;Umpiräystäs;kyllä;Helppo, 4 seinää;Pohjamaalaus, 4 seinää;kyllä;Lievä rinne;Keskitaso;218,13;106,37;107,51;6,72
2005;9427,88;7512,25;3562,08;1093,63;820,22;Rimalaudoitus;Avoräystäs;kyllä;Vaikea, 4 seinää;Ei pohjamaalausta;kyllä;Haastava;Korkea;187,59;79,50;112,86;7,05
2006;9430,31;7514,19;3443,13;1254,12;940,59;Lomalaudoitus;Umpiräystäs;kyllä;Ei maalinpoistoa;Pohjamaalaus, 4 seinää;kyllä;Lievä rinne;Korkea;218,13;106,37;109,09;6,82
2007;9433,74;7516,92;3421,73;1285,28;963,96;Lomalaudoitus;Umpiräystäs;ei;Helppo, 2 seinää;Pohjamaalaus, 4 seinää;kyllä;Lievä rinne;Korkea;218,13;106,37;108,41;6,78
2008;9438,93;7521,06;3533,68;1140,01;855,01;Rimalaudoitus;Umpiräystäs;kyllä;Ei maalinpoistoa;Pohjamaalaus, 4 seinää;kyllä;Haastava;Korkea;187,59;94,03;111,96;7,00
2009;9442,12;7523,60;3469,31;1228,30;921,22;Lomalaudoitus;Umpiräystäs;kyllä;Helppo, 4 seinää;Pohjamaalaus, 2 seinää;kyllä;Lievä rinne;Korkea;218,13;96,58;109,92;6,87
2010;9447,22;7527,66;3536,50;1142,63;856,98;Rimalaudoitus;Avoräystäs;kyllä;Helppo, 2 seinää;Pohjamaalaus, 2 seinää;kyllä;Haastava;Korkea;187,59;87,92;112,05;7,00
2011;9457,70;7536,02;3527,59;1162,59;871,94;Panelointi;Avoräystäs;kyllä;Vaikea, 4 seinää;Pohjamaalaus, 4 seinää;kyllä;Haastava;Keskitaso;174,50;91,05;111,77;6,99
2012;9458,42;7536,59;3419,76;1306,91;980,18;Lomalaudoitus;Avoräystäs;kyllä;Vaikea, 2 seinää;Pohjamaalaus, 4 seinää;kyllä;Tasainen;Korkea;218,13;108,68;108,35;6,77
2013;9458,42;7536,59;3419,76;1306,91;980,18;Lomalaudoitus;Avoräystäs;kyllä;Vaikea, 2 seinää;Pohjamaalaus, 4 seinää;kyllä;Lievä rinne;Keskitaso;218,13;108,68;108,35;6,77
2014;9460,64;7538,36;3509,90;1188,44;891,33;Rimalaudoitus;Avoräystäs;kyllä;Vaikea, 2 seinää;Pohjamaalaus, 4 seinää;kyllä;Haastava;Keskitaso;187,59;96,34;111,20;6,95
2015;9468,53;7544,65;3507,94;1197,14;897,85;Lomalaudoitus;Umpiräystäs;kyllä;Vaikea, 2 seinää;Pohjamaalaus, 2 seinää;kyllä;Haastava;Keskitaso;218,13;96,58;111,14;6,95
2016;9479,89;7553,70;3498,28;1218,77;914,08;Lomalaudoitus;Avoräystäs;kyllä;Vaikea, 2 seinää;Pohjamaalaus, 2 seinää;kyllä;Lievä rinne;Korkea;218,13;98,89;110,84;6,93
2017;9486,12;7558,66;3561,71;1139,00;854,25;Lomalaudoitus;Umpiräystäs;kyllä;Vaikea, 2 seinää;Ei pohjamaalausta;kyllä;Haastava;Korkea;218,13;86,79;112,85;7,05
2018;9493,32;7564,40;3559,27;1147,80;860,85;Rimalaudoitus;Umpiräystäs;kyllä;Helppo, 4 seinää;Pohjamaalaus, 2 seinää;kyllä;Haastava;Korkea;187,59;85,61;112,77;7,05
2019;9504,49;7573,30;3567,06;1146,03;859,52;Panelointi;Umpiräystäs;kyllä;Vaikea, 2 seinää;Pohjamaalaus, 4 seinää;kyllä;Haastava;Korkea;174,50;88,74;113,02;7,06
2020;9527,66;7591,76;3528,58;1215,23;911,43;Rimalaudoitus;Avoräystäs;ei;Vaikea, 4 seinää;Pohjamaalaus, 4 seinää;kyllä;Haastava;Keskitaso;187,59;96,34;111,80;6,99
2021;9537,18;7599,35;3488,72;1275,75;956,81;Lomalaudoitus;Avoräystäs;ei;Ei maalinpoistoa;Pohjamaalaus, 4 seinää;kyllä;Haastava;Keskitaso;218,13;108,68;110,53;6,91
2022;9548,07;7608,03;3554,24;1196,81;897,60;Rimalaudoitus;Umpiräystäs;ei;Vaikea, 2 seinää;Pohjamaalaus, 4 seinää;kyllä;Haastava;Korkea;187,59;94,03;112,61;7,04
2023;9548,20;7608,13;3573,69;1170,96;878,22;Panelointi;Umpiräystäs;ei;Vaikea, 4 seinää;Pohjamaalaus, 4 seinää;kyllä;Haastava;Korkea;174,50;88,74;113,23;7,08
2024;9550,43;7609,91;3515,76;1249,93;937,45;Lomalaudoitus;Avoräystäs;ei;Helppo, 4 seinää;Pohjamaalaus, 2 seinää;kyllä;Haastava;Keskitaso;218,13;98,89;111,39;6,96
2025;9551,38;7610,67;3489,80;1285,28;963,96;Lomalaudoitus;Umpiräystäs;ei;Vaikea, 2 seinää;Pohjamaalaus, 4 seinää;kyllä;Lievä rinne;Korkea;218,13;106,37;110,57;6,91
2026;9551,41;7610,68;3540,57;1217,61;913,21;Lomalaudoitus;Avoräystäs;ei;Ei maalinpoistoa;Pohjamaalaus, 2 seinää;kyllä;Haastava;Korkea;218,13;98,89;112,18;7,01
2027;9552,91;7611,88;3560,20;1192,59;894,44;Panelointi;Avoräystäs;ei;Helppo, 4 seinää;Pohjamaalaus, 4 seinää;kyllä;Haastava;Korkea;174,50;91,05;112,80;7,05
2028;9559,99;7617,52;3564,91;1191,79;893,84;Lomalaudoitus;Avoräystäs;kyllä;Vaikea, 4 seinää;Ei pohjamaalausta;kyllä;Haastava;Keskitaso;218,13;89,10;112,95;7,06
2029;9562,13;7619,23;3603,02;1142,63;856,98;Rimalaudoitus;Avoräystäs;kyllä;Vaikea, 2 seinää;Pohjamaalaus, 2 seinää;kyllä;Haastava;Korkea;187,59;87,92;114,16;7,13
2030;9569,31;7624,95;3570,32;1191,79;893,84;Lomalaudoitus;Avoräystäs;ei;Helppo, 4 seinää;Ei pohjamaalausta;kyllä;Haastava;Korkea;218,13;89,10;113,12;7,07
2031;9570,93;7626,24;3594,63;1160,63;870,47;Lomalaudoitus;Avoräystäs;kyllä;Helppo, 2 seinää;Ei pohjamaalausta;kyllä;Haastava;Korkea;218,13;89,10;113,89;7,12
2032;9572,04;7627,13;3462,20;1338,07;1003,55;Lomalaudoitus;Avoräystäs;ei;Vaikea, 4 seinää;Pohjamaalaus, 4 seinää;kyllä;Tasainen;Korkea;218,13;108,68;109,69;6,86
2033;9572,04;7627,13;3462,20;1338,07;1003,55;Lomalaudoitus;Avoräystäs;ei;Vaikea, 4 seinää;Pohjamaalaus, 4 seinää;kyllä;Lievä rinne;Keskitaso;218,13;108,68;109,69;6,86
2034;9587,01;7639,06;3537,87;1248,77;936,58;Lomalaudoitus;Avoräystäs;kyllä;Helppo, 2 seinää;Pohjamaalaus, 2 seinää;kyllä;Haastava;Keskitaso;218,13;98,89;112,09;7,01
2035;9597,99;7647,80;3639,26;1122,08;841,56;Panelointi;Avoräystäs;kyllä;Vaikea, 4 seinää;Pohjamaalaus, 2 seinää;kyllä;Haastava;Korkea;174,50;83,22;115,30;7,21
2036;9605,53;7653,81;3481,65;1338,07;1003,55;Lomalaudoitus;Avoräystäs;kyllä;Helppo, 4 seinää;Pohjamaalaus, 4 seinää;kyllä;Tasainen;Korkea;218,13;108,68;110,31;6,89
2037;9605,53;7653,81;3481,65;1338,07;1003,55;Lomalaudoitus;Avoräystäs;kyllä;Helppo, 4 seinää;Pohjamaalaus, 4 seinää;kyllä;Lievä rinne;Keskitaso;218,13;108,68;110,31;6,89
2038;9615,85;7662,04;3615,46;1167,66;875,75;Panelointi;Avoräystäs;kyllä;Helppo, 2 seinää;Pohjamaalaus, 4 seinää;kyllä;Haastava;Korkea;174,50;91,05;114,55;7,16
2039;9617,86;7663,63;3614,75;1170,16;877,62;Lomalaudoitus;Umpiräystäs;ei;Vaikea, 4 seinää;Ei pohjamaalausta;kyllä;Haastava;Korkea;218,13;86,79;114,53;7,16
2040;9619,06;7664,59;3529,11;1285,28;963,96;Lomalaudoitus;Umpiräystäs;ei;Helppo, 2 seinää;Pohjamaalaus, 4 seinää;kyllä;Haastava;Keskitaso;218,13;106,37;111,81;6,99
2041;9629,18;7672,65;3518,77;1306,91;980,18;Lomalaudoitus;Avoräystäs;ei;Helppo, 2 seinää;Pohjamaalaus, 4 seinää;kyllä;Lievä rinne;Korkea;218,13;108,68;111,49;6,97
2042;9630,77;7673,92;3556,15;1258,30;943,72;Lomalaudoitus;Umpiräystäs;ei;Vaikea, 4 seinää;Pohjamaalaus, 2 seinää;kyllä;Haastava;Keskitaso;218,13;96,58;112,67;7,04
2043;9632,09;7674,97;3623,57;1169,43;877,07;Rimalaudoitus;Avoräystäs;ei;Vaikea, 4 seinää;Pohjamaalaus, 2 seinää;kyllä;Haastava;Korkea;187,59;87,92;114,81;7,18
2044;9638,37;7679,97;3570,38;1245,23;933,93;Rimalaudoitus;Avoräystäs;kyllä;Helppo, 4 seinää;Pohjamaalaus, 4 seinää;kyllä;Haastava;Keskitaso;187,59;96,34;113,12;7,07
2045;9638,74;7680,27;3517,19;1316,44;987,33;Lomalaudoitus;Umpiräystäs;kyllä;Vaikea, 4 seinää;Pohjamaalaus, 4 seinää;kyllä;Tasainen;Korkea;218,13;106,37;111,44;6,96
2046;9638,74;7680,27;3517,19;1316,44;987,33;Lomalaudoitus;Umpiräystäs;kyllä;Vaikea, 4 seinää;Pohjamaalaus, 4 seinää;kyllä;Lievä rinne;Keskitaso;218,13;106,37;111,44;6,96
2047;9639,40;7680,80;3544,95;1279,93;959,95;Lomalaudoitus;Avoräystäs;ei;Vaikea, 4 seinää;Pohjamaalaus, 2 seinää;kyllä;Lievä rinne;Korkea;218,13;98,89;112,32;7,02
2048;9640,17;7681,41;3585,00;1227,14;920,35;Lomalaudoitus;Umpiräystäs;ei;Helppo, 2 seinää;Pohjamaalaus, 2 seinää;kyllä;Haastava;Korkea;218,13;96,58;113,58;7,10
2049;9641,79;7682,70;3609,31;1195,98;896,98;Lomalaudoitus;Umpiräystäs;kyllä;Ei maalinpoistoa;Pohjamaalaus, 2 seinää;kyllä;Haastava;Korkea;218,13;96,58;114,35;7,15
2050;9643,29;7683,90;3628,95;1170,96;878,22;Panelointi;Umpiräystäs;kyllä;Helppo, 4 seinää;Pohjamaalaus, 4 seinää;kyllä;Haastava;Korkea;174,50;88,74;114,98;7,19
2051;9646,06;7686,10;3591,08;1223,60;917,70;Rimalaudoitus;Umpiräystäs;kyllä;Vaikea, 4 seinää;Pohjamaalaus, 4 seinää;kyllä;Haastava;Keskitaso;187,59;94,03;113,78;7,11
2052;9651,27;7690,26;3597,99;1218,44;913,83;Rimalaudoitus;Avoräystäs;ei;Helppo, 2 seinää;Pohjamaalaus, 4 seinää;kyllä;Haastava;Korkea;187,59;96,34;114,00;7,12
2053;9652,77;7691,45;3578,76;1245,23;933,93;Rimalaudoitus;Avoräystäs;kyllä;Vaikea, 4 seinää;Pohjamaalaus, 4 seinää;kyllä;Lievä rinne;Korkea;187,59;96,34;113,39;7,09
2054;9655,54;7693,66;3551,21;1284,12;963,09;Lomalaudoitus;Umpiräystäs;kyllä;Ei maalinpoistoa;Pohjamaalaus, 4 seinää;kyllä;Haastava;Keskitaso;218,13;106,37;112,51;7,03
2055;9659,63;7696,91;3639,06;1170,16;877,62;Lomalaudoitus;Umpiräystäs;kyllä;Helppo, 4 seinää;Ei pohjamaalausta;kyllä;Haastava;Korkea;218,13;86,79;115,30;7,21
2056;9664,43;7700,74;3540,17;1305,75;979,31;Lomalaudoitus;Avoräystäs;kyllä;Ei maalinpoistoa;Pohjamaalaus, 4 seinää;kyllä;Lievä rinne;Korkea;218,13;108,68;112,16;7,01
2057;9668,72;7704,16;3578,26;1258,30;943,72;Lomalaudoitus;Umpiräystäs;kyllä;Helppo, 4 seinää;Pohjamaalaus, 2 seinää;kyllä;Haastava;Keskitaso;218,13;96,58;113,37;7,09
2058;9676,13;7710,06;3566,35;1279,93;959,95;Lomalaudoitus;Avoräystäs;kyllä;Helppo, 4 seinää;Pohjamaalaus, 2 seinää;kyllä;Lievä rinne;Korkea;218,13;98,89;112,99;7,06
2059;9695,66;7725,62;3643,96;1191,64;893,73;Rimalaudoitus;Avoräystäs;kyllä;Ei maalinpoistoa;Pohjamaalaus, 4 seinää;kyllä;Haastava;Korkea;187,59;96,34;115,45;7,22
2060;9696,99;7726,68;3620,76;1223,60;917,70;Rimalaudoitus;Umpiräystäs;ei;Helppo, 4 seinää;Pohjamaalaus, 4 seinää;kyllä;Haastava;Korkea;187,59;94,03;114,72;7,17
2061;9703,83;7732,13;3671,98;1160,63;870,47;Lomalaudoitus;Avoräystäs;kyllä;Vaikea, 2 seinää;Ei pohjamaalausta;kyllä;Haastava;Korkea;218,13;89,10;116,34;7,27
2062;9707,78;7735,28;3608,19;1248,77;936,58;Lomalaudoitus;Avoräystäs;kyllä;Vaikea, 2 seinää;Pohjamaalaus, 2 seinää;kyllä;Haastava;Keskitaso;218,13;98,89;114,32;7,14
2063;9710,96;7737,82;3669,54;1169,43;877,07;Rimalaudoitus;Avoräystäs;kyllä;Helppo, 4 seinää;Pohjamaalaus, 2 seinää;kyllä;Haastava;Korkea;187,59;87,92;116,26;7,27
2064;9715,34;7741,30;3605,45;1258,30;943,72;Lomalaudoitus;Umpiräystäs;kyllä;Vaikea, 4 seinää;Pohjamaalaus, 2 seinää;kyllä;Lievä rinne;Korkea;218,13;96,58;114,23;7,14
2065;9722,04;7746,64;3677,34;1167,66;875,75;Panelointi;Avoräystäs;kyllä;Vaikea, 2 seinää;Pohjamaalaus, 4 seinää;kyllä;Haastava;Korkea;174,50;91,05;116,51;7,28
2066;9722,18;7746,76;3692,32;1147,80;860,85;Rimalaudoitus;Umpiräystäs;kyllä;Vaikea, 4 seinää;Pohjamaalaus, 2 seinää;kyllä;Haastava;Korkea;187,59;85,61;116,98;7,31
2067;9741,29;7761,98;3666,73;1196,81;897,60;Rimalaudoitus;Umpiräystäs;kyllä;Helppo, 2 seinää;Pohjamaalaus, 4 seinää;kyllä;Haastava;Korkea;187,59;94,03;116,17;7,26
2068;9743,67;7763,88;3579,27;1315,28;986,46;Lomalaudoitus;Umpiräystäs;kyllä;Helppo, 2 seinää;Pohjamaalaus, 4 seinää;kyllä;Lievä rinne;Korkea;218,13;106,37;113,40;7,09
2069;9747,05;7766,57;3557,87;1346,44;1009,83;Lomalaudoitus;Umpiräystäs;ei;Helppo, 4 seinää;Pohjamaalaus, 4 seinää;kyllä;Lievä rinne;Korkea;218,13;106,37;112,72;7,05
2070;9765,23;7781,06;3664,51;1218,44;913,83;Rimalaudoitus;Avoräystäs;ei;Vaikea, 2 seinää;Pohjamaalaus, 4 seinää;kyllä;Haastava;Korkea;187,59;96,34;116,10;7,26
2071;9765,36;7781,16;3683,97;1192,59;894,44;Panelointi;Avoräystäs;ei;Vaikea, 4 seinää;Pohjamaalaus, 4 seinää;kyllä;Haastava;Korkea;174,50;91,05;116,72;7,29
2072;9772,70;7787,01;3662,35;1227,14;920,35;Lomalaudoitus;Umpiräystäs;ei;Vaikea, 2 seinää;Pohjamaalaus, 2 seinää;kyllä;Haastava;Korkea;218,13;96,58;116,03;7,25
2073;9778,13;7791,34;3599,43;1315,28;986,46;Lomalaudoitus;Umpiräystäs;ei;Vaikea, 2 seinää;Pohjamaalaus, 4 seinää;kyllä;Haastava;Keskitaso;218,13;106,37;114,04;7,13
2074;9784,35;7796,29;3586,84;1336,91;1002,68;Lomalaudoitus;Avoräystäs;ei;Vaikea, 2 seinää;Pohjamaalaus, 4 seinää;kyllä;Lievä rinne;Korkea;218,13;108,68;113,64;7,10
2075;9830,12;7832,76;3656,40;1279,93;959,95;Lomalaudoitus;Avoräystäs;ei;Vaikea, 4 seinää;Pohjamaalaus, 2 seinää;kyllä;Haastava;Keskitaso;218,13;98,89;115,85;7,24
2076;9834,41;7836,18;3725,02;1191,79;893,84;Lomalaudoitus;Avoräystäs;ei;Vaikea, 4 seinää;Ei pohjamaalausta;kyllä;Haastava;Korkea;218,13;89,10;118,02;7,38
2077;9845,29;7844,85;3691,33;1245,23;933,93;Rimalaudoitus;Avoräystäs;kyllä;Vaikea, 4 seinää;Pohjamaalaus, 4 seinää;kyllä;Haastava;Keskitaso;187,59;96,34;116,95;7,31
2078;9854,69;7852,34;3651,46;1305,75;979,31;Lomalaudoitus;Avoräystäs;kyllä;Ei maalinpoistoa;Pohjamaalaus, 4 seinää;kyllä;Haastava;Keskitaso;218,13;108,68;115,69;7,23
2079;9854,83;7852,46;3733,25;1196,81;897,60;Rimalaudoitus;Umpiräystäs;kyllä;Vaikea, 2 seinää;Pohjamaalaus, 4 seinää;kyllä;Haastava;Korkea;187,59;94,03;118,28;7,39
2080;9854,96;7852,56;3752,71;1170,96;878,22;Panelointi;Umpiräystäs;kyllä;Vaikea, 4 seinää;Pohjamaalaus, 4 seinää;kyllä;Haastava;Korkea;174,50;88,74;118,90;7,43
2081;9855,86;7853,28;3605,41;1368,07;1026,05;Lomalaudoitus;Avoräystäs;kyllä;Vaikea, 4 seinää;Pohjamaalaus, 4 seinää;kyllä;Tasainen;Korkea;218,13;108,68;114,23;7,14
2082;9855,86;7853,28;3605,41;1368,07;1026,05;Lomalaudoitus;Avoräystäs;kyllä;Vaikea, 4 seinää;Pohjamaalaus, 4 seinää;kyllä;Lievä rinne;Keskitaso;218,13;108,68;114,23;7,14
2083;9856,52;7853,80;3695,27;1248,77;936,58;Lomalaudoitus;Avoräystäs;ei;Helppo, 2 seinää;Pohjamaalaus, 2 seinää;kyllä;Haastava;Korkea;218,13;98,89;117,08;7,32
2084;9856,85;7854,06;3629,36;1336,91;1002,68;Lomalaudoitus;Avoräystäs;ei;Helppo, 2 seinää;Pohjamaalaus, 4 seinää;kyllä;Haastava;Keskitaso;218,13;108,68;114,99;7,19
2085;9858,13;7855,08;3719,59;1217,61;913,21;Lomalaudoitus;Avoräystäs;kyllä;Ei maalinpoistoa;Pohjamaalaus, 2 seinää;kyllä;Haastava;Korkea;218,13;98,89;117,85;7,37
2086;9859,61;7856,27;3739,22;1192,59;894,44;Panelointi;Avoräystäs;kyllä;Helppo, 4 seinää;Pohjamaalaus, 4 seinää;kyllä;Haastava;Korkea;174,50;91,05;118,47;7,40
2087;9859,84;7856,45;3647,34;1315,28;986,46;Lomalaudoitus;Umpiräystäs;kyllä;Vaikea, 2 seinää;Pohjamaalaus, 4 seinää;kyllä;Lievä rinne;Korkea;218,13;106,37;115,56;7,22
2088;9867,77;7862,76;3678,51;1279,93;959,95;Lomalaudoitus;Avoräystäs;kyllä;Helppo, 4 seinää;Pohjamaalaus, 2 seinää;kyllä;Haastava;Keskitaso;218,13;98,89;116,55;7,28
2089;9875,81;7869,17;3749,34;1191,79;893,84;Lomalaudoitus;Avoräystäs;kyllä;Helppo, 4 seinää;Ei pohjamaalausta;kyllä;Haastava;Korkea;218,13;89,10;118,79;7,42
2090;9908,55;7895,26;3702,49;1279,93;959,95;Lomalaudoitus;Avoräystäs;kyllä;Vaikea, 4 seinää;Pohjamaalaus, 2 seinää;kyllä;Lievä rinne;Korkea;218,13;98,89;117,31;7,33
2091;9908,87;7895,51;3718,90;1258,30;943,72;Lomalaudoitus;Umpiräystäs;kyllä;Vaikea, 4 seinää;Pohjamaalaus, 2 seinää;kyllä;Haastava;Keskitaso;218,13;96,58;117,83;7,36
2092;9912,84;7898,68;3731,03;1245,23;933,93;Rimalaudoitus;Avoräystäs;ei;Helppo, 4 seinää;Pohjamaalaus, 4 seinää;kyllä;Haastava;Korkea;187,59;96,34;118,21;7,39
2093;9923,76;7907,38;3793,77;1170,16;877,62;Lomalaudoitus;Umpiräystäs;kyllä;Vaikea, 4 seinää;Ei pohjamaalausta;kyllä;Haastava;Korkea;218,13;86,79;120,20;7,51
2094;9923,96;7907,54;3753,81;1223,60;917,70;Rimalaudoitus;Umpiräystäs;ei;Vaikea, 4 seinää;Pohjamaalaus, 4 seinää;kyllä;Haastava;Korkea;187,59;94,03;118,93;7,43
2095;9926,57;7909,61;3709,95;1284,12;963,09;Lomalaudoitus;Umpiräystäs;ei;Ei maalinpoistoa;Pohjamaalaus, 4 seinää;kyllä;Haastava;Korkea;218,13;106,37;117,54;7,35
2096;9935,51;7916,74;3691,85;1315,28;986,46;Lomalaudoitus;Umpiräystäs;kyllä;Helppo, 2 seinää;Pohjamaalaus, 4 seinää;kyllä;Haastava;Keskitaso;218,13;106,37;116,97;7,31
2097;9936,67;7917,66;3676,31;1336,91;1002,68;Lomalaudoitus;Avoräystäs;kyllä;Helppo, 2 seinää;Pohjamaalaus, 4 seinää;kyllä;Lievä rinne;Korkea;218,13;108,68;116,48;7,28
2098;9937,66;7918,46;3669,75;1346,44;1009,83;Lomalaudoitus;Umpiräystäs;ei;Helppo, 4 seinää;Pohjamaalaus, 4 seinää;kyllä;Haastava;Keskitaso;218,13;106,37;116,27;7,27
2099;9937,81;7918,58;3802,59;1169,43;877,07;Rimalaudoitus;Avoräystäs;kyllä;Vaikea, 4 seinää;Pohjamaalaus, 2 seinää;kyllä;Haastava;Korkea;187,59;87,92;120,48;7,53
2100;9940,02;7920,33;3654,92;1368,07;1026,05;Lomalaudoitus;Avoräystäs;ei;Helppo, 4 seinää;Pohjamaalaus, 4 seinää;kyllä;Lievä rinne;Korkea;218,13;108,68;115,80;7,24
2101;9944,20;7923,66;3739,70;1258,30;943,72;Lomalaudoitus;Umpiräystäs;ei;Helppo, 4 seinää;Pohjamaalaus, 2 seinää;kyllä;Haastava;Korkea;218,13;96,58;118,49;7,41
2102;9945,79;7924,94;3764,02;1227,14;920,35;Lomalaudoitus;Umpiräystäs;kyllä;Helppo, 2 seinää;Pohjamaalaus, 2 seinää;kyllä;Haastava;Korkea;218,13;96,58;119,26;7,45
2103;9956,76;7933,67;3777,01;1218,44;913,83;Rimalaudoitus;Avoräystäs;kyllä;Helppo, 2 seinää;Pohjamaalaus, 4 seinää;kyllä;Haastava;Korkea;187,59;96,34;119,67;7,48
2104;9976,30;7949,24;3699,68;1336,91;1002,68;Lomalaudoitus;Avoräystäs;ei;Vaikea, 2 seinää;Pohjamaalaus, 4 seinää;kyllä;Haastava;Keskitaso;218,13;108,68;117,22;7,33
2105;9978,81;7951,24;3694,01;1346,44;1009,83;Lomalaudoitus;Umpiräystäs;ei;Vaikea, 4 seinää;Pohjamaalaus, 4 seinää;kyllä;Lievä rinne;Korkea;218,13;106,37;117,04;7,31
2106;9987,89;7958,48;3772,63;1248,77;936,58;Lomalaudoitus;Avoräystäs;ei;Vaikea, 2 seinää;Pohjamaalaus, 2 seinää;kyllä;Haastava;Korkea;218,13;98,89;119,53;7,47
2107;10001,91;7969,65;3799,78;1223,60;917,70;Rimalaudoitus;Umpiräystäs;kyllä;Helppo, 4 seinää;Pohjamaalaus, 4 seinää;kyllä;Haastava;Korkea;187,59;94,03;120,39;7,52
2108;10015,04;7980,11;3715,41;1346,44;1009,83;Lomalaudoitus;Umpiräystäs;kyllä;Helppo, 4 seinää;Pohjamaalaus, 4 seinää;kyllä;Lievä rinne;Korkea;218,13;106,37;117,72;7,36
2109;10051,93;8009,51;3744,38;1336,91;1002,68;Lomalaudoitus;Avoräystäs;kyllä;Vaikea, 2 seinää;Pohjamaalaus, 4 seinää;kyllä;Lievä rinne;Korkea;218,13;108,68;118,63;7,41
2110;10054,59;8011,62;3762,17;1315,28;986,46;Lomalaudoitus;Umpiräystäs;kyllä;Vaikea, 2 seinää;Pohjamaalaus, 4 seinää;kyllä;Haastava;Keskitaso;218,13;106,37;119,20;7,45
2111;10069,32;8023,36;3843,53;1218,44;913,83;Rimalaudoitus;Avoräystäs;kyllä;Vaikea, 2 seinää;Pohjamaalaus, 4 seinää;kyllä;Haastava;Korkea;187,59;96,34;121,78;7,61
2112;10069,44;8023,46;3862,99;1192,59;894,44;Panelointi;Avoräystäs;kyllä;Vaikea, 4 seinää;Pohjamaalaus, 4 seinää;kyllä;Haastava;Korkea;174,50;91,05;122,39;7,65
2113;10076,69;8029,24;3841,37;1227,14;920,35;Lomalaudoitus;Umpiräystäs;kyllä;Vaikea, 2 seinää;Pohjamaalaus, 2 seinää;kyllä;Haastava;Korkea;218,13;96,58;121,71;7,61
2114;10105,99;8052,58;3819,15;1279,93;959,95;Lomalaudoitus;Avoräystäs;kyllä;Vaikea, 4 seinää;Pohjamaalaus, 2 seinää;kyllä;Haastava;Keskitaso;218,13;98,89;121,00;7,56
2115;10132,43;8073,65;3792,10;1336,91;1002,68;Lomalaudoitus;Avoräystäs;kyllä;Helppo, 2 seinää;Pohjamaalaus, 4 seinää;kyllä;Haastava;Keskitaso;218,13;108,68;120,15;7,51
2116;10134,56;8075,35;3770,00;1368,07;1026,05;Lomalaudoitus;Avoräystäs;ei;Helppo, 4 seinää;Pohjamaalaus, 4 seinää;kyllä;Haastava;Keskitaso;218,13;108,68;119,45;7,47
2117;10137,65;8077,81;3904,04;1191,79;893,84;Lomalaudoitus;Avoräystäs;kyllä;Vaikea, 4 seinää;Ei pohjamaalausta;kyllä;Haastava;Korkea;218,13;89,10;123,69;7,73
2118;10137,85;8077,97;3864,08;1245,23;933,93;Rimalaudoitus;Avoräystäs;ei;Vaikea, 4 seinää;Pohjamaalaus, 4 seinää;kyllä;Haastava;Korkea;187,59;96,34;122,43;7,65
2119;10140,43;8080,03;3820,23;1305,75;979,31;Lomalaudoitus;Avoräystäs;ei;Ei maalinpoistoa;Pohjamaalaus, 4 seinää;kyllä;Haastava;Korkea;218,13;108,68;121,04;7,56
2120;10157,91;8093,95;3849,98;1279,93;959,95;Lomalaudoitus;Avoräystäs;ei;Helppo, 4 seinää;Pohjamaalaus, 2 seinää;kyllä;Haastava;Korkea;218,13;98,89;121,98;7,62
2121;10159,50;8095,22;3874,29;1248,77;936,58;Lomalaudoitus;Avoräystäs;kyllä;Helppo, 2 seinää;Pohjamaalaus, 2 seinää;kyllä;Haastava;Korkea;218,13;98,89;122,75;7,67
2122;10169,99;8103,58;3791,06;1368,07;1026,05;Lomalaudoitus;Avoräystäs;ei;Vaikea, 4 seinää;Pohjamaalaus, 4 seinää;kyllä;Lievä rinne;Korkea;218,13;108,68;120,11;7,51
2123;10175,22;8107,75;3810,39;1346,44;1009,83;Lomalaudoitus;Umpiräystäs;ei;Vaikea, 4 seinää;Pohjamaalaus, 4 seinää;kyllä;Haastava;Keskitaso;218,13;106,37;120,73;7,55
2124;10205,32;8131,73;3894,41;1258,30;943,72;Lomalaudoitus;Umpiräystäs;ei;Vaikea, 4 seinää;Pohjamaalaus, 2 seinää;kyllä;Haastava;Korkea;218,13;96,58;123,39;7,71
2125;10205,94;8132,22;3812,45;1368,07;1026,05;Lomalaudoitus;Avoräystäs;kyllä;Helppo, 4 seinää;Pohjamaalaus, 4 seinää;kyllä;Lievä rinne;Korkea;218,13;108,68;120,79;7,55
2126;10212,35;8137,33;3832,49;1346,44;1009,83;Lomalaudoitus;Umpiräystäs;kyllä;Helppo, 4 seinää;Pohjamaalaus, 4 seinää;kyllä;Haastava;Keskitaso;218,13;106,37;121,43;7,59
2127;10215,13;8139,55;3910,05;1245,23;933,93;Rimalaudoitus;Avoräystäs;kyllä;Helppo, 4 seinää;Pohjamaalaus, 4 seinää;kyllä;Haastava;Korkea;187,59;96,34;123,88;7,74
2128;10226,12;8148,30;3932,83;1223,60;917,70;Rimalaudoitus;Umpiräystäs;kyllä;Vaikea, 4 seinää;Pohjamaalaus, 4 seinää;kyllä;Haastava;Korkea;187,59;94,03;124,60;7,79
2129;10227,11;8149,09;3864,66;1315,28;986,46;Lomalaudoitus;Umpiräystäs;ei;Helppo, 2 seinää;Pohjamaalaus, 4 seinää;kyllä;Haastava;Korkea;218,13;106,37;122,44;7,65
2130;10228,69;8150,35;3888,97;1284,12;963,09;Lomalaudoitus;Umpiräystäs;kyllä;Ei maalinpoistoa;Pohjamaalaus, 4 seinää;kyllä;Haastava;Korkea;218,13;106,37;123,21;7,70
2131;10244,32;8162,81;3851,55;1346,44;1009,83;Lomalaudoitus;Umpiräystäs;kyllä;Vaikea, 4 seinää;Pohjamaalaus, 4 seinää;kyllä;Lievä rinne;Korkea;218,13;106,37;122,03;7,63
2132;10246,11;8164,23;3918,72;1258,30;943,72;Lomalaudoitus;Umpiräystäs;kyllä;Helppo, 4 seinää;Pohjamaalaus, 2 seinää;kyllä;Haastava;Korkea;218,13;96,58;124,16;7,76
2133;10250,56;8167,78;3862,42;1336,91;1002,68;Lomalaudoitus;Avoräystäs;kyllä;Vaikea, 2 seinää;Pohjamaalaus, 4 seinää;kyllä;Haastava;Keskitaso;218,13;108,68;122,37;7,65
2134;10289,28;8198,63;3951,65;1248,77;936,58;Lomalaudoitus;Avoräystäs;kyllä;Vaikea, 2 seinää;Pohjamaalaus, 2 seinää;kyllä;Haastava;Korkea;218,13;98,89;125,20;7,83
2135;10356,54;8252,23;3942,01;1315,28;986,46;Lomalaudoitus;Umpiräystäs;ei;Vaikea, 2 seinää;Pohjamaalaus, 4 seinää;kyllä;Haastava;Korkea;218,13;106,37;124,90;7,81
2136;10370,26;8263,16;3910,64;1368,07;1026,05;Lomalaudoitus;Avoräystäs;ei;Vaikea, 4 seinää;Pohjamaalaus, 4 seinää;kyllä;Haastava;Keskitaso;218,13;108,68;123,90;7,74
2137;10407,11;8292,51;3932,74;1368,07;1026,05;Lomalaudoitus;Avoräystäs;kyllä;Helppo, 4 seinää;Pohjamaalaus, 4 seinää;kyllä;Haastava;Keskitaso;218,13;108,68;124,60;7,79
2138;10416,82;8300,26;4004,69;1279,93;959,95;Lomalaudoitus;Avoräystäs;ei;Vaikea, 4 seinää;Pohjamaalaus, 2 seinää;kyllä;Haastava;Korkea;218,13;98,89;126,88;7,93
2139;10433,49;8313,54;3948,59;1368,07;1026,05;Lomalaudoitus;Avoräystäs;kyllä;Vaikea, 4 seinää;Pohjamaalaus, 4 seinää;kyllä;Lievä rinne;Korkea;218,13;108,68;125,10;7,82
2140;10438,43;8317,48;3974,93;1336,91;1002,68;Lomalaudoitus;Avoräystäs;ei;Helppo, 2 seinää;Pohjamaalaus, 4 seinää;kyllä;Haastava;Korkea;218,13;108,68;125,94;7,87
2141;10440,00;8318,73;3999,25;1305,75;979,31;Lomalaudoitus;Avoräystäs;kyllä;Ei maalinpoistoa;Pohjamaalaus, 4 seinää;kyllä;Haastava;Korkea;218,13;108,68;126,71;7,92
2142;10447,33;8324,57;3973,14;1346,44;1009,83;Lomalaudoitus;Umpiräystäs;kyllä;Vaikea, 4 seinää;Pohjamaalaus, 4 seinää;kyllä;Haastava;Keskitaso;218,13;106,37;125,88;7,87
2143;10457,27;8332,49;4029,00;1279,93;959,95;Lomalaudoitus;Avoräystäs;kyllä;Helppo, 4 seinää;Pohjamaalaus, 2 seinää;kyllä;Haastava;Korkea;218,13;98,89;127,65;7,98
2144;10474,85;8346,50;4043,10;1275,23;956,43;Rimalaudoitus;Avoräystäs;kyllä;Vaikea, 4 seinää;Pohjamaalaus, 4 seinää;kyllä;Haastava;Korkea;187,59;96,34;128,10;8,01
2145;10524,09;8385,73;4019,37;1346,44;1009,83;Lomalaudoitus;Umpiräystäs;ei;Helppo, 4 seinää;Pohjamaalaus, 4 seinää;kyllä;Haastava;Korkea;218,13;106,37;127,35;7,96
2146;10541,43;8399,54;4073,43;1288,30;966,22;Lomalaudoitus;Umpiräystäs;kyllä;Vaikea, 4 seinää;Pohjamaalaus, 2 seinää;kyllä;Haastava;Korkea;218,13;96,58;129,06;8,07
2147;10562,93;8416,68;4043,68;1345,28;1008,96;Lomalaudoitus;Umpiräystäs;kyllä;Helppo, 2 seinää;Pohjamaalaus, 4 seinää;kyllä;Haastava;Korkea;218,13;106,37;128,12;8,01
2148;10604,00;8449,40;4052,29;1366,91;1025,18;Lomalaudoitus;Avoräystäs;ei;Vaikea, 2 seinää;Pohjamaalaus, 4 seinää;kyllä;Haastava;Korkea;218,13;108,68;128,39;8,02
2149;10677,39;8507,88;4073,39;1398,07;1048,55;Lomalaudoitus;Avoräystäs;kyllä;Vaikea, 4 seinää;Pohjamaalaus, 4 seinää;kyllä;Haastava;Keskitaso;218,13;108,68;129,06;8,07
2150;10690,66;8518,45;4121,03;1345,28;1008,96;Lomalaudoitus;Umpiräystäs;kyllä;Vaikea, 2 seinää;Pohjamaalaus, 4 seinää;kyllä;Haastava;Korkea;218,13;106,37;130,57;8,16
2151;10750,15;8565,86;4183,70;1309,93;982,45;Lomalaudoitus;Avoräystäs;kyllä;Vaikea, 4 seinää;Pohjamaalaus, 2 seinää;kyllä;Haastava;Korkea;218,13;98,89;132,55;8,28
2152;10769,93;8581,62;4129,64;1398,07;1048,55;Lomalaudoitus;Avoräystäs;ei;Helppo, 4 seinää;Pohjamaalaus, 4 seinää;kyllä;Haastava;Korkea;218,13;108,68;130,84;8,18
2153;10771,48;8582,85;4153,95;1366,91;1025,18;Lomalaudoitus;Avoräystäs;kyllä;Helppo, 2 seinää;Pohjamaalaus, 4 seinää;kyllä;Haastava;Korkea;218,13;108,68;131,61;8,23
2154;10816,20;8618,49;4174,07;1376,44;1032,33;Lomalaudoitus;Umpiräystäs;ei;Vaikea, 4 seinää;Pohjamaalaus, 4 seinää;kyllä;Haastava;Korkea;218,13;106,37;132,25;8,27
2155;10856,02;8650,22;4198,38;1376,44;1032,33;Lomalaudoitus;Umpiräystäs;kyllä;Helppo, 4 seinää;Pohjamaalaus, 4 seinää;kyllä;Haastava;Korkea;218,13;106,37;133,02;8,31
2156;10898,17;8683,80;4231,31;1366,91;1025,18;Lomalaudoitus;Avoräystäs;kyllä;Vaikea, 2 seinää;Pohjamaalaus, 4 seinää;kyllä;Haastava;Korkea;218,13;108,68;134,06;8,38
2157;11022,71;8783,03;4284,35;1398,07;1048,55;Lomalaudoitus;Avoräystäs;ei;Vaikea, 4 seinää;Pohjamaalaus, 4 seinää;kyllä;Haastava;Korkea;218,13;108,68;135,74;8,48
2158;11062,21;8814,51;4308,66;1398,07;1048,55;Lomalaudoitus;Avoräystäs;kyllä;Helppo, 4 seinää;Pohjamaalaus, 4 seinää;kyllä;Haastava;Korkea;218,13;108,68;136,51;8,53
2159;11107,96;8850,97;4353,09;1376,44;1032,33;Lomalaudoitus;Umpiräystäs;kyllä;Vaikea, 4 seinää;Pohjamaalaus, 4 seinää;kyllä;Haastava;Korkea;218,13;106,37;137,92;8,62
2160;11312,16;9013,67;4463,37;1398,07;1048,55;Lomalaudoitus;Avoräystäs;kyllä;Vaikea, 4 seinää;Pohjamaalaus, 4 seinää;kyllä;Haastava;Korkea;218,13;108,68;141,41;8,84
